R0,k,k_label,extinction_prob,establishment_n1
0.2,0.05,0.05,1.0,0.0
0.21453634085213033,0.05,0.05,1.0,0.0
0.22907268170426065,0.05,0.05,1.0,0.0
0.243609022556391,0.05,0.05,1.0,0.0
0.2581453634085213,0.05,0.05,1.0,0.0
0.27268170426065164,0.05,0.05,1.0,0.0
0.28721804511278193,0.05,0.05,1.0,0.0
0.3017543859649123,0.05,0.05,1.0,0.0
0.3162907268170426,0.05,0.05,1.0,0.0
0.3308270676691729,0.05,0.05,1.0,0.0
0.34536340852130326,0.05,0.05,1.0,0.0
0.3598997493734336,0.05,0.05,1.0,0.0
0.3744360902255639,0.05,0.05,1.0,0.0
0.3889724310776942,0.05,0.05,1.0,0.0
0.4035087719298246,0.05,0.05,1.0,0.0
0.4180451127819549,0.05,0.05,1.0,0.0
0.4325814536340852,0.05,0.05,1.0,0.0
0.4471177944862155,0.05,0.05,1.0,0.0
0.4616541353383459,0.05,0.05,1.0,0.0
0.47619047619047616,0.05,0.05,1.0,0.0
0.4907268170426065,0.05,0.05,1.0,0.0
0.5052631578947369,0.05,0.05,1.0,0.0
0.5197994987468672,0.05,0.05,1.0,0.0
0.5343358395989974,0.05,0.05,1.0,0.0
0.5488721804511278,0.05,0.05,1.0,0.0
0.5634085213032581,0.05,0.05,1.0,0.0
0.5779448621553884,0.05,0.05,1.0,0.0
0.5924812030075188,0.05,0.05,1.0,0.0
0.6070175438596491,0.05,0.05,1.0,0.0
0.6215538847117794,0.05,0.05,1.0,0.0
0.6360902255639098,0.05,0.05,1.0,0.0
0.65062656641604,0.05,0.05,1.0,0.0
0.6651629072681704,0.05,0.05,1.0,0.0
0.6796992481203008,0.05,0.05,1.0,0.0
0.694235588972431,0.05,0.05,1.0,0.0
0.7087719298245614,0.05,0.05,1.0,0.0
0.7233082706766918,0.05,0.05,1.0,0.0
0.737844611528822,0.05,0.05,1.0,0.0
0.7523809523809524,0.05,0.05,1.0,0.0
0.7669172932330828,0.05,0.05,1.0,0.0
0.781453634085213,0.05,0.05,1.0,0.0
0.7959899749373434,0.05,0.05,1.0,0.0
0.8105263157894735,0.05,0.05,1.0,0.0
0.8250626566416039,0.05,0.05,1.0,0.0
0.8395989974937343,0.05,0.05,1.0,0.0
0.8541353383458645,0.05,0.05,1.0,0.0
0.8686716791979949,0.05,0.05,1.0,0.0
0.8832080200501253,0.05,0.05,1.0,0.0
0.8977443609022555,0.05,0.05,1.0,0.0
0.9122807017543859,0.05,0.05,1.0,0.0
0.9268170426065163,0.05,0.05,1.0,0.0
0.9413533834586465,0.05,0.05,1.0,0.0
0.9558897243107769,0.05,0.05,1.0,0.0
0.9704260651629073,0.05,0.05,1.0,0.0
0.9849624060150375,0.05,0.05,1.0,0.0
0.9994987468671679,0.05,0.05,1.0,0.0
1.0140350877192983,0.05,0.05,0.9986762732612509,0.0013237267387491425
1.0285714285714285,0.05,0.05,0.9973319260124804,0.002668073987519559
1.0431077694235589,0.05,0.05,0.9960137491538881,0.003986250846111927
1.0576441102756893,0.05,0.05,0.9947208269662999,0.005279173033700069
1.0721804511278195,0.05,0.05,0.9934522891041302,0.006547710895869807
1.0867167919799499,0.05,0.05,0.9922073077180196,0.007792692281980429
1.10125313283208,0.05,0.05,0.9909850947981926,0.009014905201807366
1.1157894736842104,0.05,0.05,0.989784899718775,0.010215100281224965
1.1303258145363408,0.05,0.05,0.9886060069653286,0.011393993034671368
1.144862155388471,0.05,0.05,0.9874477340296477,0.012552265970352305
1.1593984962406014,0.05,0.05,0.986309429457435,0.01369057054256495
1.1739348370927318,0.05,0.05,0.9851904710358959,0.014809528964104146
1.188471177944862,0.05,0.05,0.9840902641095248,0.015909735890475174
1.2030075187969924,0.05,0.05,0.9830082400134947,0.01699175998650526
1.2175438596491226,0.05,0.05,0.981943854615045,0.018056145384955036
1.232080200501253,0.05,0.05,0.9808965869541624,0.019103413045837625
1.2466165413533834,0.05,0.05,0.9798659379756491,0.020134062024350863
1.2611528822055136,0.05,0.05,0.9788514293453909,0.021148570654609067
1.275689223057644,0.05,0.05,0.9778526023442797,0.02214739765572027
1.2902255639097744,0.05,0.05,0.9768690168338303,0.023130983166169683
1.3047619047619046,0.05,0.05,0.9759002502880489,0.024099749711951057
1.319298245614035,0.05,0.05,0.9749458968865845,0.025054103113415493
1.3338345864661654,0.05,0.05,0.9740055666646208,0.025994433335379208
1.3483709273182956,0.05,0.05,0.9730788847153469,0.02692111528465313
1.362907268170426,0.05,0.05,0.9721654904411998,0.02783450955880018
1.3774436090225564,0.05,0.05,0.9712650368503795,0.02873496314962054
1.3919799498746865,0.05,0.05,0.9703771898954296,0.029622810104570352
1.406516290726817,0.05,0.05,0.969501627850935,0.030498372149065034
1.4210526315789471,0.05,0.05,0.9686380407276218,0.03136195927237817
1.4355889724310775,0.05,0.05,0.9677861297203634,0.032213870279636625
1.450125313283208,0.05,0.05,0.9669456066877893,0.03305439331221072
1.464661654135338,0.05,0.05,0.9661161936613756,0.03388380633862442
1.4791979949874685,0.05,0.05,0.9652976223820566,0.03470237761794337
1.493734335839599,0.05,0.05,0.9644896338625444,0.03551036613745562
1.508270676691729,0.05,0.05,0.9636919779736843,0.03630802202631567
1.5228070175438595,0.05,0.05,0.9629044130532973,0.037095586946702674
1.53734335839599,0.05,0.05,0.9621267055360698,0.037873294463930174
1.55187969924812,0.05,0.05,0.9613586296031653,0.038641370396834684
1.5664160401002505,0.05,0.05,0.9605999668503198,0.039400033149680214
1.5809523809523809,0.05,0.05,0.9598505059732769,0.040149494026723076
1.595488721804511,0.05,0.05,0.9591100424694994,0.04088995753050062
1.6100250626566415,0.05,0.05,0.9583783783551634,0.041621621644836626
1.6245614035087719,0.05,0.05,0.9576553218965203,0.04234467810347975
1.639097744360902,0.05,0.05,0.9569406873547639,0.0430593126452361
1.6536340852130325,0.05,0.05,0.9562342947436082,0.043765705256391785
1.6681704260651626,0.05,0.05,0.9555359695988284,0.04446403040117164
1.682706766917293,0.05,0.05,0.9548455427590725,0.04515445724092748
1.6972431077694234,0.05,0.05,0.9541628501572954,0.045837149842704594
1.7117794486215536,0.05,0.05,0.9534877326222078,0.04651226737779224
1.726315789473684,0.05,0.05,0.9528200356891763,0.04717996431082372
1.7408521303258144,0.05,0.05,0.9521596094200451,0.04784039057995493
1.7553884711779446,0.05,0.05,0.9515063082313813,0.04849369176861873
1.769924812030075,0.05,0.05,0.9508599907306847,0.04914000926931528
1.7844611528822054,0.05,0.05,0.9502205195601241,0.0497794804398759
1.7989974937343356,0.05,0.05,0.9495877612473924,0.050412238752607585
1.813533834586466,0.05,0.05,0.9489615860633016,0.05103841393669839
1.8280701754385964,0.05,0.05,0.948341867885758,0.05165813211424197
1.8426065162907266,0.05,0.05,0.9477284840697782,0.052271515930221835
1.857142857142857,0.05,0.05,0.9471213153232345,0.052878684676765486
1.8716791979949874,0.05,0.05,0.9465202455880282,0.053479754411971836
1.8862155388471176,0.05,0.05,0.9459251619264137,0.05407483807358626
1.900751879699248,0.05,0.05,0.9453359544122106,0.05466404558778937
1.9152882205513784,0.05,0.05,0.9447525160266532,0.05524748397334678
1.9298245614035086,0.05,0.05,0.9441747425586493,0.055825257441350695
1.944360902255639,0.05,0.05,0.943602532509223,0.05639746749077701
1.9588972431077691,0.05,0.05,0.9430357869999384,0.0569642130000616
1.9734335839598995,0.05,0.05,0.9424744096851081,0.057525590314891906
1.98796992481203,0.05,0.05,0.9419183066675996,0.05808169333240043
2.0025062656641603,0.05,0.05,0.9413673864180692,0.05863261358193084
2.0170426065162905,0.05,0.05,0.9408215596974558,0.059178440302544155
2.031578947368421,0.05,0.05,0.9402807394825834,0.059719260517416606
2.0461152882205513,0.05,0.05,0.9397448408947191,0.0602551591052809
2.0606516290726815,0.05,0.05,0.9392137811309551,0.060786218869044895
2.075187969924812,0.05,0.05,0.938687479398278,0.06131252060172199
2.0897243107769423,0.05,0.05,0.9381658568502025,0.061834143149797516
2.1042606516290725,0.05,0.05,0.9376488365258537,0.062351163474146265
2.118796992481203,0.05,0.05,0.9371363432913842,0.06286365670861582
2.1333333333333333,0.05,0.05,0.9366283037836198,0.06337169621638017
2.1478696741854635,0.05,0.05,0.9361246463558379,0.06387535364416208
2.162406015037594,0.05,0.05,0.935625301025578,0.06437469897442205
2.1769423558897243,0.05,0.05,0.9351301994243972,0.06486980057560277
2.1914786967418545,0.05,0.05,0.9346392747494872,0.06536072525051284
2.206015037593985,0.05,0.05,0.9341524617170651,0.06584753828293488
2.2205513784461153,0.05,0.05,0.9336696965174685,0.06633030348253155
2.2350877192982455,0.05,0.05,0.9331909167718768,0.06680908322812318
2.249624060150376,0.05,0.05,0.9327160614905896,0.06728393850941039
2.2641604010025063,0.05,0.05,0.9322450710327983,0.0677549289672017
2.2786967418546364,0.05,0.05,0.9317778870677842,0.0682221129322158
2.293233082706767,0.05,0.05,0.9313144525374881,0.06868554746251188
2.3077694235588972,0.05,0.05,0.9308547116203891,0.06914528837961087
2.3223057644110274,0.05,0.05,0.9303986096966419,0.0696013903033581
2.336842105263158,0.05,0.05,0.9299460933144197,0.07005390668558031
2.3513784461152882,0.05,0.05,0.9294971101574141,0.0705028898425859
2.3659147869674184,0.05,0.05,0.9290516090134426,0.07094839098655736
2.380451127819549,0.05,0.05,0.9286095397441239,0.07139046025587614
2.394987468671679,0.05,0.05,0.9281708532555712,0.07182914674442875
2.4095238095238094,0.05,0.05,0.9277355014700719,0.07226449852992811
2.42406015037594,0.05,0.05,0.9273034372987043,0.07269656270129565
2.43859649122807,0.05,0.05,0.9268746146148645,0.07312538538513547
2.4531328320802004,0.05,0.05,0.9264489882286604,0.0735510117713396
2.467669172932331,0.05,0.05,0.9260265138621435,0.07397348613785648
2.482205513784461,0.05,0.05,0.9256071481253436,0.07439285187465638
2.4967418546365914,0.05,0.05,0.9251908484930773,0.07480915150692269
2.511278195488722,0.05,0.05,0.9247775732825003,0.07522242671749968
2.525814536340852,0.05,0.05,0.9243672816313742,0.07563271836862584
2.5403508771929824,0.05,0.05,0.9239599334770232,0.07604006652297679
2.554887218045113,0.05,0.05,0.9235554895359521,0.07644451046404788
2.569423558897243,0.05,0.05,0.9231539112841034,0.0768460887158966
2.5839598997493733,0.05,0.05,0.9227551609377278,0.0772448390622722
2.5984962406015035,0.05,0.05,0.9223592014348472,0.07764079856515282
2.613032581453634,0.05,0.05,0.9219659964172879,0.07803400358271206
2.6275689223057643,0.05,0.05,0.921575510213263,0.078424489786737
2.6421052631578945,0.05,0.05,0.9211877078204838,0.07881229217951624
2.656641604010025,0.05,0.05,0.9208025548897825,0.07919744511021753
2.6711779448621553,0.05,0.05,0.9204200177092268,0.07957998229077323
2.6857142857142855,0.05,0.05,0.9200400631887087,0.07995993681129132
2.700250626566416,0.05,0.05,0.9196626588449923,0.08033734115500768
2.7147869674185463,0.05,0.05,0.9192877727872029,0.08071222721279714
2.7293233082706765,0.05,0.05,0.918915373702742,0.08108462629725799
2.743859649122807,0.05,0.05,0.9185454308436147,0.08145456915638527
2.7583959899749373,0.05,0.05,0.9181779140131539,0.08182208598684615
2.7729323308270675,0.05,0.05,0.917812793553128,0.08218720644687205
2.787468671679198,0.05,0.05,0.9174500403312205,0.08254995966877954
2.8020050125313283,0.05,0.05,0.9170896257288652,0.08291037427113479
2.8165413533834585,0.05,0.05,0.9167315216294296,0.08326847837057039
2.831077694235589,0.05,0.05,0.916375700406731,0.083624299593269
2.8456140350877193,0.05,0.05,0.9160221349138757,0.08397786508612426
2.8601503759398494,0.05,0.05,0.9156707984724115,0.0843292015275885
2.87468671679198,0.05,0.05,0.9153216648617808,0.08467833513821921
2.8892230576441102,0.05,0.05,0.9149747083090667,0.08502529169093331
2.9037593984962404,0.05,0.05,0.9146299034790206,0.08537009652097938
2.918295739348371,0.05,0.05,0.9142872254643639,0.08571277453563608
2.9328320802005012,0.05,0.05,0.9139466497763529,0.08605335022364713
2.9473684210526314,0.05,0.05,0.9136081523356012,0.08639184766439878
2.961904761904762,0.05,0.05,0.9132717094631473,0.08672829053685271
2.976441102756892,0.05,0.05,0.9129372978717643,0.08706270212823575
2.9909774436090224,0.05,0.05,0.9126048946574998,0.08739510534250017
3.005513784461153,0.05,0.05,0.9122744772914422,0.08772552270855782
3.020050125313283,0.05,0.05,0.9119460236117021,0.08805397638829793
3.0345864661654134,0.05,0.05,0.9116195118156076,0.08838048818439237
3.049122807017544,0.05,0.05,0.9112949204521024,0.08870507954789764
3.063659147869674,0.05,0.05,0.9109722284143404,0.08902777158565955
3.0781954887218044,0.05,0.05,0.9106514149324756,0.08934858506752441
3.092731829573935,0.05,0.05,0.910332459566634,0.089667540433366
3.107268170426065,0.05,0.05,0.910015342200069,0.08998465779993103
3.1218045112781954,0.05,0.05,0.9097000430324895,0.09029995696751048
3.1363408521303255,0.05,0.05,0.909386542573559,0.090613457426441
3.150877192982456,0.05,0.05,0.9090748216365574,0.0909251783634426
3.1654135338345863,0.05,0.05,0.9087648613322037,0.09123513866779631
3.1799498746867165,0.05,0.05,0.9084566430626337,0.09154335693736626
3.194486215538847,0.05,0.05,0.9081501485155254,0.09184985148447455
3.2090225563909773,0.05,0.05,0.9078453596583735,0.09215464034162646
3.2235588972431075,0.05,0.05,0.9075422587329021,0.09245774126709794
3.238095238095238,0.05,0.05,0.9072408282496165,0.0927591717503835
3.2526315789473683,0.05,0.05,0.9069410509824893,0.09305894901751066
3.2671679197994985,0.05,0.05,0.9066429099637721,0.09335709003622794
3.281704260651629,0.05,0.05,0.9063463884789371,0.09365361152106289
3.2962406015037593,0.05,0.05,0.9060514700617384,0.09394852993826164
3.3107769423558895,0.05,0.05,0.9057581384893918,0.0942418615106082
3.32531328320802,0.05,0.05,0.905466377777872,0.09453362222212802
3.3398496240601503,0.05,0.05,0.9051761721773179,0.09482382782268206
3.3543859649122805,0.05,0.05,0.9048875061675512,0.0951124938324488
3.368922305764411,0.05,0.05,0.9046003644536964,0.0953996355463036
3.3834586466165413,0.05,0.05,0.9043147319619076,0.09568526803809241
3.3979949874686715,0.05,0.05,0.9040305938351914,0.09596940616480865
3.412531328320802,0.05,0.05,0.9037479354293296,0.09625206457067037
3.4270676691729323,0.05,0.05,0.9034667423088965,0.09653325769110355
3.4416040100250624,0.05,0.05,0.9031870002433646,0.09681299975663538
3.456140350877193,0.05,0.05,0.902908695203305,0.09709130479669503
3.4706766917293232,0.05,0.05,0.9026318133566693,0.09736818664333069
3.4852130325814534,0.05,0.05,0.9023563410651609,0.09764365893483906
3.499749373433584,0.05,0.05,0.9020822648806843,0.09791773511931567
3.5142857142857142,0.05,0.05,0.9018095715418781,0.09819042845812187
3.5288220551378444,0.05,0.05,0.9015382479707232,0.09846175202927676
3.543358395989975,0.05,0.05,0.9012682812692288,0.09873171873077125
3.557894736842105,0.05,0.05,0.9009996587161901,0.09900034128380986
3.5724310776942354,0.05,0.05,0.9007323677640215,0.09926763223597845
3.586967418546366,0.05,0.05,0.9004663960356547,0.0995336039643453
3.601503759398496,0.05,0.05,0.9002017313215098,0.09979826867849018
3.6160401002506264,0.05,0.05,0.8999383615765304,0.1000616384234696
3.630576441102757,0.05,0.05,0.8996762749172826,0.10032372508271736
3.645112781954887,0.05,0.05,0.8994154596191195,0.1005845403808805
3.6596491228070174,0.05,0.05,0.8991559041134045,0.10084409588659549
3.6741854636591476,0.05,0.05,0.8988975969847968,0.10110240301520323
3.688721804511278,0.05,0.05,0.8986405269685924,0.10135947303140758
3.7032581453634084,0.05,0.05,0.898384682948125,0.10161531705187499
3.7177944862155385,0.05,0.05,0.898130053952219,0.10186994604778099
3.732330827067669,0.05,0.05,0.8978766291526996,0.10212337084730039
3.7468671679197993,0.05,0.05,0.8976243978619529,0.10237560213804708
3.7614035087719295,0.05,0.05,0.8973733495305387,0.10262665046946129
3.77593984962406,0.05,0.05,0.8971234737448528,0.1028765262551472
3.7904761904761903,0.05,0.05,0.8968747602248388,0.10312523977516119
3.8050125313283205,0.05,0.05,0.8966271988217458,0.1033728011782542
3.819548872180451,0.05,0.05,0.896380779515934,0.10361922048406602
3.8340852130325813,0.05,0.05,0.8961354924147256,0.10386450758527443
3.8486215538847115,0.05,0.05,0.8958913277502978,0.10410867224970222
3.863157894736842,0.05,0.05,0.8956482758776221,0.10435172412237792
3.8776942355889723,0.05,0.05,0.895406327272442,0.10459367272755804
3.8922305764411025,0.05,0.05,0.895165472529295,0.10483452747070499
3.906766917293233,0.05,0.05,0.8949257023595723,0.10507429764042775
3.9213032581453633,0.05,0.05,0.894687007589618,0.10531299241038194
3.9358395989974935,0.05,0.05,0.8944493791588684,0.10555062084113165
3.950375939849624,0.05,0.05,0.8942128081180245,0.1057871918819755
3.9649122807017543,0.05,0.05,0.8939772856272652,0.1060227143727348
3.9794486215538845,0.05,0.05,0.8937428029544932,0.10625719704550685
3.993984962406015,0.05,0.05,0.8935093514736159,0.10649064852638412
4.008521303258145,0.05,0.05,0.8932769226628612,0.10672307733713882
4.023057644110275,0.05,0.05,0.8930455081031248,0.10695449189687523
4.037593984962406,0.05,0.05,0.8928150994763517,0.10718490052364826
4.052130325814536,0.05,0.05,0.8925856885639472,0.10741431143605285
4.066666666666666,0.05,0.05,0.8923572672452198,0.1076427327547802
4.081203007518797,0.05,0.05,0.8921298274958545,0.10787017250414555
4.095739348370927,0.05,0.05,0.8919033613864136,0.10809663861358643
4.110275689223057,0.05,0.05,0.8916778610808691,0.1083221389191309
4.124812030075188,0.05,0.05,0.8914533188351612,0.10854668116483879
4.139348370927318,0.05,0.05,0.8912297269957838,0.10877027300421616
4.153884711779448,0.05,0.05,0.8910070779983987,0.10899292200160127
4.168421052631579,0.05,0.05,0.8907853643664745,0.10921463563352551
4.182957393483709,0.05,0.05,0.890564578709951,0.10943542129004902
4.197493734335839,0.05,0.05,0.8903447137239311,0.10965528627606891
4.21203007518797,0.05,0.05,0.8901257621873926,0.10987423781260741
4.2265664160401,0.05,0.05,0.8899077169619289,0.11009228303807106
4.24110275689223,0.05,0.05,0.8896905709905099,0.11030942900949015
4.2556390977443606,0.05,0.05,0.8894743172962667,0.11052568270373331
4.270175438596491,0.05,0.05,0.889258948981299,0.11074105101870102
4.284711779448622,0.05,0.05,0.8890444592255036,0.11095554077449643
4.299248120300752,0.05,0.05,0.8888308412854258,0.11116915871457422
4.313784461152882,0.05,0.05,0.8886180884931303,0.11138191150686971
4.328320802005012,0.05,0.05,0.8884061942550927,0.11159380574490729
4.3428571428571425,0.05,0.05,0.888195152051112,0.11180484794888801
4.357393483709273,0.05,0.05,0.8879849554332426,0.11201504456675737
4.371929824561404,0.05,0.05,0.8877755980247442,0.11222440197525585
4.386466165413534,0.05,0.05,0.887567073519052,0.11243292648094805
4.401002506265664,0.05,0.05,0.8873593756787646,0.11264062432123545
4.415538847117794,0.05,0.05,0.8871524983346499,0.11284750166535007
4.4300751879699245,0.05,0.05,0.8869464353846697,0.11305356461533034
4.444611528822055,0.05,0.05,0.886741180793019,0.113258819206981
4.459147869674185,0.05,0.05,0.8865367285891852,0.1134632714108148
4.473684210526316,0.05,0.05,0.8863330728670218,0.11366692713297821
4.488220551378446,0.05,0.05,0.8861302077838389,0.11386979221616111
4.502756892230576,0.05,0.05,0.8859281275595103,0.11407187244048966
4.5172932330827065,0.05,0.05,0.8857268264755949,0.11427317352440514
4.531829573934837,0.05,0.05,0.8855262988744736,0.11447370112552635
4.546365914786967,0.05,0.05,0.8853265391585021,0.11467346084149788
4.560902255639098,0.05,0.05,0.8851275417891773,0.1148724582108227
4.575438596491228,0.05,0.05,0.884929301286318,0.11507069871368203
4.589974937343358,0.05,0.05,0.8847318122272596,0.1152681877727404
4.604511278195488,0.05,0.05,0.8845350692460641,0.11546493075393593
4.619047619047619,0.05,0.05,0.8843390670327405,0.11566093296725954
4.633583959899749,0.05,0.05,0.8841438003324811,0.11585619966751892
4.64812030075188,0.05,0.05,0.8839492639449096,0.11605073605509042
4.66265664160401,0.05,0.05,0.8837554527233418,0.11624454727665823
4.67719298245614,0.05,0.05,0.8835623615740584,0.11643763842594157
4.69172932330827,0.05,0.05,0.8833699854555916,0.11663001454440836
4.706265664160401,0.05,0.05,0.8831783193780212,0.11682168062197884
4.720802005012531,0.05,0.05,0.8829873584022832,0.11701264159771685
4.735338345864662,0.05,0.05,0.8827970976394919,0.11720290236050812
4.749874686716792,0.05,0.05,0.8826075322502704,0.11739246774972956
4.764411027568922,0.05,0.05,0.8824186574440926,0.11758134255590735
4.778947368421052,0.05,0.05,0.8822304684786382,0.11776953152136183
4.793483709273183,0.05,0.05,0.8820429606591549,0.11795703934084512
4.808020050125313,0.05,0.05,0.881856129337834,0.11814387066216603
4.822556390977444,0.05,0.05,0.881669969913194,0.11833003008680598
4.837092731829574,0.05,0.05,0.8814844778294761,0.11851552217052386
4.851629072681704,0.05,0.05,0.8812996485760474,0.11870035142395263
4.866165413533834,0.05,0.05,0.8811154776868144,0.11888452231318558
4.8807017543859645,0.05,0.05,0.8809319607396477,0.11906803926035225
4.895238095238095,0.05,0.05,0.8807490933558135,0.11925090664418647
4.909774436090226,0.05,0.05,0.8805668711994148,0.11943312880058521
4.924310776942356,0.05,0.05,0.8803852899768418,0.11961471002315816
4.938847117794486,0.05,0.05,0.8802043454362323,0.11979565456376773
4.953383458646616,0.05,0.05,0.8800240333669374,0.11997596663306265
4.9679197994987465,0.05,0.05,0.8798443495989985,0.12015565040100151
4.982456140350877,0.05,0.05,0.8796652900026316,0.1203347099973684
4.996992481203007,0.05,0.05,0.8794868504877198,0.1205131495122802
5.011528822055138,0.05,0.05,0.8793090270033121,0.12069097299668785
5.026065162907268,0.05,0.05,0.8791318155371337,0.12086818446286629
5.040601503759398,0.05,0.05,0.8789552121150994,0.12104478788490058
5.0551378446115285,0.05,0.05,0.8787792128008378,0.12122078719916218
5.069674185463659,0.05,0.05,0.8786038136952223,0.12139618630477766
5.084210526315789,0.05,0.05,0.8784290109359081,0.12157098906409192
5.09874686716792,0.05,0.05,0.8782548006968762,0.12174519930312377
5.11328320802005,0.05,0.05,0.8780811791879874,0.12191882081201255
5.12781954887218,0.05,0.05,0.8779081426545385,0.12209185734546146
5.1423558897243105,0.05,0.05,0.8777356873768294,0.12226431262317061
5.156892230576441,0.05,0.05,0.8775638096697338,0.1224361903302662
5.171428571428571,0.05,0.05,0.877392505882278,0.12260749411772198
5.185964912280702,0.05,0.05,0.8772217723972255,0.12277822760277446
5.200501253132832,0.05,0.05,0.8770516056306688,0.12294839436933125
5.215037593984962,0.05,0.05,0.876882002031625,0.12311799796837497
5.229573934837092,0.05,0.05,0.8767129580816395,0.12328704191836048
5.244110275689223,0.05,0.05,0.8765444702943959,0.12345552970560414
5.258646616541353,0.05,0.05,0.8763765352153292,0.12362346478467079
5.273182957393484,0.05,0.05,0.8762091494212478,0.12379085057875217
5.287719298245614,0.05,0.05,0.8760423095199585,0.12395769048004146
5.302255639097744,0.05,0.05,0.875876012149899,0.12412398785010104
5.316791979949874,0.05,0.05,0.8757102539797743,0.12428974602022569
5.331328320802005,0.05,0.05,0.8755450317081992,0.1244549682918008
5.345864661654135,0.05,0.05,0.8753803420633461,0.12461965793665386
5.360401002506266,0.05,0.05,0.8752161818025976,0.12478381819740236
5.374937343358396,0.05,0.05,0.8750525477122042,0.1249474522877958
5.389473684210526,0.05,0.05,0.8748894366069471,0.12511056339305293
5.404010025062656,0.05,0.05,0.8747268453298052,0.12527315467019484
5.4185463659147866,0.05,0.05,0.8745647707516282,0.1254352292483718
5.433082706766917,0.05,0.05,0.8744032097708141,0.1255967902291859
5.447619047619048,0.05,0.05,0.874242159312989,0.125757840687011
5.462155388471178,0.05,0.05,0.8740816163306953,0.12591838366930475
5.476691729323308,0.05,0.05,0.8739215778030813,0.12607842219691867
5.491228070175438,0.05,0.05,0.8737620407355968,0.12623795926440318
5.5057644110275685,0.05,0.05,0.8736030021596923,0.12639699784030767
5.520300751879699,0.05,0.05,0.8734444591325226,0.12655554086747745
5.534837092731829,0.05,0.05,0.8732864087366548,0.12671359126334525
5.54937343358396,0.05,0.05,0.8731288480797799,0.12687115192022014
5.56390977443609,0.05,0.05,0.8729717742944294,0.1270282257055706
5.57844611528822,0.05,0.05,0.872815184537695,0.12718481546230498
5.5929824561403505,0.05,0.05,0.8726590759909516,0.1273409240090484
5.607518796992481,0.05,0.05,0.8725034458595864,0.1274965541404136
5.622055137844611,0.05,0.05,0.8723482913727292,0.12765170862727082
5.636591478696742,0.05,0.05,0.8721936097829885,0.12780639021701146
5.651127819548872,0.05,0.05,0.8720393983661894,0.12796060163381062
5.665664160401002,0.05,0.05,0.8718856544211169,0.12811434557888313
5.6802005012531325,0.05,0.05,0.8717323752692605,0.1282676247307395
5.694736842105263,0.05,0.05,0.871579558254566,0.128420441745434
5.709273182957393,0.05,0.05,0.8714272007431854,0.12857279925681464
5.723809523809524,0.05,0.05,0.8712753001232354,0.1287246998767646
5.738345864661654,0.05,0.05,0.871123853804556,0.12887614619544396
5.752882205513784,0.05,0.05,0.8709728592184731,0.12902714078152688
5.7674185463659144,0.05,0.05,0.8708223138175648,0.1291776861824352
5.781954887218045,0.05,0.05,0.8706722150754307,0.1293277849245693
5.796491228070175,0.05,0.05,0.8705225604864635,0.12947743951353652
5.811027568922306,0.05,0.05,0.8703733475656243,0.12962665243437566
5.825563909774436,0.05,0.05,0.8702245738482224,0.12977542615177762
5.840100250626566,0.05,0.05,0.8700762368896942,0.12992376311030585
5.854636591478696,0.05,0.05,0.8699283342653885,0.13007166573461149
5.869172932330827,0.05,0.05,0.8697808635703546,0.13021913642964544
5.883709273182957,0.05,0.05,0.8696338224191293,0.13036617758087066
5.898245614035088,0.05,0.05,0.8694872084455327,0.13051279155446727
5.912781954887218,0.05,0.05,0.8693410193024611,0.1306589806975389
5.927318295739348,0.05,0.05,0.8691952526616862,0.13080474733831382
5.941854636591478,0.05,0.05,0.8690499062136554,0.1309500937863446
5.956390977443609,0.05,0.05,0.868904977667295,0.13109502233270498
5.970927318295739,0.05,0.05,0.8687604647498164,0.13123953525018361
5.98546365914787,0.05,0.05,0.8686163652065237,0.13138363479347626
6.0,0.05,0.05,0.8684726768006255,0.13152732319937455
0.2,0.1,0.1,1.0,0.0
0.21453634085213033,0.1,0.1,1.0,0.0
0.22907268170426065,0.1,0.1,1.0,0.0
0.243609022556391,0.1,0.1,1.0,0.0
0.2581453634085213,0.1,0.1,1.0,0.0
0.27268170426065164,0.1,0.1,1.0,0.0
0.28721804511278193,0.1,0.1,1.0,0.0
0.3017543859649123,0.1,0.1,1.0,0.0
0.3162907268170426,0.1,0.1,1.0,0.0
0.3308270676691729,0.1,0.1,1.0,0.0
0.34536340852130326,0.1,0.1,1.0,0.0
0.3598997493734336,0.1,0.1,1.0,0.0
0.3744360902255639,0.1,0.1,1.0,0.0
0.3889724310776942,0.1,0.1,1.0,0.0
0.4035087719298246,0.1,0.1,1.0,0.0
0.4180451127819549,0.1,0.1,1.0,0.0
0.4325814536340852,0.1,0.1,1.0,0.0
0.4471177944862155,0.1,0.1,1.0,0.0
0.4616541353383459,0.1,0.1,1.0,0.0
0.47619047619047616,0.1,0.1,1.0,0.0
0.4907268170426065,0.1,0.1,1.0,0.0
0.5052631578947369,0.1,0.1,1.0,0.0
0.5197994987468672,0.1,0.1,1.0,0.0
0.5343358395989974,0.1,0.1,1.0,0.0
0.5488721804511278,0.1,0.1,1.0,0.0
0.5634085213032581,0.1,0.1,1.0,0.0
0.5779448621553884,0.1,0.1,1.0,0.0
0.5924812030075188,0.1,0.1,1.0,0.0
0.6070175438596491,0.1,0.1,1.0,0.0
0.6215538847117794,0.1,0.1,1.0,0.0
0.6360902255639098,0.1,0.1,1.0,0.0
0.65062656641604,0.1,0.1,1.0,0.0
0.6651629072681704,0.1,0.1,1.0,0.0
0.6796992481203008,0.1,0.1,1.0,0.0
0.694235588972431,0.1,0.1,1.0,0.0
0.7087719298245614,0.1,0.1,1.0,0.0
0.7233082706766918,0.1,0.1,1.0,0.0
0.737844611528822,0.1,0.1,1.0,0.0
0.7523809523809524,0.1,0.1,1.0,0.0
0.7669172932330828,0.1,0.1,1.0,0.0
0.781453634085213,0.1,0.1,1.0,0.0
0.7959899749373434,0.1,0.1,1.0,0.0
0.8105263157894735,0.1,0.1,1.0,0.0
0.8250626566416039,0.1,0.1,1.0,0.0
0.8395989974937343,0.1,0.1,1.0,0.0
0.8541353383458645,0.1,0.1,1.0,0.0
0.8686716791979949,0.1,0.1,1.0,0.0
0.8832080200501253,0.1,0.1,1.0,0.0
0.8977443609022555,0.1,0.1,1.0,0.0
0.9122807017543859,0.1,0.1,1.0,0.0
0.9268170426065163,0.1,0.1,1.0,0.0
0.9413533834586465,0.1,0.1,1.0,0.0
0.9558897243107769,0.1,0.1,1.0,0.0
0.9704260651629073,0.1,0.1,1.0,0.0
0.9849624060150375,0.1,0.1,1.0,0.0
0.9994987468671679,0.1,0.1,1.0,0.0
1.0140350877192983,0.1,0.1,0.9974739016063248,0.0025260983936752357
1.0285714285714285,0.1,0.1,0.99491054359758,0.005089456402419978
1.0431077694235589,0.1,0.1,0.9923991479955923,0.007600852004407743
1.0576441102756893,0.1,0.1,0.9899378654553355,0.010062134544664536
1.0721804511278195,0.1,0.1,0.9875249390527405,0.012475060947259475
1.0867167919799499,0.1,0.1,0.9851586983985821,0.014841301601417944
1.10125313283208,0.1,0.1,0.9828375542047003,0.017162445795299686
1.1157894736842104,0.1,0.1,0.9805599932620581,0.019440006737941884
1.1303258145363408,0.1,0.1,0.978324573794265,0.021675426205735038
1.144862155388471,0.1,0.1,0.9761299211538423,0.02387007884615766
1.1593984962406014,0.1,0.1,0.9739747238317562,0.026025276168243794
1.1739348370927318,0.1,0.1,0.9718577297536222,0.028142270246377832
1.188471177944862,0.1,0.1,0.9697777428385597,0.030222257161440336
1.2030075187969924,0.1,0.1,0.9677336197989583,0.03226638020104167
1.2175438596491226,0.1,0.1,0.9657242671614772,0.03427573283852281
1.232080200501253,0.1,0.1,0.9637486384914176,0.036251361508582436
1.2466165413533834,0.1,0.1,0.9618057318042565,0.03819426819574345
1.2611528822055136,0.1,0.1,0.9598945871496052,0.04010541285039482
1.275689223057644,0.1,0.1,0.9580142843541679,0.04198571564583209
1.2902255639097744,0.1,0.1,0.9561639409114802,0.04383605908851984
1.3047619047619046,0.1,0.1,0.9543427100072635,0.04565728999273655
1.319298245614035,0.1,0.1,0.9525497786702146,0.04745022132978538
1.3338345864661654,0.1,0.1,0.9507843660389081,0.049215633961091854
1.3483709273182956,0.1,0.1,0.9490457217362855,0.05095427826371446
1.362907268170426,0.1,0.1,0.9473331243439229,0.05266687565607708
1.3774436090225564,0.1,0.1,0.9456458799689058,0.05435412003109419
1.3919799498746865,0.1,0.1,0.9439833208967363,0.05601667910326369
1.406516290726817,0.1,0.1,0.9423448043242295,0.05765519567577049
1.4210526315789471,0.1,0.1,0.9407297111668336,0.05927028883316643
1.4355889724310775,0.1,0.1,0.9391374449352616,0.060862555064738366
1.450125313283208,0.1,0.1,0.9375674306767137,0.062432569323286335
1.464661654135338,0.1,0.1,0.9360191139763405,0.06398088602365948
1.4791979949874685,0.1,0.1,0.9344919600149348,0.06550803998506516
1.493734335839599,0.1,0.1,0.9329854526791399,0.0670145473208601
1.508270676691729,0.1,0.1,0.9314990937207421,0.06850090627925787
1.5228070175438595,0.1,0.1,0.9300324019618809,0.06996759803811914
1.53734335839599,0.1,0.1,0.9285849125432293,0.07141508745677072
1.55187969924812,0.1,0.1,0.9271561762124259,0.07284382378757415
1.5664160401002505,0.1,0.1,0.9257457586502278,0.07425424134977221
1.5809523809523809,0.1,0.1,0.924353239832044,0.07564676016795602
1.595488721804511,0.1,0.1,0.9229782134226638,0.07702178657733616
1.6100250626566415,0.1,0.1,0.921620286202163,0.07837971379783704
1.6245614035087719,0.1,0.1,0.9202790775210967,0.07972092247890328
1.639097744360902,0.1,0.1,0.9189542187832302,0.08104578121676975
1.6536340852130325,0.1,0.1,0.9176453529541737,0.08235464704582629
1.6681704260651626,0.1,0.1,0.9163521340943945,0.08364786590560547
1.682706766917293,0.1,0.1,0.9150742269151926,0.08492577308480742
1.6972431077694234,0.1,0.1,0.9138113063563096,0.08618869364369042
1.7117794486215536,0.1,0.1,0.9125630571839345,0.08743694281606551
1.726315789473684,0.1,0.1,0.9113291736079514,0.0886708263920486
1.7408521303258144,0.1,0.1,0.9101093589173432,0.08989064108265676
1.7553884711779446,0.1,0.1,0.9089033251327452,0.09109667486725481
1.769924812030075,0.1,0.1,0.9077107926751957,0.09228920732480428
1.7844611528822054,0.1,0.1,0.9065314900501993,0.09346850994980072
1.7989974937343356,0.1,0.1,0.9053651535462703,0.09463484645372966
1.813533834586466,0.1,0.1,0.9042115269471775,0.09578847305282245
1.8280701754385964,0.1,0.1,0.9030703612571547,0.09692963874284533
1.8426065162907266,0.1,0.1,0.9019414144383953,0.09805858556160474
1.857142857142857,0.1,0.1,0.9008244511601817,0.09917554883981827
1.8716791979949874,0.1,0.1,0.8997192425590446,0.10028075744095544
1.8862155388471176,0.1,0.1,0.8986255660093814,0.10137443399061863
1.900751879699248,0.1,0.1,0.8975432049039975,0.10245679509600247
1.9152882205513784,0.1,0.1,0.8964719484440671,0.10352805155593292
1.9298245614035086,0.1,0.1,0.8954115914380347,0.10458840856196527
1.944360902255639,0.1,0.1,0.8943619341090125,0.10563806589098745
1.9588972431077691,0.1,0.1,0.8933227819102505,0.1066772180897495
1.9734335839598995,0.1,0.1,0.8922939453482808,0.10770605465171923
1.98796992481203,0.1,0.1,0.8912752398133603,0.10872476018663968
2.0025062656641603,0.1,0.1,0.89026648541686,0.10973351458313996
2.0170426065162905,0.1,0.1,0.8892675068352609,0.1107324931647391
2.031578947368421,0.1,0.1,0.8882781331604455,0.11172186683955454
2.0461152882205513,0.1,0.1,0.8872981977559835,0.11270180224401649
2.0606516290726815,0.1,0.1,0.8863275381191291,0.11367246188087088
2.075187969924812,0.1,0.1,0.8853659957482636,0.11463400425173642
2.0897243107769423,0.1,0.1,0.8844134160155286,0.11558658398447141
2.1042606516290725,0.1,0.1,0.8834696480444133,0.1165303519555867
2.118796992481203,0.1,0.1,0.8825345445920658,0.11746545540793418
2.1333333333333333,0.1,0.1,0.8816079619361159,0.1183920380638841
2.1478696741854635,0.1,0.1,0.8806897597658052,0.11931024023419479
2.162406015037594,0.1,0.1,0.8797798010772295,0.12022019892277047
2.1769423558897243,0.1,0.1,0.8788779520725154,0.1211220479274846
2.1914786967418545,0.1,0.1,0.8779840820627498,0.1220159179372502
2.206015037593985,0.1,0.1,0.8770980633745047,0.12290193662549531
2.2205513784461153,0.1,0.1,0.8762197712597963,0.12378022874020367
2.2350877192982455,0.1,0.1,0.8753490838093312,0.12465091619066881
2.249624060150376,0.1,0.1,0.8744858818688961,0.1255141181311039
2.2641604010025063,0.1,0.1,0.8736300489587623,0.12636995104123772
2.2786967418546364,0.1,0.1,0.8727814711959683,0.12721852880403173
2.293233082706767,0.1,0.1,0.8719400372193682,0.1280599627806318
2.3077694235588972,0.1,0.1,0.8711056381173241,0.1288943618826759
2.3223057644110274,0.1,0.1,0.8702781673579336,0.12972183264206638
2.336842105263158,0.1,0.1,0.8694575207216892,0.13054247927831075
2.3513784461152882,0.1,0.1,0.8686435962364691,0.13135640376353086
2.3659147869674184,0.1,0.1,0.8678362941147624,0.13216370588523763
2.380451127819549,0.1,0.1,0.867035516693041,0.13296448330695898
2.394987468671679,0.1,0.1,0.8662411683731892,0.1337588316268108
2.4095238095238094,0.1,0.1,0.86545315556591,0.13454684443409004
2.42406015037594,0.1,0.1,0.8646713866360289,0.13532861336397106
2.43859649122807,0.1,0.1,0.8638957718496214,0.1361042281503786
2.4531328320802004,0.1,0.1,0.8631262233228882,0.13687377667711176
2.467669172932331,0.1,0.1,0.8623626549727172,0.13763734502728275
2.482205513784461,0.1,0.1,0.8616049824688594,0.13839501753114059
2.4967418546365914,0.1,0.1,0.8608531231876617,0.13914687681233828
2.511278195488722,0.1,0.1,0.8601069961672927,0.1398930038327073
2.525814536340852,0.1,0.1,0.8593665220644089,0.1406334779355911
2.5403508771929824,0.1,0.1,0.8586316231122031,0.1413683768877969
2.554887218045113,0.1,0.1,0.8579022230797839,0.14209777692021608
2.569423558897243,0.1,0.1,0.8571782472328391,0.14282175276716091
2.5839598997493733,0.1,0.1,0.8564596222955301,0.14354037770446992
2.5984962406015035,0.1,0.1,0.8557462764135755,0.14425372358642452
2.613032581453634,0.1,0.1,0.8550381391184807,0.1449618608815193
2.6275689223057643,0.1,0.1,0.8543351412928679,0.14566485870713208
2.6421052631578945,0.1,0.1,0.8536372151368694,0.1463627848631306
2.656641604010025,0.1,0.1,0.8529442941355456,0.14705570586445438
2.6711779448621553,0.1,0.1,0.8522563130272887,0.14774368697271134
2.6857142857142855,0.1,0.1,0.8515732077731792,0.14842679222682076
2.700250626566416,0.1,0.1,0.8508949155272609,0.14910508447273907
2.7147869674185463,0.1,0.1,0.8502213746077001,0.1497786253922999
2.7293233082706765,0.1,0.1,0.8495525244688,0.15044747553119997
2.743859649122807,0.1,0.1,0.8488883056738392,0.15111169432616078
2.7583959899749373,0.1,0.1,0.848228659868707,0.151771340131293
2.7729323308270675,0.1,0.1,0.8475735297563045,0.1524264702436955
2.787468671679198,0.1,0.1,0.8469228590716906,0.15307714092830937
2.8020050125313283,0.1,0.1,0.846276592557943,0.15372340744205704
2.8165413533834585,0.1,0.1,0.8456346759427094,0.15436532405729064
2.831077694235589,0.1,0.1,0.844997055915431,0.15500294408456905
2.8456140350877193,0.1,0.1,0.8443636801052088,0.1556363198947912
2.8601503759398494,0.1,0.1,0.8437344970592966,0.1562655029407034
2.87468671679198,0.1,0.1,0.8431094562221952,0.15689054377780476
2.8892230576441102,0.1,0.1,0.8424885079153333,0.15751149208466675
2.9037593984962404,0.1,0.1,0.841871603317309,0.15812839668269096
2.918295739348371,0.1,0.1,0.8412586944446809,0.15874130555531907
2.9328320802005012,0.1,0.1,0.8406497341332846,0.1593502658667154
2.9473684210526314,0.1,0.1,0.8400446760200604,0.1599553239799396
2.961904761904762,0.1,0.1,0.8394434745253763,0.16055652547462373
2.976441102756892,0.1,0.1,0.838846084835829,0.161153915164171
2.9909774436090224,0.1,0.1,0.8382524628875072,0.1617475371124928
3.005513784461153,0.1,0.1,0.837662565349705,0.16233743465029504
3.020050125313283,0.1,0.1,0.8370763496090672,0.16292365039093282
3.0345864661654134,0.1,0.1,0.8364937737541578,0.1635062262458422
3.049122807017544,0.1,0.1,0.8359147965604334,0.16408520343956656
3.063659147869674,0.1,0.1,0.835339377475613,0.16466062252438696
3.0781954887218044,0.1,0.1,0.8347674766054283,0.16523252339457173
3.092731829573935,0.1,0.1,0.8341990546997466,0.16580094530025336
3.107268170426065,0.1,0.1,0.8336340731390519,0.1663659268609481
3.1218045112781954,0.1,0.1,0.8330724939212732,0.16692750607872675
3.1363408521303255,0.1,0.1,0.8325142796489529,0.16748572035104714
3.150877192982456,0.1,0.1,0.8319593935167384,0.16804060648326158
3.1654135338345863,0.1,0.1,0.8314077992991971,0.16859220070080294
3.1799498746867165,0.1,0.1,0.8308594613389326,0.16914053866106737
3.194486215538847,0.1,0.1,0.830314344535005,0.16968565546499503
3.2090225563909773,0.1,0.1,0.8297724143316385,0.1702275856683615
3.2235588972431075,0.1,0.1,0.8292336367072106,0.17076636329278938
3.238095238095238,0.1,0.1,0.8286979781635138,0.17130202183648624
3.2526315789473683,0.1,0.1,0.8281654057152845,0.17183459428471548
3.2671679197994985,0.1,0.1,0.8276358868799858,0.1723641131200142
3.281704260651629,0.1,0.1,0.8271093896678428,0.17289061033215725
3.2962406015037593,0.1,0.1,0.8265858825721193,0.1734141174278807
3.3107769423558895,0.1,0.1,0.8260653345596296,0.1739346654403704
3.32531328320802,0.1,0.1,0.825547715061481,0.17445228493851905
3.3398496240601503,0.1,0.1,0.8250329939640353,0.1749670060359647
3.3543859649122805,0.1,0.1,0.8245211416000902,0.17547885839990984
3.368922305764411,0.1,0.1,0.8240121287402671,0.17598787125973292
3.3834586466165413,0.1,0.1,0.8235059265846052,0.1764940734153948
3.3979949874686715,0.1,0.1,0.8230025067543529,0.17699749324564706
3.412531328320802,0.1,0.1,0.8225018412839513,0.17749815871604868
3.4270676691729323,0.1,0.1,0.8220039026132067,0.17799609738679334
3.4416040100250624,0.1,0.1,0.8215086635796431,0.17849133642035686
3.456140350877193,0.1,0.1,0.8210160974110343,0.17898390258896568
3.4706766917293232,0.1,0.1,0.8205261777181063,0.17947382228189368
3.4852130325814534,0.1,0.1,0.8200388784874078,0.17996112151259225
3.499749373433584,0.1,0.1,0.8195541740743442,0.18044582592565583
3.5142857142857142,0.1,0.1,0.8190720391963708,0.18092796080362916
3.5288220551378444,0.1,0.1,0.8185924489263379,0.18140755107366213
3.543358395989975,0.1,0.1,0.8181153786859889,0.18188462131401106
3.557894736842105,0.1,0.1,0.8176408042396033,0.18235919576039672
3.5724310776942354,0.1,0.1,0.8171687016877816,0.18283129831221845
3.586967418546366,0.1,0.1,0.8166990474613693,0.18330095253863066
3.601503759398496,0.1,0.1,0.816231818315517,0.18376818168448295
3.6160401002506264,0.1,0.1,0.8157669913238681,0.1842330086761319
3.630576441102757,0.1,0.1,0.8153045438728792,0.1846954561271208
3.645112781954887,0.1,0.1,0.8148444536562611,0.18515554634373887
3.6596491228070174,0.1,0.1,0.814386698669544,0.18561330133045595
3.6741854636591476,0.1,0.1,0.8139312572047583,0.18606874279524166
3.688721804511278,0.1,0.1,0.8134781078452331,0.1865218921547669
3.7032581453634084,0.1,0.1,0.8130272294605045,0.18697277053949546
3.7177944862155385,0.1,0.1,0.8125786012013356,0.18742139879866437
3.732330827067669,0.1,0.1,0.8121322024948405,0.18786779750515947
3.7468671679197993,0.1,0.1,0.8116880130397148,0.18831198696028517
3.7614035087719295,0.1,0.1,0.8112460128015653,0.18875398719843473
3.77593984962406,0.1,0.1,0.8108061820083388,0.18919381799166124
3.7904761904761903,0.1,0.1,0.8103685011458486,0.18963149885415143
3.8050125313283205,0.1,0.1,0.8099329509533923,0.19006704904660765
3.819548872180451,0.1,0.1,0.8094995124194635,0.1905004875805365
3.8340852130325813,0.1,0.1,0.8090681667775508,0.19093183322244922
3.8486215538847115,0.1,0.1,0.8086388955020258,0.19136110449797417
3.863157894736842,0.1,0.1,0.8082116803041135,0.1917883196958865
3.8776942355889723,0.1,0.1,0.8077865031279479,0.19221349687205214
3.8922305764411025,0.1,0.1,0.8073633461467076,0.19263665385329243
3.906766917293233,0.1,0.1,0.8069421917588286,0.19305780824117136
3.9213032581453633,0.1,0.1,0.8065230225842974,0.19347697741570258
3.9358395989974935,0.1,0.1,0.8061058214610162,0.19389417853898383
3.950375939849624,0.1,0.1,0.8056905714412419,0.1943094285587581
3.9649122807017543,0.1,0.1,0.8052772557880987,0.19472274421190128
3.9794486215538845,0.1,0.1,0.8048658579721579,0.19513414202784207
3.993984962406015,0.1,0.1,0.8044563616680871,0.1955436383319129
4.008521303258145,0.1,0.1,0.8040487507513665,0.1959512492486335
4.023057644110275,0.1,0.1,0.8036430092950684,0.19635699070493162
4.037593984962406,0.1,0.1,0.8032391215667023,0.1967608784332977
4.052130325814536,0.1,0.1,0.8028370720251212,0.19716292797487878
4.066666666666666,0.1,0.1,0.8024368453174873,0.19756315468251273
4.081203007518797,0.1,0.1,0.8020384262762981,0.19796157372370193
4.095739348370927,0.1,0.1,0.8016417999164707,0.19835820008352933
4.110275689223057,0.1,0.1,0.8012469514324805,0.19875304856751952
4.124812030075188,0.1,0.1,0.800853866195558,0.19914613380444202
4.139348370927318,0.1,0.1,0.8004625297509367,0.19953747024906332
4.153884711779448,0.1,0.1,0.8000729278151548,0.19992707218484518
4.168421052631579,0.1,0.1,0.7996850462734095,0.20031495372659047
4.182957393483709,0.1,0.1,0.7992988711769591,0.20070112882304092
4.197493734335839,0.1,0.1,0.798914388740577,0.20108561125942304
4.21203007518797,0.1,0.1,0.798531585340051,0.20146841465994902
4.2265664160401,0.1,0.1,0.798150447509733,0.20184955249026704
4.24110275689223,0.1,0.1,0.7977709619401305,0.20222903805986947
4.2556390977443606,0.1,0.1,0.7973931154755471,0.20260688452445286
4.270175438596491,0.1,0.1,0.797016895111764,0.202983104888236
4.284711779448622,0.1,0.1,0.7966422879937658,0.2033577120062342
4.299248120300752,0.1,0.1,0.796269281413508,0.20373071858649205
4.313784461152882,0.1,0.1,0.7958978628077258,0.2041021371922742
4.328320802005012,0.1,0.1,0.795528019755783,0.20447198024421698
4.3428571428571425,0.1,0.1,0.7951597399775598,0.20484026002244016
4.357393483709273,0.1,0.1,0.7947930113313799,0.20520698866862008
4.371929824561404,0.1,0.1,0.7944278218119742,0.20557217818802576
4.386466165413534,0.1,0.1,0.794064159548483,0.20593584045151703
4.401002506265664,0.1,0.1,0.7937020128024919,0.20629798719750814
4.415538847117794,0.1,0.1,0.7933413699661049,0.20665863003389506
4.4300751879699245,0.1,0.1,0.792982219560052,0.207017780439948
4.444611528822055,0.1,0.1,0.7926245502318285,0.20737544976817146
4.459147869674185,0.1,0.1,0.7922683507538704,0.20773164924612963
4.473684210526316,0.1,0.1,0.7919136100217592,0.2080863899782408
4.488220551378446,0.1,0.1,0.7915603170524612,0.20843968294753878
4.502756892230576,0.1,0.1,0.7912084609825951,0.20879153901740488
4.5172932330827065,0.1,0.1,0.7908580310667326,0.20914196893326742
4.531829573934837,0.1,0.1,0.7905090166757267,0.2094909833242733
4.546365914786967,0.1,0.1,0.7901614072950696,0.20983859270493044
4.560902255639098,0.1,0.1,0.789815192523281,0.21018480747671897
4.575438596491228,0.1,0.1,0.7894703620703207,0.21052963792967927
4.589974937343358,0.1,0.1,0.7891269057560328,0.21087309424396716
4.604511278195488,0.1,0.1,0.7887848135086128,0.21121518649138715
4.619047619047619,0.1,0.1,0.7884440753631037,0.21155592463689632
4.633583959899749,0.1,0.1,0.7881046814599166,0.21189531854008337
4.64812030075188,0.1,0.1,0.7877666220433772,0.21223337795662278
4.66265664160401,0.1,0.1,0.7874298874602959,0.21257011253970415
4.67719298245614,0.1,0.1,0.787094468158563,0.212905531841437
4.69172932330827,0.1,0.1,0.786760354685768,0.213239645314232
4.706265664160401,0.1,0.1,0.7864275376878407,0.21357246231215932
4.720802005012531,0.1,0.1,0.7860960079077166,0.2139039920922834
4.735338345864662,0.1,0.1,0.785765756184023,0.214234243815977
4.749874686716792,0.1,0.1,0.7854367734497893,0.21456322655021065
4.764411027568922,0.1,0.1,0.7851090507311764,0.21489094926882357
4.778947368421052,0.1,0.1,0.7847825791462277,0.21521742085377227
4.793483709273183,0.1,0.1,0.7844573499036427,0.2155426500963573
4.808020050125313,0.1,0.1,0.7841333543015669,0.21586664569843306
4.822556390977444,0.1,0.1,0.7838105837264069,0.21618941627359312
4.837092731829574,0.1,0.1,0.7834890296516583,0.21651097034834166
4.851629072681704,0.1,0.1,0.7831686836367593,0.2168313163632407
4.866165413533834,0.1,0.1,0.7828495373259581,0.21715046267404192
4.8807017543859645,0.1,0.1,0.782531582447201,0.217468417552799
4.895238095238095,0.1,0.1,0.7822148108110376,0.2177851891889624
4.909774436090226,0.1,0.1,0.7818992143095447,0.21810078569045532
4.924310776942356,0.1,0.1,0.7815847849152653,0.21841521508473472
4.938847117794486,0.1,0.1,0.7812715146801676,0.21872848531983236
4.953383458646616,0.1,0.1,0.7809593957346179,0.21904060426538208
4.9679197994987465,0.1,0.1,0.780648420286371,0.21935157971362895
4.982456140350877,0.1,0.1,0.7803385806195771,0.21966141938042294
4.996992481203007,0.1,0.1,0.7800298690938035,0.21997013090619655
5.011528822055138,0.1,0.1,0.7797222781430717,0.2202777218569283
5.026065162907268,0.1,0.1,0.779415800274911,0.22058419972508903
5.040601503759398,0.1,0.1,0.779110428069425,0.220889571930575
5.0551378446115285,0.1,0.1,0.7788061541783742,0.22119384582162582
5.069674185463659,0.1,0.1,0.7785029713242719,0.22149702867572807
5.084210526315789,0.1,0.1,0.7782008722994951,0.22179912770050492
5.09874686716792,0.1,0.1,0.777899849965408,0.22210015003459205
5.11328320802005,0.1,0.1,0.7775998972515004,0.22240010274849964
5.12781954887218,0.1,0.1,0.7773010071545381,0.2226989928454619
5.1423558897243105,0.1,0.1,0.7770031727377271,0.22299682726227288
5.156892230576441,0.1,0.1,0.7767063871298903,0.22329361287010974
5.171428571428571,0.1,0.1,0.7764106435246567,0.22358935647534328
5.185964912280702,0.1,0.1,0.7761159351796638,0.22388406482033618
5.200501253132832,0.1,0.1,0.7758222554157708,0.22417774458422923
5.215037593984962,0.1,0.1,0.7755295976162839,0.22447040238371607
5.229573934837092,0.1,0.1,0.7752379552261948,0.22476204477380524
5.244110275689223,0.1,0.1,0.7749473217514284,0.22505267824857156
5.258646616541353,0.1,0.1,0.7746576907581042,0.2253423092418958
5.273182957393484,0.1,0.1,0.7743690558718059,0.22563094412819407
5.287719298245614,0.1,0.1,0.7740814107768654,0.22591858922313457
5.302255639097744,0.1,0.1,0.7737947492156534,0.2262052507843466
5.316791979949874,0.1,0.1,0.7735090649878844,0.2264909350121156
5.331328320802005,0.1,0.1,0.7732243519499298,0.22677564805007022
5.345864661654135,0.1,0.1,0.7729406040141404,0.22705939598585956
5.360401002506266,0.1,0.1,0.7726578151481822,0.22734218485181779
5.374937343358396,0.1,0.1,0.7723759793743779,0.22762402062562215
5.389473684210526,0.1,0.1,0.7720950907690607,0.2279049092309393
5.404010025062656,0.1,0.1,0.7718151434619362,0.22818485653806375
5.4185463659147866,0.1,0.1,0.7715361316354556,0.22846386836454435
5.433082706766917,0.1,0.1,0.7712580495241945,0.22874195047580548
5.447619047619048,0.1,0.1,0.7709808914142438,0.22901910858575625
5.462155388471178,0.1,0.1,0.7707046516426086,0.2292953483573914
5.476691729323308,0.1,0.1,0.770429324596615,0.22957067540338505
5.491228070175438,0.1,0.1,0.7701549047133247,0.2298450952866753
5.5057644110275685,0.1,0.1,0.769881386478962,0.23011861352103802
5.520300751879699,0.1,0.1,0.7696087644283425,0.23039123557165753
5.534837092731829,0.1,0.1,0.769337033144317,0.230662966855683
5.54937343358396,0.1,0.1,0.7690661872572173,0.23093381274278268
5.56390977443609,0.1,0.1,0.7687962214443131,0.23120377855568686
5.57844611528822,0.1,0.1,0.7685271304292769,0.2314728695707231
5.5929824561403505,0.1,0.1,0.7682589089816534,0.2317410910183466
5.607518796992481,0.1,0.1,0.76799155191634,0.23200844808365995
5.622055137844611,0.1,0.1,0.7677250540930725,0.23227494590692754
5.636591478696742,0.1,0.1,0.7674594104159174,0.23254058958408264
5.651127819548872,0.1,0.1,0.7671946158327736,0.2328053841672264
5.665664160401002,0.1,0.1,0.7669306653348789,0.23306933466512114
5.6802005012531325,0.1,0.1,0.7666675539563239,0.2333324460436761
5.694736842105263,0.1,0.1,0.7664052767735738,0.23359472322642616
5.709273182957393,0.1,0.1,0.7661438289049951,0.2338561710950049
5.723809523809524,0.1,0.1,0.7658832055103895,0.23411679448961054
5.738345864661654,0.1,0.1,0.7656234017905341,0.23437659820946588
5.752882205513784,0.1,0.1,0.7653644129867287,0.23463558701327125
5.7674185463659144,0.1,0.1,0.7651062343803481,0.23489376561965192
5.781954887218045,0.1,0.1,0.7648488612924007,0.2351511387075993
5.796491228070175,0.1,0.1,0.7645922890830943,0.2354077109169057
5.811027568922306,0.1,0.1,0.7643365131514053,0.23566348684859473
5.825563909774436,0.1,0.1,0.764081528934657,0.23591847106534303
5.840100250626566,0.1,0.1,0.7638273319081006,0.2361726680918994
5.854636591478696,0.1,0.1,0.7635739175845035,0.23642608241549645
5.869172932330827,0.1,0.1,0.7633212815137427,0.23667871848625732
5.883709273182957,0.1,0.1,0.7630694192824035,0.23693058071759654
5.898245614035088,0.1,0.1,0.7628183265133837,0.23718167348661634
5.912781954887218,0.1,0.1,0.7625679988655032,0.2374320011344968
5.927318295739348,0.1,0.1,0.762318432033118,0.237681567966882
5.941854636591478,0.1,0.1,0.7620696217457406,0.23793037825425944
5.956390977443609,0.1,0.1,0.7618215637676644,0.2381784362323356
5.970927318295739,0.1,0.1,0.7615742538975936,0.2384257461024064
5.98546365914787,0.1,0.1,0.7613276879682769,0.23867231203172312
6.0,0.1,0.1,0.7610818618461479,0.2389181381538521
0.2,0.2,0.2,1.0,0.0
0.21453634085213033,0.2,0.2,1.0,0.0
0.22907268170426065,0.2,0.2,1.0,0.0
0.243609022556391,0.2,0.2,1.0,0.0
0.2581453634085213,0.2,0.2,1.0,0.0
0.27268170426065164,0.2,0.2,1.0,0.0
0.28721804511278193,0.2,0.2,1.0,0.0
0.3017543859649123,0.2,0.2,1.0,0.0
0.3162907268170426,0.2,0.2,1.0,0.0
0.3308270676691729,0.2,0.2,1.0,0.0
0.34536340852130326,0.2,0.2,1.0,0.0
0.3598997493734336,0.2,0.2,1.0,0.0
0.3744360902255639,0.2,0.2,1.0,0.0
0.3889724310776942,0.2,0.2,1.0,0.0
0.4035087719298246,0.2,0.2,1.0,0.0
0.4180451127819549,0.2,0.2,1.0,0.0
0.4325814536340852,0.2,0.2,1.0,0.0
0.4471177944862155,0.2,0.2,1.0,0.0
0.4616541353383459,0.2,0.2,1.0,0.0
0.47619047619047616,0.2,0.2,1.0,0.0
0.4907268170426065,0.2,0.2,1.0,0.0
0.5052631578947369,0.2,0.2,1.0,0.0
0.5197994987468672,0.2,0.2,1.0,0.0
0.5343358395989974,0.2,0.2,1.0,0.0
0.5488721804511278,0.2,0.2,1.0,0.0
0.5634085213032581,0.2,0.2,1.0,0.0
0.5779448621553884,0.2,0.2,1.0,0.0
0.5924812030075188,0.2,0.2,1.0,0.0
0.6070175438596491,0.2,0.2,1.0,0.0
0.6215538847117794,0.2,0.2,1.0,0.0
0.6360902255639098,0.2,0.2,1.0,0.0
0.65062656641604,0.2,0.2,1.0,0.0
0.6651629072681704,0.2,0.2,1.0,0.0
0.6796992481203008,0.2,0.2,1.0,0.0
0.694235588972431,0.2,0.2,1.0,0.0
0.7087719298245614,0.2,0.2,1.0,0.0
0.7233082706766918,0.2,0.2,1.0,0.0
0.737844611528822,0.2,0.2,1.0,0.0
0.7523809523809524,0.2,0.2,1.0,0.0
0.7669172932330828,0.2,0.2,1.0,0.0
0.781453634085213,0.2,0.2,1.0,0.0
0.7959899749373434,0.2,0.2,1.0,0.0
0.8105263157894735,0.2,0.2,1.0,0.0
0.8250626566416039,0.2,0.2,1.0,0.0
0.8395989974937343,0.2,0.2,1.0,0.0
0.8541353383458645,0.2,0.2,1.0,0.0
0.8686716791979949,0.2,0.2,1.0,0.0
0.8832080200501253,0.2,0.2,1.0,0.0
0.8977443609022555,0.2,0.2,1.0,0.0
0.9122807017543859,0.2,0.2,1.0,0.0
0.9268170426065163,0.2,0.2,1.0,0.0
0.9413533834586465,0.2,0.2,1.0,0.0
0.9558897243107769,0.2,0.2,1.0,0.0
0.9704260651629073,0.2,0.2,1.0,0.0
0.9849624060150375,0.2,0.2,1.0,0.0
0.9994987468671679,0.2,0.2,1.0,0.0
1.0140350877192983,0.2,0.2,0.9953720784025883,0.004627921597411655
1.0285714285714285,0.2,0.2,0.9906825956186502,0.009317404381349759
1.0431077694235589,0.2,0.2,0.9860947744036577,0.01390522559634233
1.0576441102756893,0.2,0.2,0.9816048900881078,0.018395109911892193
1.0721804511278195,0.2,0.2,0.9772094069634321,0.02279059303656794
1.0867167919799499,0.2,0.2,0.972904966150633,0.027095033849366956
1.10125313283208,0.2,0.2,0.9686883744048702,0.03131162559512979
1.1157894736842104,0.2,0.2,0.9645565937720841,0.035443406227915863
1.1303258145363408,0.2,0.2,0.9605067320222884,0.03949326797771158
1.144862155388471,0.2,0.2,0.9565360337917321,0.04346396620826787
1.1593984962406014,0.2,0.2,0.9526418723728454,0.047358127627154634
1.1739348370927318,0.2,0.2,0.9488217420968679,0.05117825790313213
1.188471177944862,0.2,0.2,0.9450732512593805,0.054926748740619535
1.2030075187969924,0.2,0.2,0.9413941155437073,0.05860588445629267
1.2175438596491226,0.2,0.2,0.9377821519014096,0.062217848098590434
1.232080200501253,0.2,0.2,0.9342352728528756,0.06576472714712445
1.2466165413533834,0.2,0.2,0.9307514811744302,0.06924851882556982
1.2611528822055136,0.2,0.2,0.9273288649414257,0.07267113505857425
1.275689223057644,0.2,0.2,0.9239655928995307,0.07603440710046927
1.2902255639097744,0.2,0.2,0.9206599101388915,0.07934008986110852
1.3047619047619046,0.2,0.2,0.9174101340480698,0.08258986595193019
1.319298245614035,0.2,0.2,0.9142146505266633,0.08578534947333671
1.3338345864661654,0.2,0.2,0.911071910437325,0.08892808956267495
1.3483709273182956,0.2,0.2,0.9079804262795341,0.09201957372046587
1.362907268170426,0.2,0.2,0.904938769068951,0.09506123093104901
1.3774436090225564,0.2,0.2,0.9019455654075361,0.09805443459246388
1.3919799498746865,0.2,0.2,0.898999494730822,0.10100050526917803
1.406516290726817,0.2,0.2,0.896099286719841,0.10390071328015904
1.4210526315789471,0.2,0.2,0.8932437188662095,0.10675628113379054
1.4355889724310775,0.2,0.2,0.8904316141797901,0.10956838582020989
1.450125313283208,0.2,0.2,0.887661839029183,0.11233816097081695
1.464661654135338,0.2,0.2,0.8849333011060565,0.1150666988939435
1.4791979949874685,0.2,0.2,0.8822449475050238,0.1177550524949762
1.493734335839599,0.2,0.2,0.8795957629114026,0.12040423708859738
1.508270676691729,0.2,0.2,0.8769847678897782,0.1230152321102218
1.5228070175438595,0.2,0.2,0.8744110172668138,0.1255889827331862
1.53734335839599,0.2,0.2,0.8718735986022468,0.12812640139775322
1.55187969924812,0.2,0.2,0.8693716307424457,0.13062836925755428
1.5664160401002505,0.2,0.2,0.8669042624513197,0.13309573754868032
1.5809523809523809,0.2,0.2,0.8644706711137418,0.13552932888625824
1.595488721804511,0.2,0.2,0.8620700615069945,0.1379299384930055
1.6100250626566415,0.2,0.2,0.859701664636066,0.140298335363934
1.6245614035087719,0.2,0.2,0.8573647366289119,0.14263526337108812
1.639097744360902,0.2,0.2,0.8550585576880756,0.1449414423119244
1.6536340852130325,0.2,0.2,0.8527824310952969,0.14721756890470306
1.6681704260651626,0.2,0.2,0.8505356822659815,0.14946431773401847
1.682706766917293,0.2,0.2,0.8483176578506042,0.1516823421493958
1.6972431077694234,0.2,0.2,0.8461277248803183,0.1538722751196817
1.7117794486215536,0.2,0.2,0.8439652699542308,0.15603473004576918
1.726315789473684,0.2,0.2,0.8418296984659581,0.15817030153404188
1.7408521303258144,0.2,0.2,0.8397204338672435,0.1602795661327565
1.7553884711779446,0.2,0.2,0.8376369169665541,0.16236308303344593
1.769924812030075,0.2,0.2,0.8355786052607157,0.1644213947392843
1.7844611528822054,0.2,0.2,0.8335449722977557,0.1664550277022443
1.7989974937343356,0.2,0.2,0.831535507069254,0.16846449293074595
1.813533834586466,0.2,0.2,0.8295497134305974,0.17045028656940264
1.8280701754385964,0.2,0.2,0.8275871095476359,0.17241289045236408
1.8426065162907266,0.2,0.2,0.8256472273683342,0.17435277263166582
1.857142857142857,0.2,0.2,0.8237296121180921,0.17627038788190785
1.8716791979949874,0.2,0.2,0.8218338218174956,0.17816617818250435
1.8862155388471176,0.2,0.2,0.8199594268213242,0.18004057317867583
1.900751879699248,0.2,0.2,0.818106009377721,0.18189399062227896
1.9152882205513784,0.2,0.2,0.816273163206491,0.18372683679350899
1.9298245614035086,0.2,0.2,0.8144604930955508,0.1855395069044492
1.944360902255639,0.2,0.2,0.8126676145146172,0.18733238548538278
1.9588972431077691,0.2,0.2,0.8108941532452718,0.1891058467547282
1.9734335839598995,0.2,0.2,0.809139745026582,0.19086025497341796
1.98796992481203,0.2,0.2,0.8074040352155181,0.19259596478448193
2.0025062656641603,0.2,0.2,0.8056866784614363,0.19431332153856373
2.0170426065162905,0.2,0.2,0.8039873383939464,0.19601266160605357
2.031578947368421,0.2,0.2,0.8023056873235206,0.1976943126764794
2.0461152882205513,0.2,0.2,0.8006414059542268,0.19935859404577316
2.0606516290726815,0.2,0.2,0.7989941831080178,0.20100581689198216
2.075187969924812,0.2,0.2,0.7973637154600253,0.20263628453997473
2.0897243107769423,0.2,0.2,0.795749707284346,0.20425029271565398
2.1042606516290725,0.2,0.2,0.7941518702098314,0.20584812979016864
2.118796992481203,0.2,0.2,0.7925699229854157,0.20743007701458427
2.1333333333333333,0.2,0.2,0.7910035912545526,0.20899640874544745
2.1478696741854635,0.2,0.2,0.789452607338335,0.210547392661665
2.162406015037594,0.2,0.2,0.7879167100269149,0.21208328997308512
2.1769423558897243,0.2,0.2,0.7863956443788445,0.21360435562115554
2.1914786967418545,0.2,0.2,0.784889161527988,0.21511083847201196
2.206015037593985,0.2,0.2,0.7833970184976675,0.21660298150233248
2.2205513784461153,0.2,0.2,0.7819189780217253,0.21808102197827473
2.2350877192982455,0.2,0.2,0.7804548083721985,0.2195451916278015
2.249624060150376,0.2,0.2,0.779004283193323,0.22099571680667696
2.2641604010025063,0.2,0.2,0.7775671813415899,0.22243281865841014
2.2786967418546364,0.2,0.2,0.7761432867315943,0.22385671326840573
2.293233082706767,0.2,0.2,0.7747323881874357,0.22526761181256427
2.3077694235588972,0.2,0.2,0.7733342792994284,0.22666572070057156
2.3223057644110274,0.2,0.2,0.7719487582859039,0.22805124171409608
2.336842105263158,0.2,0.2,0.770575627859889,0.22942437214011102
2.3513784461152882,0.2,0.2,0.769214695100461,0.23078530489953897
2.3659147869674184,0.2,0.2,0.7678657713285832,0.23213422867141675
2.380451127819549,0.2,0.2,0.7665286719872413,0.23347132801275872
2.394987468671679,0.2,0.2,0.7652032165257023,0.23479678347429767
2.4095238095238094,0.2,0.2,0.7638892282877312,0.2361107717122688
2.42406015037594,0.2,0.2,0.7625865344036051,0.23741346559639487
2.43859649122807,0.2,0.2,0.7612949656857755,0.23870503431422452
2.4531328320802004,0.2,0.2,0.7600143565280293,0.2399856434719707
2.467669172932331,0.2,0.2,0.7587445448080161,0.24125545519198388
2.482205513784461,0.2,0.2,0.757485371793005,0.242514628206995
2.4967418546365914,0.2,0.2,0.7562366820487472,0.24376331795125283
2.511278195488722,0.2,0.2,0.7549983233513249,0.24500167664867512
2.525814536340852,0.2,0.2,0.7537701466018696,0.24622985339813042
2.5403508771929824,0.2,0.2,0.7525520057440402,0.24744799425595976
2.554887218045113,0.2,0.2,0.7513437576841566,0.24865624231584338
2.569423558897243,0.2,0.2,0.7501452622138887,0.24985473778611134
2.5839598997493733,0.2,0.2,0.7489563819354021,0.25104361806459785
2.5984962406015035,0.2,0.2,0.7477769821888733,0.25222301781112666
2.613032581453634,0.2,0.2,0.7466069309822803,0.25339306901771974
2.6275689223057643,0.2,0.2,0.7454460989233884,0.2545539010766116
2.6421052631578945,0.2,0.2,0.7442943591538522,0.2557056408461478
2.656641604010025,0.2,0.2,0.7431515872853491,0.25684841271465086
2.6711779448621553,0.2,0.2,0.7420176613376794,0.25798233866232056
2.6857142857142855,0.2,0.2,0.7408924616787547,0.25910753832124533
2.700250626566416,0.2,0.2,0.7397758709664111,0.26022412903358894
2.7147869674185463,0.2,0.2,0.7386677740919811,0.26133222590801886
2.7293233082706765,0.2,0.2,0.7375680581255581,0.26243194187444185
2.743859649122807,0.2,0.2,0.7364766122629005,0.2635233877370995
2.7583959899749373,0.2,0.2,0.73539332777391,0.26460667222609
2.7729323308270675,0.2,0.2,0.7343180979526363,0.26568190204736375
2.787468671679198,0.2,0.2,0.7332508180687483,0.26674918193125174
2.8020050125313283,0.2,0.2,0.7321913853204269,0.26780861467957306
2.8165413533834585,0.2,0.2,0.7311396987886267,0.2688603012113733
2.831077694235589,0.2,0.2,0.7300956593926606,0.26990434060733937
2.8456140350877193,0.2,0.2,0.7290591698470639,0.27094083015293613
2.8601503759398494,0.2,0.2,0.7280301346196913,0.27196986538030865
2.87468671679198,0.2,0.2,0.7270084598910092,0.27299154010899085
2.8892230576441102,0.2,0.2,0.7259940535145395,0.2740059464854605
2.9037593984962404,0.2,0.2,0.7249868249784188,0.2750131750215812
2.918295739348371,0.2,0.2,0.7239866853680359,0.2760133146319641
2.9328320802005012,0.2,0.2,0.7229935473297093,0.27700645267029067
2.9473684210526314,0.2,0.2,0.7220073250353758,0.2779926749646242
2.961904761904762,0.2,0.2,0.7210279341482513,0.2789720658517487
2.976441102756892,0.2,0.2,0.7200552917894356,0.2799447082105644
2.9909774436090224,0.2,0.2,0.719089316505432,0.28091068349456805
3.005513784461153,0.2,0.2,0.7181299282365452,0.2818700717634548
3.020050125313283,0.2,0.2,0.7171770482861408,0.2828229517138592
3.0345864661654134,0.2,0.2,0.7162305992907272,0.2837694007092728
3.049122807017544,0.2,0.2,0.7152905051908414,0.28470949480915864
3.063659147869674,0.2,0.2,0.7143566912027108,0.28564330879728916
3.0781954887218044,0.2,0.2,0.7134290837906669,0.28657091620933306
3.092731829573935,0.2,0.2,0.7125076106402863,0.28749238935971366
3.107268170426065,0.2,0.2,0.7115922006322393,0.28840779936776073
3.1218045112781954,0.2,0.2,0.7106827838168197,0.2893172161831803
3.1363408521303255,0.2,0.2,0.7097792913891403,0.2902207086108597
3.150877192982456,0.2,0.2,0.7088816556649682,0.2911183443350318
3.1654135338345863,0.2,0.2,0.7079898100571846,0.29201018994281536
3.1799498746867165,0.2,0.2,0.7071036890528479,0.29289631094715207
3.194486215538847,0.2,0.2,0.706223228190842,0.29377677180915795
3.2090225563909773,0.2,0.2,0.7053483640400937,0.2946516359599063
3.2235588972431075,0.2,0.2,0.7044790341783402,0.29552096582165976
3.238095238095238,0.2,0.2,0.7036151771714312,0.2963848228285688
3.2526315789473683,0.2,0.2,0.7027567325531499,0.29724326744685015
3.2671679197994985,0.2,0.2,0.7019036408055381,0.29809635919446187
3.281704260651629,0.2,0.2,0.7010558433397085,0.2989441566602915
3.2962406015037593,0.2,0.2,0.7002132824771314,0.29978671752286856
3.3107769423558895,0.2,0.2,0.6993759014313843,0.3006240985686157
3.32531328320802,0.2,0.2,0.6985436442903441,0.3014563557096559
3.3398496240601503,0.2,0.2,0.6977164559988178,0.3022835440011822
3.3543859649122805,0.2,0.2,0.6968942823415933,0.30310571765840666
3.368922305764411,0.2,0.2,0.6960770699268983,0.30392293007310167
3.3834586466165413,0.2,0.2,0.6952647661702589,0.3047352338297411
3.3979949874686715,0.2,0.2,0.6944573192787455,0.30554268072125446
3.412531328320802,0.2,0.2,0.6936546782355921,0.3063453217644079
3.4270676691729323,0.2,0.2,0.6928567927851825,0.30714320721481747
3.4416040100250624,0.2,0.2,0.6920636134183915,0.3079363865816085
3.456140350877193,0.2,0.2,0.6912750913582697,0.3087249086417303
3.4706766917293232,0.2,0.2,0.690491178546065,0.309508821453935
3.4852130325814534,0.2,0.2,0.6897118276275707,0.31028817237242934
3.499749373433584,0.2,0.2,0.688936991939789,0.31106300806021103
3.5142857142857142,0.2,0.2,0.6881666254979046,0.31183337450209536
3.5288220551378444,0.2,0.2,0.6874006829825583,0.3125993170174417
3.543358395989975,0.2,0.2,0.6866391197274115,0.31336088027258846
3.557894736842105,0.2,0.2,0.685881891706996,0.314118108293004
3.5724310776942354,0.2,0.2,0.6851289555248385,0.31487104447516145
3.586967418546366,0.2,0.2,0.684380268401857,0.31561973159814305
3.601503759398496,0.2,0.2,0.6836357881650155,0.31636421183498453
3.6160401002506264,0.2,0.2,0.6828954732362356,0.31710452676376444
3.630576441102757,0.2,0.2,0.6821592826215563,0.31784071737844366
3.645112781954887,0.2,0.2,0.6814271759005346,0.3185728240994654
3.6596491228070174,0.2,0.2,0.6806991132158804,0.3193008867841196
3.6741854636591476,0.2,0.2,0.6799750552633228,0.3200249447366772
3.688721804511278,0.2,0.2,0.6792549632816971,0.3207450367183029
3.7032581453634084,0.2,0.2,0.6785387990432508,0.32146120095674924
3.7177944862155385,0.2,0.2,0.6778265248441597,0.32217347515584027
3.732330827067669,0.2,0.2,0.6771181034952514,0.32288189650474863
3.7468671679197993,0.2,0.2,0.6764134983129289,0.32358650168707115
3.7614035087719295,0.2,0.2,0.6757126731102909,0.32428732688970907
3.77593984962406,0.2,0.2,0.6750155921884415,0.32498440781155846
3.7904761904761903,0.2,0.2,0.6743222203279868,0.32567777967201317
3.8050125313283205,0.2,0.2,0.6736325227807127,0.32636747721928727
3.819548872180451,0.2,0.2,0.672946465261439,0.327053534738561
3.8340852130325813,0.2,0.2,0.672264013940046,0.327735986059954
3.8486215538847115,0.2,0.2,0.671585135433669,0.32841486456633096
3.863157894736842,0.2,0.2,0.6709097967990567,0.3290902032009433
3.8776942355889723,0.2,0.2,0.670237965525089,0.32976203447491104
3.8922305764411025,0.2,0.2,0.6695696095254506,0.33043039047454936
3.906766917293233,0.2,0.2,0.6689046971314576,0.3310953028685424
3.9213032581453633,0.2,0.2,0.66824319708503,0.33175680291497
3.9358395989974935,0.2,0.2,0.6675850785318118,0.3324149214681882
3.950375939849624,0.2,0.2,0.6669303110144296,0.33306968898557043
3.9649122807017543,0.2,0.2,0.6662788644658901,0.33372113553410987
3.9794486215538845,0.2,0.2,0.6656307092031128,0.33436929079688715
3.993984962406015,0.2,0.2,0.6649858159205913,0.33501418407940875
4.008521303258145,0.2,0.2,0.6643441556841851,0.33565584431581486
4.023057644110275,0.2,0.2,0.6637056999250357,0.3362943000749643
4.037593984962406,0.2,0.2,0.6630704204336033,0.3369295795663967
4.052130325814536,0.2,0.2,0.662438289353825,0.337561710646175
4.066666666666666,0.2,0.2,0.6618092791773866,0.33819072082261337
4.081203007518797,0.2,0.2,0.6611833627381101,0.33881663726188993
4.095739348370927,0.2,0.2,0.6605605132064511,0.33943948679354885
4.110275689223057,0.2,0.2,0.659940704084105,0.340059295915895
4.124812030075188,0.2,0.2,0.659323909198718,0.340676090801282
4.139348370927318,0.2,0.2,0.6587101026987021,0.3412898973012979
4.153884711779448,0.2,0.2,0.6580992590481525,0.3419007409518475
4.168421052631579,0.2,0.2,0.6574913530218598,0.3425086469781402
4.182957393483709,0.2,0.2,0.6568863597004233,0.3431136402995767
4.197493734335839,0.2,0.2,0.6562842544654544,0.34371574553454565
4.21203007518797,0.2,0.2,0.6556850129948746,0.3443149870051254
4.2265664160401,0.2,0.2,0.6550886112583025,0.34491138874169747
4.24110275689223,0.2,0.2,0.6544950255125288,0.3455049744874712
4.2556390977443606,0.2,0.2,0.6539042322970767,0.3460957677029233
4.270175438596491,0.2,0.2,0.6533162084298476,0.3466837915701524
4.284711779448622,0.2,0.2,0.6527309310028477,0.34726906899715226
4.299248120300752,0.2,0.2,0.6521483773779955,0.34785162262200453
4.313784461152882,0.2,0.2,0.6515685251830077,0.3484314748169923
4.328320802005012,0.2,0.2,0.6509913523073614,0.3490086476926386
4.3428571428571425,0.2,0.2,0.650416836898333,0.34958316310166704
4.357393483709273,0.2,0.2,0.6498449573571077,0.3501550426428923
4.371929824561404,0.2,0.2,0.6492756923349638,0.35072430766503615
4.386466165413534,0.2,0.2,0.6487090207295256,0.35129097927047437
4.401002506265664,0.2,0.2,0.6481449216810851,0.35185507831891494
4.415538847117794,0.2,0.2,0.6475833745689912,0.3524166254310088
4.4300751879699245,0.2,0.2,0.6470243590081053,0.3529756409918947
4.444611528822055,0.2,0.2,0.64646785484532,0.35353214515468
4.459147869674185,0.2,0.2,0.6459138421561421,0.3540861578438579
4.473684210526316,0.2,0.2,0.6453623012413363,0.3546376987586637
4.488220551378446,0.2,0.2,0.6448132126236292,0.35518678737637077
4.502756892230576,0.2,0.2,0.644266557044473,0.355733442955527
4.5172932330827065,0.2,0.2,0.6437223154608676,0.35627768453913244
4.531829573934837,0.2,0.2,0.6431804690422365,0.35681953095776353
4.546365914786967,0.2,0.2,0.6426409991673618,0.35735900083263816
4.560902255639098,0.2,0.2,0.6421038874213703,0.35789611257862974
4.575438596491228,0.2,0.2,0.6415691155927747,0.35843088440722526
4.589974937343358,0.2,0.2,0.6410366656705664,0.3589633343294336
4.604511278195488,0.2,0.2,0.6405065198413573,0.3594934801586427
4.619047619047619,0.2,0.2,0.6399786604865754,0.36002133951342463
4.633583959899749,0.2,0.2,0.6394530701797048,0.36054692982029524
4.64812030075188,0.2,0.2,0.6389297316835769,0.3610702683164231
4.66265664160401,0.2,0.2,0.6384086279477066,0.3615913720522934
4.67719298245614,0.2,0.2,0.6378897421056748,0.36211025789432516
4.69172932330827,0.2,0.2,0.6373730574725567,0.3626269425274433
4.706265664160401,0.2,0.2,0.6368585575423926,0.3631414424576074
4.720802005012531,0.2,0.2,0.6363462259857033,0.36365377401429666
4.735338345864662,0.2,0.2,0.6358360466470467,0.36416395335295326
4.749874686716792,0.2,0.2,0.6353280035426174,0.3646719964573826
4.764411027568922,0.2,0.2,0.6348220808578835,0.3651779191421165
4.778947368421052,0.2,0.2,0.6343182629452679,0.36568173705473206
4.793483709273183,0.2,0.2,0.6338165343218651,0.36618346567813487
4.808020050125313,0.2,0.2,0.6333168796671971,0.3666831203328029
4.822556390977444,0.2,0.2,0.6328192838210074,0.3671807161789926
4.837092731829574,0.2,0.2,0.6323237317810908,0.3676762682189092
4.851629072681704,0.2,0.2,0.6318302087011607,0.3681697912988393
4.866165413533834,0.2,0.2,0.6313386998887496,0.3686613001112504
4.8807017543859645,0.2,0.2,0.6308491908031453,0.3691508091968547
4.895238095238095,0.2,0.2,0.6303616670533618,0.36963833294663817
4.909774436090226,0.2,0.2,0.6298761143961427,0.37012388560385734
4.924310776942356,0.2,0.2,0.6293925187339957,0.3706074812660043
4.938847117794486,0.2,0.2,0.628910866113263,0.37108913388673703
4.953383458646616,0.2,0.2,0.628431142722218,0.371568857277782
4.9679197994987465,0.2,0.2,0.6279533348891981,0.37204666511080187
4.982456140350877,0.2,0.2,0.6274774290807634,0.3725225709192366
4.996992481203007,0.2,0.2,0.6270034118998871,0.37299658810011294
5.011528822055138,0.2,0.2,0.6265312700841739,0.37346872991582614
5.026065162907268,0.2,0.2,0.6260609905041092,0.37393900949589076
5.040601503759398,0.2,0.2,0.625592560161333,0.374407439838667
5.0551378446115285,0.2,0.2,0.6251259661869433,0.37487403381305673
5.069674185463659,0.2,0.2,0.6246611958398258,0.3753388041601742
5.084210526315789,0.2,0.2,0.6241982365050103,0.3758017634949897
5.09874686716792,0.2,0.2,0.6237370756920533,0.3762629243079467
5.11328320802005,0.2,0.2,0.6232777010334443,0.37672229896655574
5.12781954887218,0.2,0.2,0.6228201002830398,0.3771798997169602
5.1423558897243105,0.2,0.2,0.6223642613145193,0.3776357386854807
5.156892230576441,0.2,0.2,0.6219101721198668,0.37808982788013323
5.171428571428571,0.2,0.2,0.6214578208078754,0.37854217919212463
5.185964912280702,0.2,0.2,0.6210071956026753,0.37899280439732475
5.200501253132832,0.2,0.2,0.6205582848422839,0.3794417151577161
5.215037593984962,0.2,0.2,0.6201110769771798,0.3798889230228202
5.229573934837092,0.2,0.2,0.6196655605688961,0.3803344394311039
5.244110275689223,0.2,0.2,0.6192217242886384,0.3807782757113616
5.258646616541353,0.2,0.2,0.6187795569159207,0.3812204430840793
5.273182957393484,0.2,0.2,0.6183390473372252,0.3816609526627748
5.287719298245614,0.2,0.2,0.6179001845446797,0.38209981545532035
5.302255639097744,0.2,0.2,0.617462957634757,0.382537042365243
5.316791979949874,0.2,0.2,0.6170273558069927,0.38297264419300725
5.331328320802005,0.2,0.2,0.6165933683627232,0.38340663163727684
5.345864661654135,0.2,0.2,0.6161609847038418,0.38383901529615816
5.360401002506266,0.2,0.2,0.6157301943315747,0.3842698056684253
5.374937343358396,0.2,0.2,0.6153009868452735,0.38469901315472654
5.389473684210526,0.2,0.2,0.614873351941227,0.38512664805877295
5.404010025062656,0.2,0.2,0.6144472794114906,0.3855527205885094
5.4185463659147866,0.2,0.2,0.6140227591427325,0.3859772408572675
5.433082706766917,0.2,0.2,0.6135997811150968,0.38640021888490317
5.447619047619048,0.2,0.2,0.6131783354010842,0.38682166459891576
5.462155388471178,0.2,0.2,0.6127584121644492,0.38724158783555085
5.476691729323308,0.2,0.2,0.6123400016591112,0.3876599983408888
5.491228070175438,0.2,0.2,0.6119230942280847,0.38807690577191534
5.5057644110275685,0.2,0.2,0.6115076803024231,0.3884923196975769
5.520300751879699,0.2,0.2,0.611093750400179,0.388906249599821
5.534837092731829,0.2,0.2,0.6106812951253773,0.3893187048746227
5.54937343358396,0.2,0.2,0.6102703051670064,0.3897296948329936
5.56390977443609,0.2,0.2,0.609860771298022,0.39013922870197804
5.57844611528822,0.2,0.2,0.6094526843743646,0.3905473156256354
5.5929824561403505,0.2,0.2,0.6090460353339928,0.3909539646660072
5.607518796992481,0.2,0.2,0.6086408151959297,0.3913591848040703
5.622055137844611,0.2,0.2,0.6082370150593226,0.3917629849406774
5.636591478696742,0.2,0.2,0.6078346261025158,0.3921653738974842
5.651127819548872,0.2,0.2,0.607433639582138,0.39256636041786197
5.665664160401002,0.2,0.2,0.6070340468322013,0.3929659531677987
5.6802005012531325,0.2,0.2,0.6066358392632125,0.3933641607367875
5.694736842105263,0.2,0.2,0.6062390083612994,0.3937609916387006
5.709273182957393,0.2,0.2,0.6058435456873457,0.39415645431265434
5.723809523809524,0.2,0.2,0.6054494428761414,0.39455055712385856
5.738345864661654,0.2,0.2,0.6050566916355431,0.3949433083644569
5.752882205513784,0.2,0.2,0.6046652837456461,0.3953347162543539
5.7674185463659144,0.2,0.2,0.6042752110579694,0.39572478894203056
5.781954887218045,0.2,0.2,0.6038864654946503,0.3961135345053497
5.796491228070175,0.2,0.2,0.6034990390476505,0.39650096095234955
5.811027568922306,0.2,0.2,0.6031129237779747,0.39688707622202535
5.825563909774436,0.2,0.2,0.6027281118148975,0.3972718881851025
5.840100250626566,0.2,0.2,0.6023445953552029,0.3976554046447971
5.854636591478696,0.2,0.2,0.6019623666624332,0.3980376333375668
5.869172932330827,0.2,0.2,0.6015814180661483,0.3984185819338517
5.883709273182957,0.2,0.2,0.6012017419611952,0.39879825803880475
5.898245614035088,0.2,0.2,0.6008233308069875,0.39917666919301253
5.912781954887218,0.2,0.2,0.6004461771267942,0.39955382287320584
5.927318295739348,0.2,0.2,0.6000702735070389,0.3999297264929611
5.941854636591478,0.2,0.2,0.5996956125966075,0.40030438740339247
5.956390977443609,0.2,0.2,0.5993221871061667,0.4006778128938333
5.970927318295739,0.2,0.2,0.5989499898074888,0.4010500101925112
5.98546365914787,0.2,0.2,0.5985790135327891,0.4014209864672109
6.0,0.2,0.2,0.5982092511740695,0.40179074882593047
0.2,0.5,0.5,1.0,0.0
0.21453634085213033,0.5,0.5,1.0,0.0
0.22907268170426065,0.5,0.5,1.0,0.0
0.243609022556391,0.5,0.5,1.0,0.0
0.2581453634085213,0.5,0.5,1.0,0.0
0.27268170426065164,0.5,0.5,1.0,0.0
0.28721804511278193,0.5,0.5,1.0,0.0
0.3017543859649123,0.5,0.5,1.0,0.0
0.3162907268170426,0.5,0.5,1.0,0.0
0.3308270676691729,0.5,0.5,1.0,0.0
0.34536340852130326,0.5,0.5,1.0,0.0
0.3598997493734336,0.5,0.5,1.0,0.0
0.3744360902255639,0.5,0.5,1.0,0.0
0.3889724310776942,0.5,0.5,1.0,0.0
0.4035087719298246,0.5,0.5,1.0,0.0
0.4180451127819549,0.5,0.5,1.0,0.0
0.4325814536340852,0.5,0.5,1.0,0.0
0.4471177944862155,0.5,0.5,1.0,0.0
0.4616541353383459,0.5,0.5,1.0,0.0
0.47619047619047616,0.5,0.5,1.0,0.0
0.4907268170426065,0.5,0.5,1.0,0.0
0.5052631578947369,0.5,0.5,1.0,0.0
0.5197994987468672,0.5,0.5,1.0,0.0
0.5343358395989974,0.5,0.5,1.0,0.0
0.5488721804511278,0.5,0.5,1.0,0.0
0.5634085213032581,0.5,0.5,1.0,0.0
0.5779448621553884,0.5,0.5,1.0,0.0
0.5924812030075188,0.5,0.5,1.0,0.0
0.6070175438596491,0.5,0.5,1.0,0.0
0.6215538847117794,0.5,0.5,1.0,0.0
0.6360902255639098,0.5,0.5,1.0,0.0
0.65062656641604,0.5,0.5,1.0,0.0
0.6651629072681704,0.5,0.5,1.0,0.0
0.6796992481203008,0.5,0.5,1.0,0.0
0.694235588972431,0.5,0.5,1.0,0.0
0.7087719298245614,0.5,0.5,1.0,0.0
0.7233082706766918,0.5,0.5,1.0,0.0
0.737844611528822,0.5,0.5,1.0,0.0
0.7523809523809524,0.5,0.5,1.0,0.0
0.7669172932330828,0.5,0.5,1.0,0.0
0.781453634085213,0.5,0.5,1.0,0.0
0.7959899749373434,0.5,0.5,1.0,0.0
0.8105263157894735,0.5,0.5,1.0,0.0
0.8250626566416039,0.5,0.5,1.0,0.0
0.8395989974937343,0.5,0.5,1.0,0.0
0.8541353383458645,0.5,0.5,1.0,0.0
0.8686716791979949,0.5,0.5,1.0,0.0
0.8832080200501253,0.5,0.5,1.0,0.0
0.8977443609022555,0.5,0.5,1.0,0.0
0.9122807017543859,0.5,0.5,1.0,0.0
0.9268170426065163,0.5,0.5,1.0,0.0
0.9413533834586465,0.5,0.5,1.0,0.0
0.9558897243107769,0.5,0.5,1.0,0.0
0.9704260651629073,0.5,0.5,1.0,0.0
0.9849624060150375,0.5,0.5,1.0,0.0
0.9994987468671679,0.5,0.5,1.0,0.0
1.0140350877192983,0.5,0.5,0.9907584793375455,0.009241520662454539
1.0285714285714285,0.5,0.5,0.9814234274172271,0.0185765725827729
1.0431077694235589,0.5,0.5,0.9723196505505842,0.027680349449415775
1.0576441102756893,0.5,0.5,0.9634381432526962,0.036561856747303834
1.0721804511278195,0.5,0.5,0.9547703723823613,0.04522962761763871
1.0867167919799499,0.5,0.5,0.9463082462210821,0.05369175377891788
1.10125313283208,0.5,0.5,0.9380440859653598,0.06195591403464018
1.1157894736842104,0.5,0.5,0.9299705994145013,0.07002940058549867
1.1303258145363408,0.5,0.5,0.9220808566583767,0.07791914334162331
1.144862155388471,0.5,0.5,0.9143682675892759,0.08563173241072408
1.1593984962406014,0.5,0.5,0.9068265610795143,0.09317343892048568
1.1739348370927318,0.5,0.5,0.8994497656819933,0.10055023431800669
1.188471177944862,0.5,0.5,0.8922321917247826,0.10776780827521737
1.2030075187969924,0.5,0.5,0.8851684146831529,0.11483158531684712
1.2175438596491226,0.5,0.5,0.8782532597235215,0.12174674027647847
1.232080200501253,0.5,0.5,0.8714817873236591,0.1285182126763409
1.2466165413533834,0.5,0.5,0.8648492798823397,0.13515072011766027
1.2611528822055136,0.5,0.5,0.858351229239563,0.14164877076043703
1.275689223057644,0.5,0.5,0.8519833250355933,0.14801667496440674
1.2902255639097744,0.5,0.5,0.845741443843476,0.15425855615652395
1.3047619047619046,0.5,0.5,0.8396216390154583,0.16037836098454172
1.319298245614035,0.5,0.5,0.8336201311889422,0.16637986881105782
1.3338345864661654,0.5,0.5,0.8277332994023014,0.17226670059769855
1.3483709273182956,0.5,0.5,0.8219576727751245,0.17804232722487545
1.362907268170426,0.5,0.5,0.8162899227112965,0.18371007728870348
1.3774436090225564,0.5,0.5,0.8107268555868024,0.18927314441319765
1.3919799498746865,0.5,0.5,0.8052654058872912,0.19473459411270877
1.406516290726817,0.5,0.5,0.7999026297632996,0.20009737023670038
1.4210526315789471,0.5,0.5,0.7946356989736341,0.20536430102636594
1.4355889724310775,0.5,0.5,0.7894618951897776,0.2105381048102224
1.450125313283208,0.5,0.5,0.7843786046363397,0.21562139536366032
1.464661654135338,0.5,0.5,0.779383313044528,0.22061668695547199
1.4791979949874685,0.5,0.5,0.774473600897418,0.225526399102582
1.493734335839599,0.5,0.5,0.7696471389474209,0.23035286105257913
1.508270676691729,0.5,0.5,0.7649016839878577,0.23509831601214226
1.5228070175438595,0.5,0.5,0.7602350748618998,0.23976492513810022
1.53734335839599,0.5,0.5,0.7556452286934026,0.24435477130659744
1.55187969924812,0.5,0.5,0.7511301373252937,0.24886986267470634
1.5664160401002505,0.5,0.5,0.746687863952237,0.25331213604776304
1.5809523809523809,0.5,0.5,0.7423165399352569,0.2576834600647431
1.595488721804511,0.5,0.5,0.7380143617868935,0.2619856382131065
1.6100250626566415,0.5,0.5,0.7337795883162759,0.2662204116837241
1.6245614035087719,0.5,0.5,0.7296105379242559,0.2703894620757441
1.639097744360902,0.5,0.5,0.7255055860394273,0.2744944139605727
1.6536340852130325,0.5,0.5,0.7214631626864985,0.27853683731350154
1.6681704260651626,0.5,0.5,0.7174817501790784,0.28251824982092155
1.682706766917293,0.5,0.5,0.7135598809294639,0.2864401190705361
1.6972431077694234,0.5,0.5,0.7096961353685343,0.29030386463146574
1.7117794486215536,0.5,0.5,0.7058891399693119,0.2941108600306881
1.726315789473684,0.5,0.5,0.7021375653681752,0.2978624346318248
1.7408521303258144,0.5,0.5,0.6984401245781162,0.3015598754218838
1.7553884711779446,0.5,0.5,0.6947955712887894,0.30520442871121056
1.769924812030075,0.5,0.5,0.6912026982484507,0.3087973017515493
1.7844611528822054,0.5,0.5,0.6876603357231927,0.31233966427680726
1.7989974937343356,0.5,0.5,0.6841673500291778,0.31583264997082217
1.813533834586466,0.5,0.5,0.6807226421338466,0.3192773578661534
1.8280701754385964,0.5,0.5,0.6773251463223253,0.3226748536776747
1.8426065162907266,0.5,0.5,0.673973828925494,0.32602617107450604
1.857142857142857,0.5,0.5,0.6706676871063983,0.32933231289360165
1.8716791979949874,0.5,0.5,0.6674057477018871,0.3325942522981129
1.8862155388471176,0.5,0.5,0.6641870661165477,0.33581293388345235
1.900751879699248,0.5,0.5,0.6610107252661923,0.3389892747338077
1.9152882205513784,0.5,0.5,0.6578758345683076,0.34212416543169244
1.9298245614035086,0.5,0.5,0.6547815289770358,0.3452184710229642
1.944360902255639,0.5,0.5,0.6517269680604012,0.3482730319395988
1.9588972431077691,0.5,0.5,0.6487113351176235,0.35128866488237653
1.9734335839598995,0.5,0.5,0.6457338363344949,0.3542661636655051
1.98796992481203,0.5,0.5,0.6427936999749022,0.3572063000250978
2.0025062656641603,0.5,0.5,0.6398901756066953,0.36010982439330474
2.0170426065162905,0.5,0.5,0.6370225333602011,0.3629774666397989
2.031578947368421,0.5,0.5,0.634190063217777,0.36580993678222296
2.0461152882205513,0.5,0.5,0.6313920743328918,0.3686079256671082
2.0606516290726815,0.5,0.5,0.6286278943773,0.37137210562269996
2.075187969924812,0.5,0.5,0.6258968689149633,0.3741031310850367
2.0897243107769423,0.5,0.5,0.623198360801436,0.376801639198564
2.1042606516290725,0.5,0.5,0.6205317496075129,0.3794682503924871
2.118796992481203,0.5,0.5,0.6178964310659916,0.38210356893400843
2.1333333333333333,0.5,0.5,0.6152918165404715,0.3847081834595285
2.1478696741854635,0.5,0.5,0.6127173325151647,0.3872826674848353
2.162406015037594,0.5,0.5,0.6101724201047503,0.38982757989524974
2.1769423558897243,0.5,0.5,0.6076565345833536,0.39234346541664644
2.1914786967418545,0.5,0.5,0.6051691449317773,0.3948308550682227
2.206015037593985,0.5,0.5,0.6027097334021658,0.3972902665978342
2.2205513784461153,0.5,0.5,0.6002777950993126,0.39972220490068744
2.2350877192982455,0.5,0.5,0.5978728375778728,0.4021271624221272
2.249624060150376,0.5,0.5,0.5954943804547759,0.4045056195452241
2.2641604010025063,0.5,0.5,0.5931419550361665,0.4068580449638335
2.2786967418546364,0.5,0.5,0.5908151039582423,0.4091848960417577
2.293233082706767,0.5,0.5,0.5885133808413789,0.41148661915862106
2.3077694235588972,0.5,0.5,0.5862363499569763,0.41376365004302373
2.3223057644110274,0.5,0.5,0.5839835859064721,0.41601641409352785
2.336842105263158,0.5,0.5,0.5817546733120089,0.4182453266879911
2.3513784461152882,0.5,0.5,0.5795492065182617,0.4204507934817383
2.3659147869674184,0.5,0.5,0.5773667893049503,0.42263321069504967
2.380451127819549,0.5,0.5,0.5752070346095968,0.42479296539040323
2.394987468671679,0.5,0.5,0.5730695642600969,0.4269304357399031
2.4095238095238094,0.5,0.5,0.5709540087167018,0.42904599128329823
2.42406015037594,0.5,0.5,0.5688600068230225,0.4311399931769775
2.43859649122807,0.5,0.5,0.5667872055656917,0.43321279443430827
2.4531328320802004,0.5,0.5,0.5647352598423252,0.4352647401576748
2.467669172932331,0.5,0.5,0.5627038322374562,0.43729616776254376
2.482205513784461,0.5,0.5,0.5606925928061166,0.4393074071938834
2.4967418546365914,0.5,0.5,0.5587012188647633,0.4412987811352367
2.511278195488722,0.5,0.5,0.5567293947892566,0.44327060521074335
2.525814536340852,0.5,0.5,0.5547768118196166,0.4452231881803834
2.5403508771929824,0.5,0.5,0.552843167871286,0.44715683212871404
2.554887218045113,0.5,0.5,0.5509281673526529,0.44907183264734707
2.569423558897243,0.5,0.5,0.549031520988585,0.450968479011415
2.5839598997493733,0.5,0.5,0.5471529456497477,0.4528470543502523
2.5984962406015035,0.5,0.5,0.5452921641874842,0.45470783581251584
2.613032581453634,0.5,0.5,0.5434489052740434,0.45655109472595656
2.6275689223057643,0.5,0.5,0.5416229032479578,0.4583770967520422
2.6421052631578945,0.5,0.5,0.5398138979643712,0.4601861020356288
2.656641604010025,0.5,0.5,0.5380216346501376,0.46197836534986236
2.6711779448621553,0.5,0.5,0.5362458637635088,0.4637541362364912
2.6857142857142855,0.5,0.5,0.5344863408582439,0.46551365914175613
2.700250626566416,0.5,0.5,0.5327428264519756,0.46725717354802443
2.7147869674185463,0.5,0.5,0.5310150858986793,0.4689849141013207
2.7293233082706765,0.5,0.5,0.5293028892650946,0.4706971107349054
2.743859649122807,0.5,0.5,0.5276060112109557,0.47239398878904426
2.7583959899749373,0.5,0.5,0.5259242308728953,0.4740757691271047
2.7729323308270675,0.5,0.5,0.5242573317518877,0.4757426682481123
2.787468671679198,0.5,0.5,0.5226051016041073,0.47739489839589266
2.8020050125313283,0.5,0.5,0.5209673323350801,0.4790326676649199
2.8165413533834585,0.5,0.5,0.5193438198970117,0.4806561801029883
2.831077694235589,0.5,0.5,0.5177343641891834,0.4822656358108166
2.8456140350877193,0.5,0.5,0.5161387689613037,0.48386123103869627
2.8601503759398494,0.5,0.5,0.5145568417197184,0.4854431582802816
2.87468671679198,0.5,0.5,0.5129883936363759,0.48701160636362406
2.8892230576441102,0.5,0.5,0.5114332394604586,0.4885667605395414
2.9037593984962404,0.5,0.5,0.5098911974325795,0.4901088025674205
2.918295739348371,0.5,0.5,0.5083620892014706,0.49163791079852937
2.9328320802005012,0.5,0.5,0.5068457397430646,0.49315426025693543
2.9473684210526314,0.5,0.5,0.505341977281899,0.494658022718101
2.961904761904762,0.5,0.5,0.5038506332147619,0.49614936678523813
2.976441102756892,0.5,0.5,0.5023715420365016,0.4976284579634984
2.9909774436090224,0.5,0.5,0.5009045412679345,0.4990954587320655
3.005513784461153,0.5,0.5,0.4994494713857751,0.5005505286142249
3.020050125313283,0.5,0.5,0.4980061757545282,0.5019938242454718
3.0345864661654134,0.5,0.5,0.49657450056027386,0.5034254994397261
3.049122807017544,0.5,0.5,0.4951542947462855,0.5048457052537145
3.063659147869674,0.5,0.5,0.4937454099504236,0.5062545900495764
3.0781954887218044,0.5,0.5,0.4923477004442456,0.5076522995557544
3.092731829573935,0.5,0.5,0.49096102307377576,0.5090389769262242
3.107268170426065,0.5,0.5,0.48958523720188607,0.5104147627981139
3.1218045112781954,0.5,0.5,0.48822020465223315,0.5117797953477669
3.1363408521303255,0.5,0.5,0.48686578965470384,0.5131342103452962
3.150877192982456,0.5,0.5,0.4855218587923218,0.5144781412076782
3.1654135338345863,0.5,0.5,0.484188280949569,0.515811719050431
3.1799498746867165,0.5,0.5,0.4828649272620773,0.5171350727379227
3.194486215538847,0.5,0.5,0.4815516710676505,0.5184483289323495
3.2090225563909773,0.5,0.5,0.4802483878585714,0.5197516121414286
3.2235588972431075,0.5,0.5,0.47895495523515774,0.5210450447648423
3.238095238095238,0.5,0.5,0.4776712528605278,0.5223287471394722
3.2526315789473683,0.5,0.5,0.47639716241653807,0.5236028375834619
3.2671679197994985,0.5,0.5,0.47513256756085887,0.5248674324391411
3.281704260651629,0.5,0.5,0.4738773538851514,0.5261226461148486
3.2962406015037593,0.5,0.5,0.4726314088743162,0.5273685911256838
3.3107769423558895,0.5,0.5,0.4713946218667775,0.5286053781332225
3.32531328320802,0.5,0.5,0.4701668840157752,0.5298331159842248
3.3398496240601503,0.5,0.5,0.4689480882516335,0.5310519117483665
3.3543859649122805,0.5,0.5,0.4677381292449776,0.5322618707550224
3.368922305764411,0.5,0.5,0.46653690337086995,0.53346309662913
3.3834586466165413,0.5,0.5,0.46534430867384013,0.5346556913261599
3.3979949874686715,0.5,0.5,0.46416024483378227,0.5358397551662177
3.412531328320802,0.5,0.5,0.4629846131326931,0.5370153868673069
3.4270676691729323,0.5,0.5,0.461817316422229,0.538182683577771
3.4416040100250624,0.5,0.5,0.4606582590920565,0.5393417409079435
3.456140350877193,0.5,0.5,0.45950734703897367,0.5404926529610263
3.4706766917293232,0.5,0.5,0.45836448763678184,0.5416355123632182
3.4852130325814534,0.5,0.5,0.45722958970688476,0.5427704102931152
3.499749373433584,0.5,0.5,0.45610256348959555,0.5438974365104045
3.5142857142857142,0.5,0.5,0.4549833206161302,0.5450166793838698
3.5288220551378444,0.5,0.5,0.4538717740812708,0.5461282259187292
3.543358395989975,0.5,0.5,0.4527678382166769,0.5472321617833231
3.557894736842105,0.5,0.5,0.4516714286648298,0.5483285713351702
3.5724310776942354,0.5,0.5,0.45058246235358934,0.5494175376464107
3.586967418546366,0.5,0.5,0.4495008574713486,0.5504991425286514
3.601503759398496,0.5,0.5,0.4484265334427695,0.5515734665572305
3.6160401002506264,0.5,0.5,0.44735941090508247,0.5526405890949175
3.630576441102757,0.5,0.5,0.44629941168493537,0.5537005883150646
3.645112781954887,0.5,0.5,0.44524645877577795,0.554753541224222
3.6596491228070174,0.5,0.5,0.44420047631576565,0.5557995236842344
3.6741854636591476,0.5,0.5,0.4431613895661686,0.5568386104338314
3.688721804511278,0.5,0.5,0.44212912489027434,0.5578708751097257
3.7032581453634084,0.5,0.5,0.44110360973276974,0.5588963902672303
3.7177944862155385,0.5,0.5,0.4400847725995882,0.5599152274004118
3.732330827067669,0.5,0.5,0.43907254303821197,0.560927456961788
3.7468671679197993,0.5,0.5,0.4380668516184174,0.5619331483815826
3.7614035087719295,0.5,0.5,0.4370676299134483,0.5629323700865517
3.77593984962406,0.5,0.5,0.43607481048161156,0.5639251895183884
3.7904761904761903,0.5,0.5,0.43508832684827903,0.564911673151721
3.8050125313283205,0.5,0.5,0.4341081134882874,0.5658918865117126
3.819548872180451,0.5,0.5,0.43313410580872647,0.5668658941912735
3.8340852130325813,0.5,0.5,0.43216624013210414,0.5678337598678959
3.8486215538847115,0.5,0.5,0.4312044536798789,0.5687955463201211
3.863157894736842,0.5,0.5,0.4302486845563511,0.5697513154436489
3.8776942355889723,0.5,0.5,0.42929887173290393,0.5707011282670961
3.8922305764411025,0.5,0.5,0.4283549550325829,0.5716450449674171
3.906766917293233,0.5,0.5,0.42741687511500936,0.5725831248849906
3.9213032581453633,0.5,0.5,0.42648457346161606,0.5735154265383839
3.9358395989974935,0.5,0.5,0.4255579923611974,0.5744420076388026
3.950375939849624,0.5,0.5,0.42463707489576874,0.5753629251042313
3.9649122807017543,0.5,0.5,0.42372176492672387,0.5762782350732761
3.9794486215538845,0.5,0.5,0.42281200708128563,0.5771879929187144
3.993984962406015,0.5,0.5,0.4219077467392409,0.5780922532607591
4.008521303258145,0.5,0.5,0.4210089300199543,0.5789910699800457
4.023057644110275,0.5,0.5,0.42011550376965234,0.5798844962303477
4.037593984962406,0.5,0.5,0.4192274155489726,0.5807725844510274
4.052130325814536,0.5,0.5,0.4183446136207708,0.5816553863792292
4.066666666666666,0.5,0.5,0.4174670469381798,0.5825329530618202
4.081203007518797,0.5,0.5,0.4165946651329142,0.5834053348670858
4.095739348370927,0.5,0.5,0.41572741850381445,0.5842725814961856
4.110275689223057,0.5,0.5,0.414865258005626,0.585134741994374
4.124812030075188,0.5,0.5,0.4140081352380056,0.5859918647619944
4.139348370927318,0.5,0.5,0.4131560024347516,0.5868439975652484
4.153884711779448,0.5,0.5,0.412308812453251,0.587691187546749
4.168421052631579,0.5,0.5,0.4114665187641402,0.5885334812358598
4.182957393483709,0.5,0.5,0.4106290754411719,0.5893709245588281
4.197493734335839,0.5,0.5,0.4097964371512859,0.5902035628487141
4.21203007518797,0.5,0.5,0.40896855914487684,0.5910314408551232
4.2265664160401,0.5,0.5,0.4081453972462561,0.5918546027537439
4.24110275689223,0.5,0.5,0.4073269078443009,0.5926730921556991
4.2556390977443606,0.5,0.5,0.4065130478832897,0.5934869521167103
4.270175438596491,0.5,0.5,0.4057037748539166,0.5942962251460834
4.284711779448622,0.5,0.5,0.4048990467844815,0.5951009532155185
4.299248120300752,0.5,0.5,0.40409882223225346,0.5959011777677465
4.313784461152882,0.5,0.5,0.40330306027499985,0.5966969397250002
4.328320802005012,0.5,0.5,0.4025117205026826,0.5974882794973174
4.3428571428571425,0.5,0.5,0.40172476300931204,0.598275236990688
4.357393483709273,0.5,0.5,0.40094214838495956,0.5990578516150404
4.371929824561404,0.5,0.5,0.4001638377079223,0.5998361622920777
4.386466165413534,0.5,0.5,0.39938979253703843,0.6006102074629616
4.401002506265664,0.5,0.5,0.3986199749041486,0.6013800250958514
4.415538847117794,0.5,0.5,0.39785434730670033,0.6021456526932997
4.4300751879699245,0.5,0.5,0.3970928727004924,0.6029071272995076
4.444611528822055,0.5,0.5,0.39633551449255733,0.6036644855074427
4.459147869674185,0.5,0.5,0.3955822365341757,0.6044177634658243
4.473684210526316,0.5,0.5,0.3948330031140227,0.6051669968859773
4.488220551378446,0.5,0.5,0.3940877789514431,0.6059122210485569
4.502756892230576,0.5,0.5,0.3933465291898499,0.6066534708101501
4.5172932330827065,0.5,0.5,0.3926092193902465,0.6073907806097535
4.531829573934837,0.5,0.5,0.3918758155248694,0.6081241844751306
4.546365914786967,0.5,0.5,0.3911462839709461,0.6088537160290539
4.560902255639098,0.5,0.5,0.39042059150456954,0.6095794084954305
4.575438596491228,0.5,0.5,0.3896987052946843,0.6103012947053157
4.589974937343358,0.5,0.5,0.3889805928971819,0.6110194071028181
4.604511278195488,0.5,0.5,0.38826622224910434,0.6117337777508957
4.619047619047619,0.5,0.5,0.3875555616629527,0.6124444383370473
4.633583959899749,0.5,0.5,0.3868485798210979,0.6131514201789021
4.64812030075188,0.5,0.5,0.38614524577029374,0.6138547542297063
4.66265664160401,0.5,0.5,0.38544552891628703,0.614554471083713
4.67719298245614,0.5,0.5,0.384749399018525,0.615250600981475
4.69172932330827,0.5,0.5,0.38405682618495707,0.6159431738150429
4.706265664160401,0.5,0.5,0.38336778086692913,0.6166322191330709
4.720802005012531,0.5,0.5,0.38268223385416866,0.6173177661458313
4.735338345864662,0.5,0.5,0.3820001562698585,0.6179998437301415
4.749874686716792,0.5,0.5,0.38132151956579663,0.6186784804342034
4.764411027568922,0.5,0.5,0.3806462955176425,0.6193537044823575
4.778947368421052,0.5,0.5,0.37997445622024584,0.6200255437797542
4.793483709273183,0.5,0.5,0.379305974083057,0.620694025916943
4.808020050125313,0.5,0.5,0.3786408218256171,0.6213591781743829
4.822556390977444,0.5,0.5,0.3779789724731275,0.6220210275268725
4.837092731829574,0.5,0.5,0.3773203993520948,0.6226796006479052
4.851629072681704,0.5,0.5,0.3766650760860517,0.6233349239139483
4.866165413533834,0.5,0.5,0.3760129765913509,0.6239870234086491
4.8807017543859645,0.5,0.5,0.37536407507303204,0.624635924926968
4.895238095238095,0.5,0.5,0.3747183460207584,0.6252816539792416
4.909774436090226,0.5,0.5,0.3740757642048229,0.6259242357951771
4.924310776942356,0.5,0.5,0.37343630467222366,0.6265636953277763
4.938847117794486,0.5,0.5,0.3727999427428035,0.6272000572571965
4.953383458646616,0.5,0.5,0.37216665400545623,0.6278333459945438
4.9679197994987465,0.5,0.5,0.3715364143143971,0.6284635856856029
4.982456140350877,0.5,0.5,0.37090919978549497,0.629090800214505
4.996992481203007,0.5,0.5,0.3702849867926663,0.6297150132073337
5.011528822055138,0.5,0.5,0.3696637519643292,0.6303362480356708
5.026065162907268,0.5,0.5,0.36904547217991746,0.6309545278200825
5.040601503759398,0.5,0.5,0.36843012456645075,0.6315698754335493
5.0551378446115285,0.5,0.5,0.367817686495163,0.632182313504837
5.069674185463659,0.5,0.5,0.36720813557818577,0.6327918644218142
5.084210526315789,0.5,0.5,0.3666014496652866,0.6333985503347134
5.09874686716792,0.5,0.5,0.3659976068406606,0.6340023931593394
5.11328320802005,0.5,0.5,0.36539658541977404,0.634603414580226
5.12781954887218,0.5,0.5,0.36479836394626086,0.6352016360537391
5.1423558897243105,0.5,0.5,0.364202921188868,0.635797078811132
5.156892230576441,0.5,0.5,0.36361023613845134,0.6363897638615487
5.171428571428571,0.5,0.5,0.3630202880050203,0.6369797119949797
5.185964912280702,0.5,0.5,0.3624330562148289,0.6375669437851711
5.200501253132832,0.5,0.5,0.3618485204075155,0.6381514795924845
5.215037593984962,0.5,0.5,0.36126666043328615,0.6387333395667139
5.229573934837092,0.5,0.5,0.3606874563501453,0.6393125436498547
5.244110275689223,0.5,0.5,0.3601108884211688,0.6398891115788312
5.258646616541353,0.5,0.5,0.3595369371118212,0.6404630628881788
5.273182957393484,0.5,0.5,0.35896558308731563,0.6410344169126844
5.287719298245614,0.5,0.5,0.3583968072100149,0.6416031927899851
5.302255639097744,0.5,0.5,0.3578305905368738,0.6421694094631262
5.316791979949874,0.5,0.5,0.35726691431692226,0.6427330856830777
5.331328320802005,0.5,0.5,0.3567057599887865,0.6432942400112135
5.345864661654135,0.5,0.5,0.35614710917825076,0.6438528908217492
5.360401002506266,0.5,0.5,0.35559094369585553,0.6444090563041445
5.374937343358396,0.5,0.5,0.35503724553453375,0.6449627544654662
5.389473684210526,0.5,0.5,0.3544859968672842,0.6455140031327158
5.404010025062656,0.5,0.5,0.3539371800448795,0.6460628199551205
5.4185463659147866,0.5,0.5,0.35339077759361115,0.6466092224063889
5.433082706766917,0.5,0.5,0.3528467722130677,0.6471532277869323
5.447619047619048,0.5,0.5,0.352305146773948,0.647694853226052
5.462155388471178,0.5,0.5,0.35176588431590783,0.6482341156840922
5.476691729323308,0.5,0.5,0.35122896804543857,0.6487710319545614
5.491228070175438,0.5,0.5,0.35069438133377917,0.6493056186662208
5.5057644110275685,0.5,0.5,0.35016210771485956,0.6498378922851404
5.520300751879699,0.5,0.5,0.34963213088327416,0.6503678691167258
5.534837092731829,0.5,0.5,0.3491044346922879,0.6508955653077121
5.54937343358396,0.5,0.5,0.3485790031518703,0.6514209968481297
5.56390977443609,0.5,0.5,0.34805582042676053,0.6519441795732395
5.57844611528822,0.5,0.5,0.34753487083456047,0.6524651291654395
5.5929824561403505,0.5,0.5,0.34701613884385674,0.6529838611561433
5.607518796992481,0.5,0.5,0.3464996090723709,0.6535003909276291
5.622055137844611,0.5,0.5,0.34598526628513615,0.6540147337148638
5.636591478696742,0.5,0.5,0.34547309539270243,0.6545269046072976
5.651127819548872,0.5,0.5,0.34496308144936727,0.6550369185506327
5.665664160401002,0.5,0.5,0.34445520965143206,0.6555447903485679
5.6802005012531325,0.5,0.5,0.34394946533548576,0.6560505346645142
5.694736842105263,0.5,0.5,0.3434458339767117,0.6565541660232883
5.709273182957393,0.5,0.5,0.34294430118722097,0.657055698812779
5.723809523809524,0.5,0.5,0.34244485271440883,0.6575551472855912
5.738345864661654,0.5,0.5,0.3419474744393356,0.6580525255606644
5.752882205513784,0.5,0.5,0.3414521523751308,0.6585478476248692
5.7674185463659144,0.5,0.5,0.34095887266542135,0.6590411273345786
5.781954887218045,0.5,0.5,0.3404676215827802,0.6595323784172198
5.796491228070175,0.5,0.5,0.3399783855272004,0.6600216144727996
5.811027568922306,0.5,0.5,0.33949115102458793,0.6605088489754121
5.825563909774436,0.5,0.5,0.3390059047252789,0.6609940952747211
5.840100250626566,0.5,0.5,0.33852263340257616,0.6614773665974238
5.854636591478696,0.5,0.5,0.3380413239513069,0.6619586760486931
5.869172932330827,0.5,0.5,0.3375619633864023,0.6624380366135977
5.883709273182957,0.5,0.5,0.3370845388414949,0.6629154611585051
5.898245614035088,0.5,0.5,0.3366090375675378,0.6633909624324622
5.912781954887218,0.5,0.5,0.3361354469314428,0.6638645530685572
5.927318295739348,0.5,0.5,0.3356637544147374,0.6643362455852626
5.941854636591478,0.5,0.5,0.3351939476122404,0.6648060523877596
5.956390977443609,0.5,0.5,0.3347260142307572,0.6652739857692428
5.970927318295739,0.5,0.5,0.3342599420877925,0.6657400579122075
5.98546365914787,0.5,0.5,0.3337957191102803,0.6662042808897197
6.0,0.5,0.5,0.33333333333333337,0.6666666666666666
0.2,1,1,1.0,0.0
0.21453634085213033,1,1,1.0,0.0
0.22907268170426065,1,1,1.0,0.0
0.243609022556391,1,1,1.0,0.0
0.2581453634085213,1,1,1.0,0.0
0.27268170426065164,1,1,1.0,0.0
0.28721804511278193,1,1,1.0,0.0
0.3017543859649123,1,1,1.0,0.0
0.3162907268170426,1,1,1.0,0.0
0.3308270676691729,1,1,1.0,0.0
0.34536340852130326,1,1,1.0,0.0
0.3598997493734336,1,1,1.0,0.0
0.3744360902255639,1,1,1.0,0.0
0.3889724310776942,1,1,1.0,0.0
0.4035087719298246,1,1,1.0,0.0
0.4180451127819549,1,1,1.0,0.0
0.4325814536340852,1,1,1.0,0.0
0.4471177944862155,1,1,1.0,0.0
0.4616541353383459,1,1,1.0,0.0
0.47619047619047616,1,1,1.0,0.0
0.4907268170426065,1,1,1.0,0.0
0.5052631578947369,1,1,1.0,0.0
0.5197994987468672,1,1,1.0,0.0
0.5343358395989974,1,1,1.0,0.0
0.5488721804511278,1,1,1.0,0.0
0.5634085213032581,1,1,1.0,0.0
0.5779448621553884,1,1,1.0,0.0
0.5924812030075188,1,1,1.0,0.0
0.6070175438596491,1,1,1.0,0.0
0.6215538847117794,1,1,1.0,0.0
0.6360902255639098,1,1,1.0,0.0
0.65062656641604,1,1,1.0,0.0
0.6651629072681704,1,1,1.0,0.0
0.6796992481203008,1,1,1.0,0.0
0.694235588972431,1,1,1.0,0.0
0.7087719298245614,1,1,1.0,0.0
0.7233082706766918,1,1,1.0,0.0
0.737844611528822,1,1,1.0,0.0
0.7523809523809524,1,1,1.0,0.0
0.7669172932330828,1,1,1.0,0.0
0.781453634085213,1,1,1.0,0.0
0.7959899749373434,1,1,1.0,0.0
0.8105263157894735,1,1,1.0,0.0
0.8250626566416039,1,1,1.0,0.0
0.8395989974937343,1,1,1.0,0.0
0.8541353383458645,1,1,1.0,0.0
0.8686716791979949,1,1,1.0,0.0
0.8832080200501253,1,1,1.0,0.0
0.8977443609022555,1,1,1.0,0.0
0.9122807017543859,1,1,1.0,0.0
0.9268170426065163,1,1,1.0,0.0
0.9413533834586465,1,1,1.0,0.0
0.9558897243107769,1,1,1.0,0.0
0.9704260651629073,1,1,1.0,0.0
0.9849624060150375,1,1,1.0,0.0
0.9994987468671679,1,1,1.0,0.0
1.0140350877192983,1,1,0.986159169550177,0.013840830449822983
1.0285714285714285,1,1,0.9722222222222243,0.02777777777777568
1.0431077694235589,1,1,0.9586737145603088,0.04132628543969119
1.0576441102756893,1,1,0.9454976303317546,0.0545023696682454
1.0721804511278195,1,1,0.9326788218793838,0.06732117812061622
1.0867167919799499,1,1,0.9202029520295212,0.07979704797047882
1.10125313283208,1,1,0.90805644060082,0.09194355939917997
1.1157894736842104,1,1,0.8962264150943402,0.1037735849056598
1.1303258145363408,1,1,0.8847006651884706,0.11529933481152943
1.144862155388471,1,1,0.873467600700526,0.12653239929947402
1.1593984962406014,1,1,0.8625162127107657,0.13748378728923427
1.1739348370927318,1,1,0.8518360375747227,0.1481639624252773
1.188471177944862,1,1,0.8414171235765504,0.1585828764234496
1.2030075187969924,1,1,0.8312500000000003,0.16874999999999973
1.2175438596491226,1,1,0.821325648414986,0.178674351585014
1.232080200501253,1,1,0.8116354759967457,0.18836452400325432
1.2466165413533834,1,1,0.8021712907117011,0.19782870928829888
1.2611528822055136,1,1,0.7929252782193963,0.2070747217806037
1.275689223057644,1,1,0.7838899803536348,0.21611001964636523
1.2902255639097744,1,1,0.7750582750582753,0.2249417249417247
1.3047619047619046,1,1,0.7664233576642339,0.23357664233576614
1.319298245614035,1,1,0.7579787234042556,0.24202127659574435
1.3338345864661654,1,1,0.7497181510710262,0.25028184892897376
1.3483709273182956,1,1,0.7416356877323425,0.25836431226765755
1.362907268170426,1,1,0.733725634424421,0.26627436557557904
1.3774436090225564,1,1,0.7259825327510918,0.2740174672489082
1.3919799498746865,1,1,0.7184011523226506,0.28159884767734944
1.406516290726817,1,1,0.7109764789736281,0.28902352102637185
1.4210526315789471,1,1,0.7037037037037042,0.29629629629629584
1.4355889724310775,1,1,0.6965782122905031,0.3034217877094969
1.450125313283208,1,1,0.6895955755271348,0.3104044244728652
1.464661654135338,1,1,0.6827515400410682,0.3172484599589318
1.4791979949874685,1,1,0.6760420196543546,0.3239579803456454
1.493734335839599,1,1,0.6694630872483225,0.3305369127516775
1.508270676691729,1,1,0.6630109670987041,0.3369890329012959
1.5228070175438595,1,1,0.6566820276497698,0.3433179723502302
1.53734335839599,1,1,0.6504727746984025,0.3495272253015975
1.55187969924812,1,1,0.6443798449612406,0.35562015503875943
1.5664160401002505,1,1,0.6384000000000003,0.3615999999999997
1.5809523809523809,1,1,0.632530120481928,0.367469879518072
1.595488721804511,1,1,0.6267672007540057,0.3732327992459943
1.6100250626566415,1,1,0.6211083437110836,0.3788916562889164
1.6245614035087719,1,1,0.615550755939525,0.384449244060475
1.639097744360902,1,1,0.6100917431192663,0.3899082568807337
1.6536340852130325,1,1,0.6047287056683845,0.39527129433161545
1.6681704260651626,1,1,0.5994591346153848,0.4005408653846152
1.682706766917293,1,1,0.5942806076854337,0.40571939231456633
1.6972431077694234,1,1,0.5891907855877143,0.4108092144122857
1.7117794486215536,1,1,0.5841874084919476,0.4158125915080524
1.726315789473684,1,1,0.5792682926829271,0.4207317073170729
1.7408521303258144,1,1,0.5744313273826664,0.42556867261733355
1.7553884711779446,1,1,0.5696744717304398,0.43032552826956016
1.769924812030075,1,1,0.56499575191164,0.43500424808836
1.7844611528822054,1,1,0.5603932584269664,0.4396067415730336
1.7989974937343356,1,1,0.5558651434940096,0.4441348565059904
1.813533834586466,1,1,0.5514096185737978,0.4485903814262022
1.8280701754385964,1,1,0.5470249520153552,0.45297504798464483
1.8426065162907266,1,1,0.542709466811752,0.45729053318824797
1.857142857142857,1,1,0.5384615384615385,0.46153846153846145
1.8716791979949874,1,1,0.5342795929298341,0.46572040707016593
1.8862155388471176,1,1,0.530162104703694,0.46983789529630604
1.900751879699248,1,1,0.5261075949367091,0.4738924050632909
1.9152882205513784,1,1,0.522114629678095,0.47788537032190503
1.9298245614035086,1,1,0.5181818181818183,0.4818181818181817
1.944360902255639,1,1,0.5143078112915702,0.4856921887084298
1.9588972431077691,1,1,0.5104912998976461,0.4895087001023539
1.9734335839598995,1,1,0.5067310134620271,0.4932689865379729
1.98796992481203,1,1,0.5030257186081697,0.4969742813918303
2.0025062656641603,1,1,0.49937421777221536,0.5006257822277846
2.0170426065162905,1,1,0.4957753479125251,0.5042246520874749
2.031578947368421,1,1,0.49222797927461137,0.5077720207253886
2.0461152882205513,1,1,0.48873101420872134,0.5112689857912787
2.0606516290726815,1,1,0.4852833860374606,0.5147166139625394
2.075187969924812,1,1,0.48188405797101463,0.5181159420289854
2.0897243107769423,1,1,0.4785320220676421,0.5214679779323579
2.1042606516290725,1,1,0.47522629823725593,0.5247737017627441
2.118796992481203,1,1,0.47196593328601844,0.5280340667139816
2.1333333333333333,1,1,0.46875,0.53125
2.1478696741854635,1,1,0.46557759626604445,0.5344224037339556
2.162406015037594,1,1,0.4624478442280946,0.5375521557719054
2.1769423558897243,1,1,0.45935988947731987,0.5406401105226801
2.1914786967418545,1,1,0.45631290027447413,0.5436870997255259
2.206015037593985,1,1,0.45330606680299934,0.5466939331970007
2.2205513784461153,1,1,0.45033860045146734,0.5496613995485327
2.2350877192982455,1,1,0.447409733124019,0.552590266875981
2.249624060150376,1,1,0.44451871657754016,0.5554812834224598
2.2641604010025063,1,1,0.44166482178437017,0.5583351782156298
2.2786967418546364,1,1,0.4388473383194018,0.5611526616805982
2.293233082706767,1,1,0.4360655737704917,0.5639344262295083
2.3077694235588972,1,1,0.4333188531711556,0.5666811468288444
2.3223057644110274,1,1,0.4306065184545651,0.5693934815454349
2.336842105263158,1,1,0.427927927927928,0.572072072072072
2.3513784461152882,1,1,0.42528245576636103,0.574717544233639
2.3659147869674184,1,1,0.42266949152542377,0.5773305084745762
2.380451127819549,1,1,0.4200884396715098,0.5799115603284902
2.394987468671679,1,1,0.41753871912934293,0.5824612808706571
2.4095238095238094,1,1,0.41501976284584985,0.5849802371541502
2.42406015037594,1,1,0.41253101736972697,0.587468982630273
2.43859649122807,1,1,0.41007194244604317,0.5899280575539568
2.4531328320802004,1,1,0.4076420106252554,0.5923579893747446
2.467669172932331,1,1,0.4052407068860451,0.5947592931139549
2.482205513784461,1,1,0.4028675282714055,0.5971324717285945
2.4967418546365914,1,1,0.4005219835374423,0.5994780164625577
2.511278195488722,1,1,0.39820359281437123,0.6017964071856288
2.525814536340852,1,1,0.3959118872792221,0.6040881127207779
2.5403508771929824,1,1,0.3936464088397791,0.6063535911602209
2.554887218045113,1,1,0.39140670982931147,0.6085932901706885
2.569423558897243,1,1,0.3891923527116661,0.6108076472883339
2.5839598997493733,1,1,0.38700290979631435,0.6129970902036856
2.5984962406015035,1,1,0.384837962962963,0.615162037037037
2.613032581453634,1,1,0.3826971033953578,0.6173028966046422
2.6275689223057643,1,1,0.3805799313239222,0.6194200686760778
2.6421052631578945,1,1,0.37848605577689254,0.6215139442231075
2.656641604010025,1,1,0.3764150943396227,0.6235849056603773
2.6711779448621553,1,1,0.37436667292174897,0.625633327078251
2.6857142857142855,1,1,0.37234042553191493,0.6276595744680851
2.700250626566416,1,1,0.3703359940597736,0.6296640059402264
2.7147869674185463,1,1,0.3683530280649927,0.6316469719350073
2.7293233082706765,1,1,0.3663911845730028,0.6336088154269972
2.743859649122807,1,1,0.36445012787723785,0.6355498721227621
2.7583959899749373,1,1,0.3625295293476286,0.6374704706523714
2.7729323308270675,1,1,0.36062906724511934,0.6393709327548807
2.787468671679198,1,1,0.3587484265419889,0.6412515734580111
2.8020050125313283,1,1,0.3568872987477639,0.6431127012522361
2.8165413533834585,1,1,0.35504538174052336,0.6449546182594766
2.831077694235589,1,1,0.35322237960339953,0.6467776203966005
2.8456140350877193,1,1,0.35141800246609123,0.6485819975339088
2.8601503759398494,1,1,0.3496319663512093,0.6503680336487907
2.87468671679198,1,1,0.34786399302528337,0.6521360069747166
2.8892230576441102,1,1,0.3461138098542679,0.6538861901457321
2.9037593984962404,1,1,0.34438114966338684,0.6556188503366132
2.918295739348371,1,1,0.342665750601168,0.657334249398832
2.9328320802005012,1,1,0.34096735600752015,0.6590326439924798
2.9473684210526314,1,1,0.3392857142857143,0.6607142857142857
2.961904761904762,1,1,0.3376205787781351,0.6623794212218649
2.976441102756892,1,1,0.33597170764567197,0.664028292354328
2.9909774436090224,1,1,0.3343388637506286,0.6656611362493714
3.005513784461153,1,1,0.33272181454302874,0.6672781854569713
3.020050125313283,1,1,0.3311203319502075,0.6688796680497925
3.0345864661654134,1,1,0.3295341922695738,0.6704658077304262
3.049122807017544,1,1,0.3279631760644419,0.6720368239355581
3.063659147869674,1,1,0.32640706806282727,0.6735929319371727
3.0781954887218044,1,1,0.32486565705911097,0.675134342940889
3.092731829573935,1,1,0.3233387358184765,0.6766612641815235
3.107268170426065,1,1,0.32182610098402975,0.6781738990159702
3.1218045112781954,1,1,0.3203275529865126,0.6796724470134874
3.1363408521303255,1,1,0.3188428959565288,0.6811571040434712
3.150877192982456,1,1,0.31737193763919824,0.6826280623608018
3.1654135338345863,1,1,0.31591448931116395,0.684085510688836
3.1799498746867165,1,1,0.31447036569987397,0.685529634300126
3.194486215538847,1,1,0.31303938490506833,0.6869606150949317
3.2090225563909773,1,1,0.3116213683223993,0.6883786316776007
3.2235588972431075,1,1,0.3102161405691184,0.6897838594308816
3.238095238095238,1,1,0.3088235294117647,0.6911764705882353
3.2526315789473683,1,1,0.3074433656957929,0.6925566343042071
3.2671679197994985,1,1,0.3060754832770789,0.6939245167229211
3.281704260651629,1,1,0.30471971895524674,0.6952802810447533
3.2962406015037593,1,1,0.30337591240875916,0.6966240875912408
3.3107769423558895,1,1,0.3020439061317185,0.6979560938682815
3.32531328320802,1,1,0.3007235453723244,0.6992764546276756
3.3398496240601503,1,1,0.2994146780729402,0.7005853219270598
3.3543859649122805,1,1,0.2981171548117155,0.7018828451882845
3.368922305764411,1,1,0.2968308287457224,0.7031691712542776
3.3834586466165413,1,1,0.29555555555555557,0.7044444444444444
3.3979949874686715,1,1,0.2942911933913557,0.7057088066086443
3.412531328320802,1,1,0.2930376028202115,0.7069623971797885
3.4270676691729323,1,1,0.2917946467749013,0.7082053532250987
3.4416040100250624,1,1,0.2905621905039325,0.7094378094960675
3.456140350877193,1,1,0.28934010152284273,0.7106598984771573
3.4706766917293232,1,1,0.28812824956672445,0.7118717504332756
3.4852130325814534,1,1,0.2869265065439379,0.7130734934560621
3.499749373433584,1,1,0.28573474649097685,0.7142652535090231
3.5142857142857142,1,1,0.2845528455284553,0.7154471544715447
3.5288220551378444,1,1,0.2833806818181819,0.7166193181818181
3.543358395989975,1,1,0.28221813552129016,0.7177818644787098
3.557894736842105,1,1,0.28106508875739644,0.7189349112426036
3.5724310776942354,1,1,0.27992142556475375,0.7200785744352463
3.586967418546366,1,1,0.2787870318613751,0.7212129681386249
3.601503759398496,1,1,0.2776617954070981,0.7223382045929019
3.6160401002506264,1,1,0.27654560576656506,0.7234543942334349
3.630576441102757,1,1,0.27543835427309127,0.7245616457269087
3.645112781954887,1,1,0.2743399339933994,0.7256600660066006
3.6596491228070174,1,1,0.27325023969319284,0.7267497603068072
3.6741854636591476,1,1,0.27216916780354716,0.7278308321964528
3.688721804511278,1,1,0.27109661638809623,0.7289033836119038
3.7032581453634084,1,1,0.27003248511099087,0.7299675148890091
3.7177944862155385,1,1,0.26897667520560875,0.7310233247943912
3.732330827067669,1,1,0.26792908944399685,0.7320709105560032
3.7468671679197993,1,1,0.26688963210702343,0.7331103678929766
3.7614035087719295,1,1,0.26585820895522394,0.7341417910447761
3.77593984962406,1,1,0.26483472720031864,0.7351652727996814
3.7904761904761903,1,1,0.2638190954773869,0.7361809045226131
3.8050125313283205,1,1,0.26281122381767885,0.7371887761823211
3.819548872180451,1,1,0.26181102362204733,0.7381889763779527
3.8340852130325813,1,1,0.2608184076349851,0.7391815923650149
3.8486215538847115,1,1,0.2598332899192498,0.7401667100807502
3.863157894736842,1,1,0.2588555858310626,0.7411444141689374
3.8776942355889723,1,1,0.25788521199586356,0.7421147880041364
3.8922305764411025,1,1,0.25692208628461044,0.7430779137153896
3.906766917293233,1,1,0.25596612779060823,0.7440338722093918
3.9213032581453633,1,1,0.2550172568068516,0.7449827431931484
3.9358395989974935,1,1,0.25407539480387165,0.7459246051961284
3.950375939849624,1,1,0.25314046440807014,0.7468595355919299
3.9649122807017543,1,1,0.25221238938053103,0.747787610619469
3.9794486215538845,1,1,0.25129109459629684,0.7487089054037032
3.993984962406015,1,1,0.25037650602409645,0.7496234939759036
4.008521303258145,1,1,0.24946855070651502,0.7505314492934849
4.023057644110275,1,1,0.24856715674059315,0.7514328432594068
4.037593984962406,1,1,0.24767225325884545,0.7523277467411545
4.052130325814536,1,1,0.24678377041068783,0.7532162295893121
4.066666666666666,1,1,0.24590163934426235,0.7540983606557377
4.081203007518797,1,1,0.24502579218865145,0.7549742078113486
4.095739348370927,1,1,0.2441561620364705,0.7558438379635295
4.110275689223057,1,1,0.24329268292682932,0.7567073170731706
4.124812030075188,1,1,0.2424352898286548,0.7575647101713452
4.139348370927318,1,1,0.2415839186243643,0.7584160813756358
4.153884711779448,1,1,0.24073850609388203,0.759261493906118
4.168421052631579,1,1,0.2398989898989899,0.7601010101010102
4.182957393483709,1,1,0.23906530856800484,0.7609346914319952
4.197493734335839,1,1,0.23823740148077388,0.7617625985192261
4.21203007518797,1,1,0.2374152088539807,0.7625847911460193
4.2265664160401,1,1,0.2365986717267552,0.7634013282732448
4.24110275689223,1,1,0.23578773194657843,0.7642122680534216
4.2556390977443606,1,1,0.2349823321554771,0.7650176678445229
4.270175438596491,1,1,0.23418241577649956,0.7658175842235004
4.284711779448622,1,1,0.23338792700046795,0.766612072999532
4.299248120300752,1,1,0.23259881077299754,0.7674011892270025
4.313784461152882,1,1,0.23181501278178018,0.7681849872182198
4.328320802005012,1,1,0.23103647944412276,0.7689635205558772
4.3428571428571425,1,1,0.2302631578947369,0.769736842105263
4.357393483709273,1,1,0.22949499597377204,0.770505004026228
4.371929824561404,1,1,0.22873194221508825,0.7712680577849118
4.386466165413534,1,1,0.22797394583476177,0.7720260541652382
4.401002506265664,1,1,0.2272209567198178,0.7727790432801822
4.415538847117794,1,1,0.226472925417187,0.773527074582813
4.4300751879699245,1,1,0.22572980312287855,0.7742701968771215
4.444611528822055,1,1,0.22499154167136576,0.7750084583286343
4.459147869674185,1,1,0.2242580935251799,0.7757419064748201
4.473684210526316,1,1,0.22352941176470592,0.776470588235294
4.488220551378446,1,1,0.22280545007817737,0.7771945499218227
4.502756892230576,1,1,0.22208616275186466,0.7779138372481353
4.5172932330827065,1,1,0.22137150466045274,0.7786284953395473
4.531829573934837,1,1,0.22066143125760423,0.7793385687423957
4.546365914786967,1,1,0.2199558985667034,0.7800441014332966
4.560902255639098,1,1,0.21925486317177717,0.7807451368282228
4.575438596491228,1,1,0.21855828220858897,0.781441717791411
4.589974937343358,1,1,0.2178661133559026,0.7821338866440974
4.604511278195488,1,1,0.21717831482691058,0.7828216851730894
4.619047619047619,1,1,0.2164948453608248,0.7835051546391751
4.633583959899749,1,1,0.21581566421462572,0.7841843357853743
4.64812030075188,1,1,0.21514073115496601,0.784859268845034
4.66265664160401,1,1,0.2144700064502258,0.7855299935497742
4.67719298245614,1,1,0.21380345086271568,0.7861965491372843
4.69172932330827,1,1,0.21314102564102566,0.7868589743589743
4.706265664160401,1,1,0.21248269251251467,0.7875173074874853
4.720802005012531,1,1,0.21182841367593974,0.7881715863240603
4.735338345864662,1,1,0.2111781517942204,0.7888218482057796
4.749874686716792,1,1,0.21053186998733642,0.7894681300126636
4.764411027568922,1,1,0.20988953182535508,0.7901104681746449
4.778947368421052,1,1,0.20925110132158597,0.790748898678414
4.793483709273183,1,1,0.20861654292586018,0.7913834570741398
4.808020050125313,1,1,0.20798582151793166,0.7920141784820683
4.822556390977444,1,1,0.20735890240099786,0.7926410975990021
4.837092731829574,1,1,0.20673575129533678,0.7932642487046633
4.851629072681704,1,1,0.20611633433205911,0.7938836656679409
4.866165413533834,1,1,0.20550061804697162,0.7944993819530284
4.8807017543859645,1,1,0.2048885693745507,0.7951114306254493
4.895238095238095,1,1,0.20428015564202334,0.7957198443579767
4.909774436090226,1,1,0.20367534456355285,0.7963246554364471
4.924310776942356,1,1,0.2030741042345277,0.7969258957654723
4.938847117794486,1,1,0.2024764031259515,0.7975235968740485
4.953383458646616,1,1,0.20188221007893142,0.7981177899210685
4.9679197994987465,1,1,0.20129149429926346,0.7987085057007366
4.982456140350877,1,1,0.20070422535211274,0.7992957746478873
4.996992481203007,1,1,0.2001203731567861,0.7998796268432139
5.011528822055138,1,1,0.19953990798159632,0.8004600920184037
5.026065162907268,1,1,0.1989628004388152,0.8010371995611848
5.040601503759398,1,1,0.19838902147971366,0.8016109785202863
5.0551378446115285,1,1,0.1978185423896877,0.8021814576103123
5.069674185463659,1,1,0.1972513347834685,0.8027486652165314
5.084210526315789,1,1,0.1966873706004142,0.8033126293995858
5.09874686716792,1,1,0.19612662209988202,0.8038733779001179
5.11328320802005,1,1,0.19556906185668071,0.8044309381433192
5.12781954887218,1,1,0.19501466275659823,0.8049853372434017
5.1423558897243105,1,1,0.19446339799200701,0.805536602007993
5.156892230576441,1,1,0.19391524105754282,0.8060847589424571
5.171428571428571,1,1,0.19337016574585641,0.8066298342541436
5.185964912280702,1,1,0.19282814614343707,0.8071718538565629
5.200501253132832,1,1,0.19228915662650609,0.8077108433734939
5.215037593984962,1,1,0.1917531718569781,0.808246828143022
5.229573934837092,1,1,0.19122016677849135,0.8087798332215086
5.244110275689223,1,1,0.1906901166125024,0.8093098833874977
5.258646616541353,1,1,0.1901629968544467,0.8098370031455533
5.273182957393484,1,1,0.18963878326996197,0.810361216730038
5.287719298245614,1,1,0.18911745189117452,0.8108825481088255
5.302255639097744,1,1,0.18859897901304595,0.811401020986954
5.316791979949874,1,1,0.18808334118978037,0.8119166588102196
5.331328320802005,1,1,0.18757051523128998,0.81242948476871
5.345864661654135,1,1,0.18706047819971877,0.8129395218002813
5.360401002506266,1,1,0.18655320740602205,0.8134467925939779
5.374937343358396,1,1,0.18604868040660266,0.8139513195933974
5.389473684210526,1,1,0.185546875,0.814453125
5.404010025062656,1,1,0.1850477692236342,0.8149522307763658
5.4185463659147866,1,1,0.1845513413506013,0.8154486586493987
5.433082706766917,1,1,0.18405756988652094,0.815942430113479
5.447619047619048,1,1,0.1835664335664336,0.8164335664335665
5.462155388471178,1,1,0.18307791135174822,0.8169220886482518
5.476691729323308,1,1,0.1825919824272378,0.8174080175727623
5.491228070175438,1,1,0.18210862619808305,0.8178913738019169
5.5057644110275685,1,1,0.18162782228696284,0.8183721777130372
5.520300751879699,1,1,0.18114955053119047,0.8188504494688096
5.534837092731829,1,1,0.180673790979895,0.819326209020105
5.54937343358396,1,1,0.1802005238912474,0.8197994761087526
5.56390977443609,1,1,0.17972972972972973,0.8202702702702702
5.57844611528822,1,1,0.17926138916344686,0.8207386108365531
5.5929824561403505,1,1,0.17879548306148058,0.8212045169385194
5.607518796992481,1,1,0.17833199249128456,0.8216680075087155
5.622055137844611,1,1,0.17787089871611989,0.8221291012838801
5.636591478696742,1,1,0.17741218319253,0.8225878168074701
5.651127819548872,1,1,0.17695582756785527,0.8230441724321447
5.665664160401002,1,1,0.17650181367778467,0.8234981863222153
5.6802005012531325,1,1,0.17605012354394645,0.8239498764560536
5.694736842105263,1,1,0.17560073937153425,0.8243992606284658
5.709273182957393,1,1,0.17515364354697105,0.824846356453029
5.723809523809524,1,1,0.17470881863560733,0.8252911813643926
5.738345864661654,1,1,0.17426624737945495,0.825733752620545
5.752882205513784,1,1,0.17382591269495518,0.8261740873050448
5.7674185463659144,1,1,0.1733877976707805,0.8266122023292195
5.781954887218045,1,1,0.1729518855656697,0.8270481144343302
5.796491228070175,1,1,0.17251815980629542,0.8274818401937045
5.811027568922306,1,1,0.17208660398516346,0.8279133960148366
5.825563909774436,1,1,0.17165720185854416,0.8283427981414558
5.840100250626566,1,1,0.17122993734443398,0.8287700626555661
5.854636591478696,1,1,0.17080479452054798,0.829195205479452
5.869172932330827,1,1,0.1703817576223418,0.8296182423776581
5.883709273182957,1,1,0.1699608110410633,0.8300391889589367
5.898245614035088,1,1,0.16954193932183226,0.8304580606781677
5.912781954887218,1,1,0.16912512716174977,0.8308748728382502
5.927318295739348,1,1,0.16871035940803386,0.8312896405919661
5.941854636591478,1,1,0.16829762105618357,0.8317023789438165
5.956390977443609,1,1,0.1678868972481697,0.8321131027518303
5.970927318295739,1,1,0.16747817327065145,0.8325218267293486
5.98546365914787,1,1,0.16707143455322,0.83292856544678
6.0,1,1,0.16666666666666669,0.8333333333333333
0.2,2,2,1.0,0.0
0.21453634085213033,2,2,1.0,0.0
0.22907268170426065,2,2,1.0,0.0
0.243609022556391,2,2,1.0,0.0
0.2581453634085213,2,2,1.0,0.0
0.27268170426065164,2,2,1.0,0.0
0.28721804511278193,2,2,1.0,0.0
0.3017543859649123,2,2,1.0,0.0
0.3162907268170426,2,2,1.0,0.0
0.3308270676691729,2,2,1.0,0.0
0.34536340852130326,2,2,1.0,0.0
0.3598997493734336,2,2,1.0,0.0
0.3744360902255639,2,2,1.0,0.0
0.3889724310776942,2,2,1.0,0.0
0.4035087719298246,2,2,1.0,0.0
0.4180451127819549,2,2,1.0,0.0
0.4325814536340852,2,2,1.0,0.0
0.4471177944862155,2,2,1.0,0.0
0.4616541353383459,2,2,1.0,0.0
0.47619047619047616,2,2,1.0,0.0
0.4907268170426065,2,2,1.0,0.0
0.5052631578947369,2,2,1.0,0.0
0.5197994987468672,2,2,1.0,0.0
0.5343358395989974,2,2,1.0,0.0
0.5488721804511278,2,2,1.0,0.0
0.5634085213032581,2,2,1.0,0.0
0.5779448621553884,2,2,1.0,0.0
0.5924812030075188,2,2,1.0,0.0
0.6070175438596491,2,2,1.0,0.0
0.6215538847117794,2,2,1.0,0.0
0.6360902255639098,2,2,1.0,0.0
0.65062656641604,2,2,1.0,0.0
0.6651629072681704,2,2,1.0,0.0
0.6796992481203008,2,2,1.0,0.0
0.694235588972431,2,2,1.0,0.0
0.7087719298245614,2,2,1.0,0.0
0.7233082706766918,2,2,1.0,0.0
0.737844611528822,2,2,1.0,0.0
0.7523809523809524,2,2,1.0,0.0
0.7669172932330828,2,2,1.0,0.0
0.781453634085213,2,2,1.0,0.0
0.7959899749373434,2,2,1.0,0.0
0.8105263157894735,2,2,1.0,0.0
0.8250626566416039,2,2,1.0,0.0
0.8395989974937343,2,2,1.0,0.0
0.8541353383458645,2,2,1.0,0.0
0.8686716791979949,2,2,1.0,0.0
0.8832080200501253,2,2,1.0,0.0
0.8977443609022555,2,2,1.0,0.0
0.9122807017543859,2,2,1.0,0.0
0.9268170426065163,2,2,1.0,0.0
0.9413533834586465,2,2,1.0,0.0
0.9558897243107769,2,2,1.0,0.0
0.9704260651629073,2,2,1.0,0.0
0.9849624060150375,2,2,1.0,0.0
0.9994987468671679,2,2,1.0,0.0
1.0140350877192983,2,2,0.9815741158680928,0.018425884131907155
1.0285714285714285,2,2,0.9630787082251817,0.03692129177481829
1.0431077694235589,2,2,0.9451560593861601,0.0548439406138399
1.0576441102756893,2,2,0.9277812432813934,0.07221875671860656
1.0721804511278195,2,2,0.9109307312744144,0.08906926872558563
1.0867167919799499,2,2,0.8945822965401156,0.10541770345988444
1.10125313283208,2,2,0.8787149261447809,0.12128507385521914
1.1157894736842104,2,2,0.863308740116346,0.13669125988365405
1.1303258145363408,2,2,0.8483449168672796,0.15165508313272036
1.144862155388471,2,2,0.8338056243979195,0.1661943756020805
1.1593984962406014,2,2,0.8196739567661027,0.18032604323389734
1.1739348370927318,2,2,0.8059338753604273,0.19406612463957273
1.188471177944862,2,2,0.7925701545602217,0.20742984543977827
1.2030075187969924,2,2,0.7795683314060673,0.2204316685939327
1.2175438596491226,2,2,0.7669146589410292,0.23308534105897083
1.232080200501253,2,2,0.7545960629151933,0.24540393708480668
1.2466165413533834,2,2,0.7426001015751007,0.2573998984248993
1.2611528822055136,2,2,0.7309149282856346,0.26908507171436535
1.275689223057644,2,2,0.7195292567551932,0.2804707432448068
1.2902255639097744,2,2,0.7084323286558707,0.2915676713441293
1.3047619047619046,2,2,0.6976138834491481,0.3023861165508519
1.319298245614035,2,2,0.6870641302444946,0.31293586975550536
1.3338345864661654,2,2,0.6767737215335086,0.32322627846649143
1.3483709273182956,2,2,0.6667337286559485,0.3332662713440515
1.362907268170426,2,2,0.656935618866423,0.34306438113357696
1.3774436090225564,2,2,0.6473712338817121,0.35262876611828786
1.3919799498746865,2,2,0.6380327697988368,0.36196723020116317
1.406516290726817,2,2,0.6289127582832024,0.37108724171679763
1.4210526315789471,2,2,0.6200040489344669,0.3799959510655331
1.4355889724310775,2,2,0.611299792745368,0.38870020725463195
1.450125313283208,2,2,0.6027934265756218,0.39720657342437815
1.464661654135338,2,2,0.5944786585692621,0.4055213414307379
1.4791979949874685,2,2,0.5863494544495023,0.41365054555049774
1.493734335839599,2,2,0.5784000246303895,0.42159997536961047
1.508270676691729,2,2,0.570624812089265,0.42937518791073503
1.5228070175438595,2,2,0.5630184809483765,0.4369815190516235
1.53734335839599,2,2,0.5555759057179472,0.44442409428205276
1.55187969924812,2,2,0.5482921611566205,0.4517078388433795
1.5664160401002505,2,2,0.5411625127085211,0.4588374872914789
1.5809523809523809,2,2,0.5341824074792099,0.46581759252079014
1.595488721804511,2,2,0.5273474657155888,0.47265253428441123
1.6100250626566415,2,2,0.5206534727573808,0.47934652724261917
1.6245614035087719,2,2,0.5140963714301487,0.48590362856985125
1.639097744360902,2,2,0.5076722548519805,0.49232774514801947
1.6536340852130325,2,2,0.5013773596279558,0.4986226403720442
1.6681704260651626,2,2,0.495208059408335,0.504791940591665
1.682706766917293,2,2,0.48916085878810067,0.5108391412118993
1.6972431077694234,2,2,0.4832323875270321,0.5167676124729679
1.7117794486215536,2,2,0.4774193950709271,0.5225806049290729
1.726315789473684,2,2,0.4717187453559162,0.5282812546440838
1.7408521303258144,2,2,0.4661274118790253,0.5338725881209747
1.7553884711779446,2,2,0.46064247301928596,0.539357526980714
1.769924812030075,2,2,0.4552611075947324,0.5447388924052676
1.7844611528822054,2,2,0.4499805906415939,0.5500194093584061
1.7989974937343356,2,2,0.44479828940289035,0.5552017105971097
1.813533834586466,2,2,0.4397116595144708,0.5602883404855292
1.8280701754385964,2,2,0.4347182413773045,0.5652817586226955
1.8426065162907266,2,2,0.429815656705554,0.570184343294446
1.857142857142857,2,2,0.42500160524062025,0.5749983947593797
1.8716791979949874,2,2,0.4202738616219732,0.5797261383780268
1.8862155388471176,2,2,0.4156302724061527,0.5843697275938473
1.900751879699248,2,2,0.41106875322586045,0.5889312467741395
1.9152882205513784,2,2,0.4065872860815616,0.5934127139184384
1.9298245614035086,2,2,0.40218391675847776,0.5978160832415222
1.944360902255639,2,2,0.3978567523622871,0.6021432476377129
1.9588972431077691,2,2,0.3936039589672462,0.6063960410327538
1.9734335839598995,2,2,0.3894237593708296,0.6105762406291704
1.98796992481203,2,2,0.3853144309493295,0.6146855690506705
2.0025062656641603,2,2,0.381274303609185,0.618725696390815
2.0170426065162905,2,2,0.37730175782912356,0.6226982421708764
2.031578947368421,2,2,0.37339522278847115,0.6266047772115289
2.0461152882205513,2,2,0.369553174577271,0.630446825422729
2.0606516290726815,2,2,0.365774134484083,0.634225865515917
2.075187969924812,2,2,0.36205666735758735,0.6379433326424127
2.0897243107769423,2,2,0.35839938003832517,0.6416006199616748
2.1042606516290725,2,2,0.35480091985711537,0.6451990801428846
2.118796992481203,2,2,0.3512599731968862,0.6487400268031138
2.1333333333333333,2,2,0.34777526411483173,0.6522247358851683
2.1478696741854635,2,2,0.3443455530219818,0.6556544469780182
2.162406015037594,2,2,0.3409696354174272,0.6590303645825728
2.1769423558897243,2,2,0.3376463406745941,0.6623536593254059
2.1914786967418545,2,2,0.3343745308771019,0.6656254691228981
2.206015037593985,2,2,0.33115309970187146,0.6688469002981285
2.2205513784461153,2,2,0.3279809713472721,0.6720190286527279
2.2350877192982455,2,2,0.3248570995042174,0.6751429004957826
2.249624060150376,2,2,0.3217804663682242,0.6782195336317758
2.2641604010025063,2,2,0.3187500816905591,0.6812499183094409
2.2786967418546364,2,2,0.31576498186668556,0.6842350181333144
2.293233082706767,2,2,0.31282422906032736,0.6871757709396726
2.3077694235588972,2,2,0.30992691036154185,0.6900730896384581
2.3223057644110274,2,2,0.3070721369772804,0.6929278630227196
2.336842105263158,2,2,0.3042590434529959,0.6957409565470041
2.3513784461152882,2,2,0.3014867869239197,0.6985132130760803
2.3659147869674184,2,2,0.29875454639470866,0.7012454536052913
2.380451127819549,2,2,0.29606152204622194,0.7039384779537781
2.394987468671679,2,2,0.2934069345682502,0.7065930654317498
2.4095238095238094,2,2,0.29079002451707825,0.7092099754829218
2.42406015037594,2,2,0.2882100516968146,0.7117899483031854
2.43859649122807,2,2,0.2856662945634769,0.7143337054365231
2.4531328320802004,2,2,0.2831580496508661,0.7168419503491339
2.467669172932331,2,2,0.2806846310173128,0.7193153689826872
2.482205513784461,2,2,0.27824536971242186,0.7217546302875781
2.4967418546365914,2,2,0.27583961326298023,0.7241603867370198
2.511278195488722,2,2,0.2734667251772349,0.7265332748227651
2.525814536340852,2,2,0.2711260844667872,0.7288739155332128
2.5403508771929824,2,2,0.2688170851853773,0.7311829148146227
2.554887218045113,2,2,0.26653913598387446,0.7334608640161255
2.569423558897243,2,2,0.26429165968081647,0.7357083403191835
2.5839598997493733,2,2,0.2620740928478702,0.7379259071521298
2.5984962406015035,2,2,0.25988588540961854,0.7401141145903815
2.613032581453634,2,2,0.25772650025710053,0.7422734997428995
2.6275689223057643,2,2,0.2555954128745619,0.7444045871254381
2.6421052631578945,2,2,0.2534921109788931,0.7465078890211069
2.656641604010025,2,2,0.2514160941712613,0.7485839058287387
2.6711779448621553,2,2,0.24936687360045845,0.7506331263995416
2.6857142857142855,2,2,0.24734397163750987,0.7526560283624901
2.700250626566416,2,2,0.24534692156111504,0.754653078438885
2.7147869674185463,2,2,0.24337526725349762,0.7566247327465023
2.7293233082706765,2,2,0.24142856290627285,0.7585714370937271
2.743859649122807,2,2,0.2395063727359502,0.7604936272640498
2.7583959899749373,2,2,0.23760827070870788,0.7623917292912921
2.7729323308270675,2,2,0.2357338402740896,0.7642661597259104
2.787468671679198,2,2,0.2338826741072929,0.7661173258927071
2.8020050125313283,2,2,0.2320543738597265,0.7679456261402735
2.8165413533834585,2,2,0.23024854991753274,0.7697514500824673
2.831077694235589,2,2,0.22846482116778222,0.7715351788322178
2.8456140350877193,2,2,0.22670281477205761,0.7732971852279424
2.8601503759398494,2,2,0.2249621659471599,0.7750378340528401
2.87468671679198,2,2,0.22324251775267662,0.7767574822473233
2.8892230576441102,2,2,0.22154352088516693,0.7784564791148331
2.9037593984962404,2,2,0.2198648334787235,0.7801351665212766
2.918295739348371,2,2,0.21820612091168512,0.7817938790883149
2.9328320802005012,2,2,0.2165670556192812,0.7834329443807189
2.9473684210526314,2,2,0.21494731691199703,0.7850526830880029
2.961904761904762,2,2,0.21334659079946067,0.7866534092005393
2.976441102756892,2,2,0.2117645698196558,0.7882354301803443
2.9909774436090224,2,2,0.21020095287327623,0.7897990471267238
3.005513784461153,2,2,0.20865544506304318,0.7913445549369569
3.020050125313283,2,2,0.20712775753781376,0.7928722424621862
3.0345864661654134,2,2,0.2056176073413169,0.794382392658683
3.049122807017544,2,2,0.20412471726535625,0.7958752827346438
3.063659147869674,2,2,0.20264881570733145,0.7973511842926686
3.0781954887218044,2,2,0.2011896365319274,0.7988103634680725
3.092731829573935,2,2,0.19974691893683394,0.8002530810631661
3.107268170426065,2,2,0.19832040732235967,0.8016795926776403
3.1218045112781954,2,2,0.19690985116480886,0.8030901488351911
3.1363408521303255,2,2,0.19551500489349727,0.8044849951065027
3.150877192982456,2,2,0.19413562777128662,0.8058643722287133
3.1654135338345863,2,2,0.19277148377852016,0.8072285162214798
3.1799498746867165,2,2,0.1914223415002495,0.8085776584997505
3.194486215538847,2,2,0.19008797401664346,0.8099120259833565
3.2090225563909773,2,2,0.18876815879647713,0.8112318412035229
3.2235588972431075,2,2,0.1874626775935999,0.8125373224064001
3.238095238095238,2,2,0.1861713163462873,0.8138286836537127
3.2526315789473683,2,2,0.1848938650793835,0.8151061349206166
3.2671679197994985,2,2,0.18363011780914568,0.8163698821908543
3.281704260651629,2,2,0.18237987245070408,0.8176201275492959
3.2962406015037593,2,2,0.18114293072805554,0.8188570692719445
3.3107769423558895,2,2,0.17991909808650863,0.8200809019134914
3.32531328320802,2,2,0.1787081836075059,0.821291816392494
3.3398496240601503,2,2,0.17750999992574734,0.8224900000742527
3.3543859649122805,2,2,0.17632436314854316,0.8236756368514568
3.368922305764411,2,2,0.1751510927773285,0.8248489072226715
3.3834586466165413,2,2,0.17399001163127087,0.8260099883687291
3.3979949874686715,2,2,0.17284094577290793,0.8271590542270921
3.412531328320802,2,2,0.17170372443575255,0.8282962755642475
3.4270676691729323,2,2,0.17057817995380553,0.8294218200461945
3.4416040100250624,2,2,0.16946414769291718,0.8305358523070828
3.456140350877193,2,2,0.16836146598394314,0.8316385340160568
3.4706766917293232,2,2,0.16726997605763955,0.8327300239423605
3.4852130325814534,2,2,0.1661895219812456,0.8338104780187544
3.499749373433584,2,2,0.16511995059670276,0.8348800494032973
3.5142857142857142,2,2,0.16406111146046298,0.835938888539537
3.5288220551378444,2,2,0.16301285678483718,0.8369871432151628
3.543358395989975,2,2,0.16197504138084007,0.8380249586191599
3.557894736842105,2,2,0.16094752260248668,0.8390524773975133
3.5724310776942354,2,2,0.15993016029249774,0.8400698397075023
3.586967418546366,2,2,0.15892281672937392,0.8410771832706261
3.601503759398496,2,2,0.15792535657579737,0.8420746434242026
3.6160401002506264,2,2,0.15693764682832456,0.8430623531716754
3.630576441102757,2,2,0.1559595567683308,0.8440404432316693
3.645112781954887,2,2,0.1549909579141724,0.8450090420858276
3.6596491228070174,2,2,0.15403172397453047,0.8459682760254695
3.6741854636591476,2,2,0.15308173080290305,0.8469182691970969
3.688721804511278,2,2,0.1521408563532134,0.8478591436467866
3.7032581453634084,2,2,0.1512089806365024,0.8487910193634975
3.7177944862155385,2,2,0.15028598567867452,0.8497140143213255
3.732330827067669,2,2,0.1493717554792684,0.8506282445207316
3.7468671679197993,2,2,0.14846617597122252,0.8515338240287775
3.7614035087719295,2,2,0.14756913498160923,0.8524308650183907
3.77593984962406,2,2,0.14668052219330924,0.8533194778066908
3.7904761904761903,2,2,0.14580022910760215,0.8541997708923978
3.8050125313283205,2,2,0.1449281490076456,0.8550718509923544
3.819548872180451,2,2,0.1440641769228208,0.8559358230771792
3.8340852130325813,2,2,0.1432082095939196,0.8567917904060804
3.8486215538847115,2,2,0.14236014543915043,0.8576398545608496
3.863157894736842,2,2,0.14151988452094105,0.8584801154790589
3.8776942355889723,2,2,0.14068732851351645,0.8593126714864836
3.8922305764411025,2,2,0.13986238067123125,0.8601376193287688
3.906766917293233,2,2,0.13904494579763588,0.8609550542023641
3.9213032581453633,2,2,0.13823493021525768,0.8617650697847423
3.9358395989974935,2,2,0.13743224173607693,0.8625677582639231
3.950375939849624,2,2,0.13663678963268067,0.8633632103673193
3.9649122807017543,2,2,0.13584848461007493,0.8641515153899251
3.9794486215538845,2,2,0.13506723877813903,0.8649327612218609
3.993984962406015,2,2,0.13429296562470494,0.8657070343752951
4.008521303258145,2,2,0.1335255799892452,0.8664744200107548
4.023057644110275,2,2,0.13276499803715325,0.8672350019628468
4.037593984962406,2,2,0.13201113723460167,0.8679888627653983
4.052130325814536,2,2,0.1312639163239625,0.8687360836760375
4.066666666666666,2,2,0.13052325529977526,0.8694767447002247
4.081203007518797,2,2,0.12978907538524942,0.8702109246147506
4.095739348370927,2,2,0.12906129900928648,0.8709387009907135
4.110275689223057,2,2,0.12833984978400936,0.8716601502159906
4.124812030075188,2,2,0.12762465248278537,0.8723753475172147
4.139348370927318,2,2,0.1269156330187315,0.8730843669812685
4.153884711779448,2,2,0.1262127184236878,0.8737872815763121
4.168421052631579,2,2,0.1255158368276496,0.8744841631723503
4.182957393483709,2,2,0.12482491743864468,0.8751750825613553
4.197493734335839,2,2,0.12413989052304639,0.8758601094769536
4.21203007518797,2,2,0.12346068738631,0.87653931261369
4.2265664160401,2,2,0.12278724035412322,0.8772127596458767
4.24110275689223,2,2,0.12211948275395923,0.8778805172460408
4.2556390977443606,2,2,0.12145734889702431,0.8785426511029757
4.270175438596491,2,2,0.12080077406058812,0.8791992259394119
4.284711779448622,2,2,0.12014969447068849,0.8798503055293115
4.299248120300752,2,2,0.11950404728520228,0.8804959527147977
4.313784461152882,2,2,0.11886377057727104,0.881136229422729
4.328320802005012,2,2,0.11822880331907556,0.8817711966809244
4.3428571428571425,2,2,0.11759908536594915,0.8824009146340508
4.357393483709273,2,2,0.11697455744082194,0.883025442559178
4.371929824561404,2,2,0.11635516111898858,0.8836448388810114
4.386466165413534,2,2,0.11574083881319122,0.8842591611868088
4.401002506265664,2,2,0.1151315337590102,0.8848684662409898
4.415538847117794,2,2,0.11452719000055525,0.8854728099994448
4.4300751879699245,2,2,0.1139277523764507,0.8860722476235493
4.444611528822055,2,2,0.1133331665061065,0.8866668334938935
4.459147869674185,2,2,0.11274337877626917,0.8872566212237308
4.473684210526316,2,2,0.11215833632784603,0.887841663672154
4.488220551378446,2,2,0.11157798704299637,0.8884220129570036
4.502756892230576,2,2,0.11100227953248265,0.8889977204675173
4.5172932330827065,2,2,0.11043116312327658,0.8895688368767234
4.531829573934837,2,2,0.10986458784641404,0.8901354121535859
4.546365914786967,2,2,0.10930250442509218,0.8906974955749078
4.560902255639098,2,2,0.10874486426300417,0.8912551357369958
4.575438596491228,2,2,0.10819161943290623,0.8918083805670938
4.589974937343358,2,2,0.10764272266540975,0.8923572773345902
4.604511278195488,2,2,0.10709812733799651,0.8929018726620035
4.619047619047619,2,2,0.10655778746424896,0.8934422125357511
4.633583959899749,2,2,0.10602165768329211,0.8939783423167079
4.64812030075188,2,2,0.10548969324944243,0.8945103067505575
4.66265664160401,2,2,0.10496185002205854,0.8950381499779414
4.67719298245614,2,2,0.10443808445558886,0.8955619155444111
4.69172932330827,2,2,0.10391835358981294,0.8960816464101871
4.706265664160401,2,2,0.10340261504027076,0.8965973849597293
4.720802005012531,2,2,0.10289082698887742,0.8971091730111226
4.735338345864662,2,2,0.10238294817471713,0.8976170518252828
4.749874686716792,2,2,0.10187893788501443,0.8981210621149855
4.764411027568922,2,2,0.10137875594627749,0.8986212440537225
4.778947368421052,2,2,0.10088236271561002,0.89911763728439
4.793483709273183,2,2,0.10038971907218874,0.8996102809278113
4.808020050125313,2,2,0.09990078640890146,0.9000992135910986
4.822556390977444,2,2,0.09941552662414363,0.9005844733758563
4.837092731829574,2,2,0.09893390211376893,0.901066097886231
4.851629072681704,2,2,0.0984558757631912,0.9015441242368087
4.866165413533834,2,2,0.09798141093963417,0.9020185890603658
4.8807017543859645,2,2,0.09751047148452544,0.9024895285154746
4.895238095238095,2,2,0.09704302170603243,0.9029569782939676
4.909774436090226,2,2,0.09657902637173674,0.9034209736282632
4.924310776942356,2,2,0.09611845070144387,0.9038815492985561
4.938847117794486,2,2,0.09566126036012551,0.9043387396398745
4.953383458646616,2,2,0.09520742145099192,0.9047925785490081
4.9679197994987465,2,2,0.09475690050869126,0.9052430994913088
4.982456140350877,2,2,0.0943096644926332,0.9056903355073668
4.996992481203007,2,2,0.09386568078043445,0.9061343192195656
5.011528822055138,2,2,0.09342491716148327,0.9065750828385167
5.026065162907268,2,2,0.09298734183062102,0.9070126581693789
5.040601503759398,2,2,0.09255292338193777,0.9074470766180622
5.0551378446115285,2,2,0.09212163080267965,0.9078783691973203
5.069674185463659,2,2,0.09169343346726619,0.9083065665327338
5.084210526315789,2,2,0.09126830113141438,0.9087316988685856
5.09874686716792,2,2,0.09084620392636836,0.9091537960736317
5.11328320802005,2,2,0.09042711235323192,0.9095728876467681
5.12781954887218,2,2,0.09001099727740133,0.9099890027225986
5.1423558897243105,2,2,0.0895978299230974,0.9104021700769026
5.156892230576441,2,2,0.08918758186799419,0.9108124181320059
5.171428571428571,2,2,0.08878022503794225,0.9112197749620577
5.185964912280702,2,2,0.0883757317017849,0.9116242682982151
5.200501253132832,2,2,0.0879740744662654,0.9120259255337346
5.215037593984962,2,2,0.08757522627102307,0.9124247737289769
5.229573934837092,2,2,0.08717916038367687,0.9128208396163231
5.244110275689223,2,2,0.08678585039499465,0.9132141496050054
5.258646616541353,2,2,0.08639527021414578,0.9136047297858543
5.273182957393484,2,2,0.08600739406403668,0.9139926059359633
5.287719298245614,2,2,0.08562219647672611,0.9143778035232739
5.302255639097744,2,2,0.08523965228891997,0.9147603477110801
5.316791979949874,2,2,0.08485973663754287,0.9151402633624571
5.331328320802005,2,2,0.08448242495538638,0.9155175750446136
5.345864661654135,2,2,0.08410769296683063,0.9158923070331694
5.360401002506266,2,2,0.08373551668363952,0.9162644833163605
5.374937343358396,2,2,0.08336587240082718,0.9166341275991728
5.389473684210526,2,2,0.0829987366925943,0.9170012633074057
5.404010025062656,2,2,0.08263408640833309,0.917365913591667
5.4185463659147866,2,2,0.0822718986687001,0.9177281013312999
5.433082706766917,2,2,0.08191215086175449,0.9180878491382455
5.447619047619048,2,2,0.08155482063916125,0.9184451793608388
5.462155388471178,2,2,0.08119988591245819,0.9188001140875418
5.476691729323308,2,2,0.08084732484938464,0.9191526751506154
5.491228070175438,2,2,0.08049711587027203,0.9195028841297279
5.5057644110275685,2,2,0.08014923764449336,0.9198507623555067
5.520300751879699,2,2,0.07980366908697256,0.9201963309130274
5.534837092731829,2,2,0.07946038935475058,0.9205396106452495
5.54937343358396,2,2,0.07911937784360853,0.9208806221563914
5.56390977443609,2,2,0.07878061418474636,0.9212193858152536
5.57844611528822,2,2,0.07844407824151534,0.9215559217584847
5.5929824561403505,2,2,0.07810975010620483,0.9218902498937952
5.607518796992481,2,2,0.07777761009688075,0.9222223899031192
5.622055137844611,2,2,0.07744763875427577,0.9225523612457243
5.636591478696742,2,2,0.07711981683873007,0.92288018316127
5.651127819548872,2,2,0.07679412532718116,0.9232058746728189
5.665664160401002,2,2,0.07647054541020282,0.9235294545897972
5.6802005012531325,2,2,0.07614905848909126,0.9238509415109087
5.694736842105263,2,2,0.07582964617299856,0.9241703538270014
5.709273182957393,2,2,0.07551229027611153,0.9244877097238885
5.723809523809524,2,2,0.07519697281487592,0.9248030271851241
5.738345864661654,2,2,0.0748836760052651,0.9251163239947349
5.752882205513784,2,2,0.07457238226009177,0.9254276177399082
5.7674185463659144,2,2,0.07426307418636247,0.9257369258136375
5.781954887218045,2,2,0.07395573458267418,0.9260442654173258
5.796491228070175,2,2,0.07365034643665161,0.9263496535633484
5.811027568922306,2,2,0.0733468929224253,0.9266531070775748
5.825563909774436,2,2,0.07304535739814896,0.926954642601851
5.840100250626566,2,2,0.07274572340355609,0.9272542765964439
5.854636591478696,2,2,0.07244797465755434,0.9275520253424456
5.869172932330827,2,2,0.07215209505585787,0.9278479049441422
5.883709273182957,2,2,0.07185806866865635,0.9281419313313437
5.898245614035088,2,2,0.07156587973831996,0.92843412026168
5.912781954887218,2,2,0.07127551267714027,0.9287244873228597
5.927318295739348,2,2,0.07098695206510588,0.9290130479348941
5.941854636591478,2,2,0.07070018264771233,0.9292998173522877
5.956390977443609,2,2,0.0704151893338055,0.9295848106661945
5.970927318295739,2,2,0.07013195719345866,0.9298680428065413
5.98546365914787,2,2,0.06985047145588114,0.9301495285441188
6.0,2,2,0.06957071750736002,0.93042928249264
0.2,5,5,1.0,0.0
0.21453634085213033,5,5,1.0,0.0
0.22907268170426065,5,5,1.0,0.0
0.243609022556391,5,5,1.0,0.0
0.2581453634085213,5,5,1.0,0.0
0.27268170426065164,5,5,1.0,0.0
0.28721804511278193,5,5,1.0,0.0
0.3017543859649123,5,5,1.0,0.0
0.3162907268170426,5,5,1.0,0.0
0.3308270676691729,5,5,1.0,0.0
0.34536340852130326,5,5,1.0,0.0
0.3598997493734336,5,5,1.0,0.0
0.3744360902255639,5,5,1.0,0.0
0.3889724310776942,5,5,1.0,0.0
0.4035087719298246,5,5,1.0,0.0
0.4180451127819549,5,5,1.0,0.0
0.4325814536340852,5,5,1.0,0.0
0.4471177944862155,5,5,1.0,0.0
0.4616541353383459,5,5,1.0,0.0
0.47619047619047616,5,5,1.0,0.0
0.4907268170426065,5,5,1.0,0.0
0.5052631578947369,5,5,1.0,0.0
0.5197994987468672,5,5,1.0,0.0
0.5343358395989974,5,5,1.0,0.0
0.5488721804511278,5,5,1.0,0.0
0.5634085213032581,5,5,1.0,0.0
0.5779448621553884,5,5,1.0,0.0
0.5924812030075188,5,5,1.0,0.0
0.6070175438596491,5,5,1.0,0.0
0.6215538847117794,5,5,1.0,0.0
0.6360902255639098,5,5,1.0,0.0
0.65062656641604,5,5,1.0,0.0
0.6651629072681704,5,5,1.0,0.0
0.6796992481203008,5,5,1.0,0.0
0.694235588972431,5,5,1.0,0.0
0.7087719298245614,5,5,1.0,0.0
0.7233082706766918,5,5,1.0,0.0
0.737844611528822,5,5,1.0,0.0
0.7523809523809524,5,5,1.0,0.0
0.7669172932330828,5,5,1.0,0.0
0.781453634085213,5,5,1.0,0.0
0.7959899749373434,5,5,1.0,0.0
0.8105263157894735,5,5,1.0,0.0
0.8250626566416039,5,5,1.0,0.0
0.8395989974937343,5,5,1.0,0.0
0.8541353383458645,5,5,1.0,0.0
0.8686716791979949,5,5,1.0,0.0
0.8832080200501253,5,5,1.0,0.0
0.8977443609022555,5,5,1.0,0.0
0.9122807017543859,5,5,1.0,0.0
0.9268170426065163,5,5,1.0,0.0
0.9413533834586465,5,5,1.0,0.0
0.9558897243107769,5,5,1.0,0.0
0.9704260651629073,5,5,1.0,0.0
0.9849624060150375,5,5,1.0,0.0
0.9994987468671679,5,5,1.0,0.0
1.0140350877192983,5,5,0.9770032852010508,0.022996714798949158
1.0285714285714285,5,5,0.9539926149773545,0.04600738502264545
1.0431077694235589,5,5,0.9317657847752892,0.06823421522471085
1.0576441102756893,5,5,0.910286895011881,0.08971310498811902
1.0721804511278195,5,5,0.8895221261002348,0.11047787389976516
1.0867167919799499,5,5,0.8694395926986802,0.1305604073013198
1.10125313283208,5,5,0.8500092099169727,0.1499907900830273
1.1157894736842104,5,5,0.8312025703582946,0.1687974296417054
1.1303258145363408,5,5,0.8129928309938228,0.1870071690061772
1.144862155388471,5,5,0.7953546089709005,0.2046453910290995
1.1593984962406014,5,5,0.7782638855481303,0.2217361144518697
1.1739348370927318,5,5,0.7616979174325003,0.23830208256749974
1.188471177944862,5,5,0.7456351548662614,0.2543648451337386
1.2030075187969924,5,5,0.7300551658758347,0.26994483412416526
1.2175438596491226,5,5,0.7149385661525169,0.28506143384748306
1.232080200501253,5,5,0.7002669540859934,0.2997330459140066
1.2466165413533834,5,5,0.6860228505174502,0.31397714948254984
1.2611528822055136,5,5,0.6721896428199978,0.3278103571800022
1.275689223057644,5,5,0.6587515329507476,0.3412484670492524
1.2902255639097744,5,5,0.6456934891517543,0.3543065108482457
1.3047619047619046,5,5,0.6330012010065029,0.3669987989934971
1.319298245614035,5,5,0.6206610375851334,0.37933896241486664
1.3338345864661654,5,5,0.6086600084354379,0.3913399915645621
1.3483709273182956,5,5,0.5969857271981591,0.4030142728018409
1.362907268170426,5,5,0.5856263776444863,0.41437362235551367
1.3774436090225564,5,5,0.5745706819511567,0.4254293180488433
1.3919799498746865,5,5,0.5638078710443795,0.43619212895562054
1.406516290726817,5,5,0.5533276568581238,0.4466723431418762
1.4210526315789471,5,5,0.5431202063652776,0.4568797936347224
1.4355889724310775,5,5,0.533176117251946,0.466823882748054
1.450125313283208,5,5,0.5234863951158415,0.4765136048841585
1.464661654135338,5,5,0.5140424320794093,0.48595756792059075
1.4791979949874685,5,5,0.5048359867171697,0.49516401328283033
1.493734335839599,5,5,0.495859165204791,0.504140834795209
1.508270676691729,5,5,0.48710440360472085,0.5128955963952792
1.5228070175438595,5,5,0.4785644512098963,0.5214355487901037
1.53734335839599,5,5,0.47023235487314485,0.5297676451268551
1.55187969924812,5,5,0.46210144425546007,0.5378985557445399
1.5664160401002505,5,5,0.45416531793143555,0.5458346820685644
1.5809523809523809,5,5,0.44641783029480453,0.5535821697051955
1.595488721804511,5,5,0.43885307921130545,0.5611469207886945
1.6100250626566415,5,5,0.4314653943700133,0.5685346056299867
1.6245614035087719,5,5,0.4242493262878737,0.5757506737121263
1.639097744360902,5,5,0.4171996359254726,0.5828003640745274
1.6536340852130325,5,5,0.41031128487511803,0.589688715124882
1.6681704260651626,5,5,0.403579426085094,0.596420573914906
1.682706766917293,5,5,0.3969993950865154,0.6030006049134846
1.6972431077694234,5,5,0.39056670169158725,0.6094332983084128
1.7117794486215536,5,5,0.38427702213423975,0.6157229778657602
1.726315789473684,5,5,0.3781261916261345,0.6218738083738655
1.7408521303258144,5,5,0.3721101973028835,0.6278898026971165
1.7553884711779446,5,5,0.3662251715370477,0.6337748284629523
1.769924812030075,5,5,0.3604673855960576,0.6395326144039424
1.7844611528822054,5,5,0.35483324362467217,0.6451667563753278
1.7989974937343356,5,5,0.34931927693294385,0.6506807230670562
1.813533834586466,5,5,0.34392213857191634,0.6560778614280837
1.8280701754385964,5,5,0.3386385981804483,0.6613614018195517
1.8426065162907266,5,5,0.33346553708763127,0.6665344629123687
1.857142857142857,5,5,0.32839994365627456,0.6716000563437254
1.8716791979949874,5,5,0.3234389088538606,0.6765610911461394
1.8862155388471176,5,5,0.3185796220382364,0.6814203779617636
1.900751879699248,5,5,0.31381936694610923,0.6861806330538908
1.9152882205513784,5,5,0.309155517873164,0.690844482126836
1.9298245614035086,5,5,0.30458553603531124,0.6954144639646888
1.944360902255639,5,5,0.30010696610122367,0.6998930338987763
1.9588972431077691,5,5,0.29571743288692054,0.7042825671130795
1.9734335839598995,5,5,0.29141463820372193,0.7085853617962781
1.98796992481203,5,5,0.2871963578514162,0.7128036421485838
2.0025062656641603,5,5,0.2830604387489748,0.7169395612510252
2.0170426065162905,5,5,0.2790047961956046,0.7209952038043954
2.031578947368421,5,5,0.2750274112553497,0.7249725887446503
2.0461152882205513,5,5,0.2711263282588603,0.7288736717411397
2.0606516290726815,5,5,0.2672996524163085,0.7327003475836915
2.075187969924812,5,5,0.26354554753578774,0.7364544524642123
2.0897243107769423,5,5,0.25986223384185336,0.7401377661581466
2.1042606516290725,5,5,0.2562479858891651,0.7437520141108349
2.118796992481203,5,5,0.2527011305664828,0.7472988694335172
2.1333333333333333,5,5,0.2492200451865313,0.7507799548134687
2.1478696741854635,5,5,0.24580315565749777,0.7541968443425022
2.162406015037594,5,5,0.24244893473216816,0.7575510652678319
2.1769423558897243,5,5,0.23915590033092138,0.7608440996690786
2.1914786967418545,5,5,0.23592261393501307,0.764077386064987
2.206015037593985,5,5,0.23274767904677063,0.7672523209532294
2.2205513784461153,5,5,0.22962973971351036,0.7703702602864897
2.2350877192982455,5,5,0.2265674791121488,0.7734325208878512
2.249624060150376,5,5,0.22355961819165548,0.7764403818083445
2.2641604010025063,5,5,0.22060491437063262,0.7793950856293674
2.2786967418546364,5,5,0.21770216028745942,0.7822978397125406
2.293233082706767,5,5,0.21485018260056954,0.7851498173994305
2.3077694235588972,5,5,0.2120478408365586,0.7879521591634414
2.3223057644110274,5,5,0.20929402628393357,0.7907059737160664
2.336842105263158,5,5,0.20658766093043524,0.7934123390695648
2.3513784461152882,5,5,0.20392769644196612,0.7960723035580339
2.3659147869674184,5,5,0.2013131131812556,0.7986868868187444
2.380451127819549,5,5,0.19874291926449394,0.801257080735506
2.394987468671679,5,5,0.19621614965424827,0.8037838503457517
2.4095238095238094,5,5,0.19373186528706426,0.8062681347129357
2.42406015037594,5,5,0.19128915223423293,0.8087108477657671
2.43859649122807,5,5,0.18888712089427806,0.8111128791057219
2.4531328320802004,5,5,0.18652490521579085,0.8134750947842091
2.467669172932331,5,5,0.18420166194930448,0.8157983380506955
2.482205513784461,5,5,0.18191656992696692,0.8180834300730331
2.4967418546365914,5,5,0.17966882936882667,0.8203311706311733
2.511278195488722,5,5,0.1774576612146065,0.8225423387853935
2.525814536340852,5,5,0.17528230647989257,0.8247176935201075
2.5403508771929824,5,5,0.1731420256357148,0.8268579743642852
2.554887218045113,5,5,0.17103609801054764,0.8289639019894524
2.569423558897243,5,5,0.16896382121380243,0.8310361787861975
2.5839598997493733,5,5,0.16692451057992397,0.833075489420076
2.5984962406015035,5,5,0.16491749863225236,0.8350825013677476
2.613032581453634,5,5,0.16294213456584128,0.8370578654341587
2.6275689223057643,5,5,0.16099778374846685,0.8390022162515332
2.6421052631578945,5,5,0.15908382723909292,0.8409161727609071
2.656641604010025,5,5,0.15719966132309615,0.8428003386769038
2.6711779448621553,5,5,0.15534469706357845,0.8446553029364215
2.6857142857142855,5,5,0.15351835986813317,0.8464816401318669
2.700250626566416,5,5,0.15172008907045237,0.8482799109295476
2.7147869674185463,5,5,0.14994933752619533,0.8500506624738047
2.7293233082706765,5,5,0.1482055712225594,0.8517944287774406
2.743859649122807,5,5,0.14648826890102262,0.8535117310989774
2.7583959899749373,5,5,0.14479692169274982,0.8552030783072502
2.7729323308270675,5,5,0.1431310327661719,0.8568689672338281
2.787468671679198,5,5,0.14149011698627795,0.8585098830137221
2.8020050125313283,5,5,0.13987370058517018,0.8601262994148298
2.8165413533834585,5,5,0.138281320843458,0.861718679156542
2.831077694235589,5,5,0.13671252578208093,0.8632874742179191
2.8456140350877193,5,5,0.13516687386417192,0.8648331261358281
2.8601503759398494,5,5,0.1336439337065829,0.8663560662934171
2.87468671679198,5,5,0.13214328380071844,0.8678567161992816
2.8892230576441102,5,5,0.13066451224233022,0.8693354877576698
2.9037593984962404,5,5,0.12920721646994404,0.870792783530056
2.918295739348371,5,5,0.12777100301160504,0.872228996988395
2.9328320802005012,5,5,0.12635548723963524,0.8736445127603647
2.9473684210526314,5,5,0.12496029313311668,0.8750397068668834
2.961904761904762,5,5,0.12358505304781905,0.8764149469521809
2.976441102756892,5,5,0.12222940749330596,0.8777705925066941
2.9909774436090224,5,5,0.12089300491696253,0.8791069950830375
3.005513784461153,5,5,0.11957550149469987,0.8804244985053001
3.020050125313283,5,5,0.11827656092809757,0.8817234390719024
3.0345864661654134,5,5,0.11699585424776113,0.8830041457522388
3.049122807017544,5,5,0.1157330596226723,0.8842669403773277
3.063659147869674,5,5,0.11448786217532736,0.8855121378246726
3.0781954887218044,5,5,0.11325995380245846,0.8867400461975415
3.092731829573935,5,5,0.1120490330011481,0.8879509669988519
3.107268170426065,5,5,0.11085480470014963,0.8891451952998504
3.1218045112781954,5,5,0.10967698009623508,0.890323019903765
3.1363408521303255,5,5,0.10851527649540005,0.8914847235046
3.150877192982456,5,5,0.10736941715875939,0.8926305828412406
3.1654135338345863,5,5,0.1062391311529769,0.8937608688470231
3.1799498746867165,5,5,0.10512415320507365,0.8948758467949264
3.194486215538847,5,5,0.10402422356147165,0.8959757764385283
3.2090225563909773,5,5,0.10293908785112857,0.8970609121488714
3.2235588972431075,5,5,0.1018684969526295,0.8981315030473704
3.238095238095238,5,5,0.10081220686510359,0.8991877931348964
3.2526315789473683,5,5,0.09976997858284153,0.9002300214171585
3.2671679197994985,5,5,0.09874157797348973,0.9012584220265103
3.281704260651629,5,5,0.09772677565970692,0.9022732243402931
3.2962406015037593,5,5,0.09672534690416995,0.90327465309583
3.3107769423558895,5,5,0.09573707149781907,0.9042629285021809
3.32531328320802,5,5,0.09476173365124024,0.9052382663487597
3.3398496240601503,5,5,0.09379912188908268,0.9062008781109173
3.3543859649122805,5,5,0.09284902894741437,0.9071509710525856
3.368922305764411,5,5,0.09191125167392286,0.9080887483260771
3.3834586466165413,5,5,0.09098559093087116,0.9090144090691288
3.3979949874686715,5,5,0.09007185150072028,0.9099281484992797
3.412531328320802,5,5,0.08916984199433681,0.9108301580056632
3.4270676691729323,5,5,0.08827937476170267,0.9117206252382973
3.4416040100250624,5,5,0.08740026580505067,0.9125997341949493
3.456140350877193,5,5,0.08653233469434848,0.9134676653056515
3.4706766917293232,5,5,0.08567540448506122,0.9143245955149388
3.4852130325814534,5,5,0.0848293016381193,0.9151706983618807
3.499749373433584,5,5,0.08399385594202638,0.9160061440579736
3.5142857142857142,5,5,0.0831689004370409,0.9168310995629592
3.5288220551378444,5,5,0.08235427134136811,0.9176457286586319
3.543358395989975,5,5,0.081549807979302,0.918450192020698
3.557894736842105,5,5,0.08075535271125789,0.9192446472887421
3.5724310776942354,5,5,0.07997075086563896,0.920029249134361
3.586967418546366,5,5,0.07919585067248225,0.9208041493275178
3.601503759398496,5,5,0.07843050319882974,0.9215694968011703
3.6160401002506264,5,5,0.07767456228577488,0.9223254377142251
3.630576441102757,5,5,0.07692788448713381,0.9230721155128662
3.645112781954887,5,5,0.07619032900969322,0.9238096709903068
3.6596491228070174,5,5,0.07546175765499008,0.9245382423450099
3.6741854636591476,5,5,0.07474203476257582,0.9252579652374242
3.688721804511278,5,5,0.07403102715472451,0.9259689728452755
3.7032581453634084,5,5,0.07332860408254066,0.9266713959174593
3.7177944862155385,5,5,0.07263463717342797,0.927365362826572
3.732330827067669,5,5,0.0719490003798782,0.9280509996201218
3.7468671679197993,5,5,0.07127156992954378,0.9287284300704562
3.7614035087719295,5,5,0.07060222427655616,0.9293977757234438
3.77593984962406,5,5,0.06994084405405485,0.9300591559459451
3.7904761904761903,5,5,0.06928731202789346,0.9307126879721066
3.8050125313283205,5,5,0.0686415130514878,0.9313584869485122
3.819548872180451,5,5,0.0680033340217753,0.9319966659782247
3.8340852130325813,5,5,0.06737266383625418,0.9326273361637458
3.8486215538847115,5,5,0.06674939335107133,0.9332506066489287
3.863157894736842,5,5,0.06613341534013104,0.9338665846598689
3.8776942355889723,5,5,0.06552462445519477,0.9344753755448052
3.8922305764411025,5,5,0.06492291718694548,0.9350770828130546
3.906766917293233,5,5,0.06432819182698984,0.9356718081730102
3.9213032581453633,5,5,0.06374034843077181,0.9362596515692282
3.9358395989974935,5,5,0.06315928878137325,0.9368407112186268
3.950375939849624,5,5,0.06258491635417754,0.9374150836458225
3.9649122807017543,5,5,0.062017136282371904,0.9379828637176281
3.9794486215538845,5,5,0.0614558553232665,0.9385441446767335
3.993984962406015,5,5,0.06090098182540751,0.9390990181745925
4.008521303258145,5,5,0.06035242569646396,0.9396475743035361
4.023057644110275,5,5,0.059810098371865655,0.9401899016281343
4.037593984962406,5,5,0.05927391278417432,0.9407260872158256
4.052130325814536,5,5,0.05874378333316685,0.9412562166668331
4.066666666666666,5,5,0.05821962585661235,0.9417803741433877
4.081203007518797,5,5,0.05770135760172419,0.9422986423982758
4.095739348370927,5,5,0.05718889719727038,0.9428111028027296
4.110275689223057,5,5,0.05668216462632342,0.9433178353736766
4.124812030075188,5,5,0.056181081199633956,0.9438189188003661
4.139348370927318,5,5,0.05568556952961162,0.9443144304703883
4.153884711779448,5,5,0.05519555350489727,0.9448044464951028
4.168421052631579,5,5,0.0547109582655112,0.9452890417344888
4.182957393483709,5,5,0.05423171017856261,0.9457682898214373
4.197493734335839,5,5,0.05375773681450574,0.9462422631854943
4.21203007518797,5,5,0.05328896692392862,0.9467110330760714
4.2265664160401,5,5,0.05282533041486123,0.9471746695851387
4.24110275689223,5,5,0.05236675833058885,0.9476332416694111
4.2556390977443606,5,5,0.051913182827958676,0.9480868171720414
4.270175438596491,5,5,0.051464537156167195,0.9485354628438328
4.284711779448622,5,5,0.05102075563601512,0.9489792443639848
4.299248120300752,5,5,0.050581773639619784,0.9494182263603802
4.313784461152882,5,5,0.050147527570571684,0.9498524724294283
4.328320802005012,5,5,0.0497179548445256,0.9502820451554744
4.3428571428571425,5,5,0.04929299387021442,0.9507070061297855
4.357393483709273,5,5,0.048872584030876104,0.9511274159691239
4.371929824561404,5,5,0.048456665666082116,0.9515433343339179
4.386466165413534,5,5,0.04804518005395925,0.9519548199460408
4.401002506265664,5,5,0.04763806939379368,0.9523619306062063
4.415538847117794,5,5,0.04723527678900841,0.9527647232109916
4.4300751879699245,5,5,0.046836746230505044,0.953163253769495
4.444611528822055,5,5,0.04644242258036105,0.953557577419639
4.459147869674185,5,5,0.04605225155587346,0.9539477484441266
4.473684210526316,5,5,0.04566617971394113,0.9543338202860588
4.488220551378446,5,5,0.04528415443577698,0.9547158455642231
4.502756892230576,5,5,0.0449061239119424,0.9550938760880576
4.5172932330827065,5,5,0.044532037127696183,0.9554679628723038
4.531829573934837,5,5,0.044161843848650295,0.9558381561513497
4.546365914786967,5,5,0.04379549460672548,0.9562045053932745
4.560902255639098,5,5,0.04343294068639873,0.9565670593136013
4.575438596491228,5,5,0.043074134111237145,0.9569258658887628
4.589974937343358,5,5,0.04271902763070959,0.9572809723692904
4.604511278195488,5,5,0.04236757470727137,0.9576324252927286
4.619047619047619,5,5,0.04201972950371413,0.9579802704962859
4.633583959899749,5,5,0.04167544687077572,0.9583245531292243
4.64812030075188,5,5,0.04133468233500312,0.9586653176649969
4.66265664160401,5,5,0.04099739208686348,0.9590026079131365
4.67719298245614,5,5,0.04066353296909647,0.9593364670309035
4.69172932330827,5,5,0.040333062465303146,0.9596669375346969
4.706265664160401,5,5,0.04000593868876562,0.9599940613112343
4.720802005012531,5,5,0.03968212037149206,0.9603178796285079
4.735338345864662,5,5,0.03936156685348194,0.9606384331465181
4.749874686716792,5,5,0.039044238072206805,0.9609557619277932
4.764411027568922,5,5,0.03873009455230078,0.9612699054476992
4.778947368421052,5,5,0.03841909739545754,0.9615809026045424
4.793483709273183,5,5,0.03811120827052707,0.961888791729473
4.808020050125313,5,5,0.037806389403809565,0.9621936105961905
4.822556390977444,5,5,0.03750460356954094,0.962495396430459
4.837092731829574,5,5,0.03720581408056581,0.9627941859194342
4.851629072681704,5,5,0.036909984779194036,0.963090015220806
4.866165413533834,5,5,0.0366170800282363,0.9633829199717637
4.8807017543859645,5,5,0.036327064702215264,0.9636729352977847
4.895238095238095,5,5,0.03603990417874771,0.9639600958212523
4.909774436090226,5,5,0.035755564330094636,0.9642444356699054
4.924310776942356,5,5,0.03547401151487488,0.9645259884851252
4.938847117794486,5,5,0.03519521256993911,0.9648047874300609
4.953383458646616,5,5,0.03491913480240051,0.9650808651975995
4.9679197994987465,5,5,0.03464574598181888,0.9653542540181811
4.982456140350877,5,5,0.03437501433253437,0.9656249856674657
4.996992481203007,5,5,0.0341069085261481,0.9658930914738519
5.011528822055138,5,5,0.03384139767414614,0.9661586023258538
5.026065162907268,5,5,0.033578451320663866,0.9664215486793362
5.040601503759398,5,5,0.03331803943538757,0.9666819605646124
5.0551378446115285,5,5,0.03306013240659045,0.9669398675934096
5.069674185463659,5,5,0.032804701034300124,0.9671952989656999
5.084210526315789,5,5,0.03255171652359459,0.9674482834764054
5.09874686716792,5,5,0.032301150478024176,0.9676988495219758
5.11328320802005,5,5,0.03205297489315691,0.967947025106843
5.12781954887218,5,5,0.03180716215024375,0.9681928378497563
5.1423558897243105,5,5,0.03156368501000274,0.9684363149899973
5.156892230576441,5,5,0.031322516606517956,0.968677483393482
5.171428571428571,5,5,0.03108363044125184,0.9689163695587482
5.185964912280702,5,5,0.030847000377168185,0.9691529996228319
5.200501253132832,5,5,0.030612600632963408,0.9693873993670366
5.215037593984962,5,5,0.030380405777403897,0.9696195942225961
5.229573934837092,5,5,0.030150390723767406,0.9698496092762325
5.244110275689223,5,5,0.029922530724385887,0.9700774692756141
5.258646616541353,5,5,0.029696801365288093,0.9703031986347119
5.273182957393484,5,5,0.02947317856093965,0.9705268214390603
5.287719298245614,5,5,0.029251638549078703,0.9707483614509212
5.302255639097744,5,5,0.029032157885644914,0.970967842114355
5.316791979949874,5,5,0.02881471343980025,0.9711852865601998
5.331328320802005,5,5,0.028599282389039443,0.9714007176109606
5.345864661654135,5,5,0.028385842214388404,0.9716141577856116
5.360401002506266,5,5,0.028174370695688476,0.9718256293043115
5.374937343358396,5,5,0.027964845906965442,0.9720351540930345
5.389473684210526,5,5,0.027757246211880846,0.9722427537881192
5.404010025062656,5,5,0.02755155025926434,0.9724484497407356
5.4185463659147866,5,5,0.02734773697872544,0.9726522630212746
5.433082706766917,5,5,0.027145785576342972,0.972854214423657
5.447619047619048,5,5,0.02694567553043046,0.9730543244695695
5.462155388471178,5,5,0.02674738658737663,0.9732526134126234
5.476691729323308,5,5,0.026550898757558478,0.9734491012424416
5.491228070175438,5,5,0.026356192311326472,0.9736438076886735
5.5057644110275685,5,5,0.026163247775059566,0.9738367522249405
5.520300751879699,5,5,0.02597204592728966,0.9740279540727104
5.534837092731829,5,5,0.025782567794892942,0.974217432205107
5.54937343358396,5,5,0.02559479464934767,0.9744052053506523
5.56390977443609,5,5,0.025408708003056925,0.974591291996943
5.57844611528822,5,5,0.025224289605734626,0.9747757103942654
5.5929824561403505,5,5,0.025041521440854114,0.9749584785591459
5.607518796992481,5,5,0.024860385722157777,0.9751396142778422
5.622055137844611,5,5,0.024680864890226535,0.9753191351097734
5.636591478696742,5,5,0.02450294160910812,0.9754970583908918
5.651127819548872,5,5,0.024326598763003006,0.975673401236997
5.665664160401002,5,5,0.02415181945300674,0.9758481805469933
5.6802005012531325,5,5,0.02397858699390768,0.9760214130060924
5.694736842105263,5,5,0.0238068849110391,0.9761931150889609
5.709273182957393,5,5,0.023636696937184565,0.9763633030628154
5.723809523809524,5,5,0.023468007009535594,0.9765319929904644
5.738345864661654,5,5,0.02330079926670057,0.9766992007332994
5.752882205513784,5,5,0.023135058045763678,0.9768649419542363
5.7674185463659144,5,5,0.022970767879393762,0.9770292321206062
5.781954887218045,5,5,0.022807913493000882,0.9771920865069991
5.796491228070175,5,5,0.022646479801940768,0.9773535201980592
5.811027568922306,5,5,0.022486451908765734,0.9775135480912343
5.825563909774436,5,5,0.022327815100521176,0.9776721848994788
5.840100250626566,5,5,0.022170554846087077,0.9778294451539129
5.854636591478696,5,5,0.022014656793563264,0.9779853432064367
5.869172932330827,5,5,0.02186010676769809,0.9781398932323019
5.883709273182957,5,5,0.02170689076735921,0.9782931092326408
5.898245614035088,5,5,0.021554994963046067,0.978445005036954
5.912781954887218,5,5,0.021404405694443233,0.9785955943055568
5.927318295739348,5,5,0.02125510946801347,0.9787448905319865
5.941854636591478,5,5,0.02110709295463039,0.9788929070453696
5.956390977443609,5,5,0.02096034298724958,0.9790396570127504
5.970927318295739,5,5,0.020814846558617518,0.9791851534413825
5.98546365914787,5,5,0.020670590819017634,0.9793294091809823
6.0,5,5,0.020527563074052957,0.9794724369259471
0.2,Poisson,Poisson,1.0,0.0
0.21453634085213033,Poisson,Poisson,1.0,0.0
0.22907268170426065,Poisson,Poisson,1.0,0.0
0.243609022556391,Poisson,Poisson,1.0,0.0
0.2581453634085213,Poisson,Poisson,1.0,0.0
0.27268170426065164,Poisson,Poisson,1.0,0.0
0.28721804511278193,Poisson,Poisson,1.0,0.0
0.3017543859649123,Poisson,Poisson,1.0,0.0
0.3162907268170426,Poisson,Poisson,1.0,0.0
0.3308270676691729,Poisson,Poisson,1.0,0.0
0.34536340852130326,Poisson,Poisson,1.0,0.0
0.3598997493734336,Poisson,Poisson,1.0,0.0
0.3744360902255639,Poisson,Poisson,1.0,0.0
0.3889724310776942,Poisson,Poisson,1.0,0.0
0.4035087719298246,Poisson,Poisson,1.0,0.0
0.4180451127819549,Poisson,Poisson,1.0,0.0
0.4325814536340852,Poisson,Poisson,1.0,0.0
0.4471177944862155,Poisson,Poisson,1.0,0.0
0.4616541353383459,Poisson,Poisson,1.0,0.0
0.47619047619047616,Poisson,Poisson,1.0,0.0
0.4907268170426065,Poisson,Poisson,1.0,0.0
0.5052631578947369,Poisson,Poisson,1.0,0.0
0.5197994987468672,Poisson,Poisson,1.0,0.0
0.5343358395989974,Poisson,Poisson,1.0,0.0
0.5488721804511278,Poisson,Poisson,1.0,0.0
0.5634085213032581,Poisson,Poisson,1.0,0.0
0.5779448621553884,Poisson,Poisson,1.0,0.0
0.5924812030075188,Poisson,Poisson,1.0,0.0
0.6070175438596491,Poisson,Poisson,1.0,0.0
0.6215538847117794,Poisson,Poisson,1.0,0.0
0.6360902255639098,Poisson,Poisson,1.0,0.0
0.65062656641604,Poisson,Poisson,1.0,0.0
0.6651629072681704,Poisson,Poisson,1.0,0.0
0.6796992481203008,Poisson,Poisson,1.0,0.0
0.694235588972431,Poisson,Poisson,1.0,0.0
0.7087719298245614,Poisson,Poisson,1.0,0.0
0.7233082706766918,Poisson,Poisson,1.0,0.0
0.737844611528822,Poisson,Poisson,1.0,0.0
0.7523809523809524,Poisson,Poisson,1.0,0.0
0.7669172932330828,Poisson,Poisson,1.0,0.0
0.781453634085213,Poisson,Poisson,1.0,0.0
0.7959899749373434,Poisson,Poisson,1.0,0.0
0.8105263157894735,Poisson,Poisson,1.0,0.0
0.8250626566416039,Poisson,Poisson,1.0,0.0
0.8395989974937343,Poisson,Poisson,1.0,0.0
0.8541353383458645,Poisson,Poisson,1.0,0.0
0.8686716791979949,Poisson,Poisson,1.0,0.0
0.8832080200501253,Poisson,Poisson,1.0,0.0
0.8977443609022555,Poisson,Poisson,1.0,0.0
0.9122807017543859,Poisson,Poisson,1.0,0.0
0.9268170426065163,Poisson,Poisson,1.0,0.0
0.9413533834586465,Poisson,Poisson,1.0,0.0
0.9558897243107769,Poisson,Poisson,1.0,0.0
0.9704260651629073,Poisson,Poisson,1.0,0.0
0.9849624060150375,Poisson,Poisson,1.0,0.0
0.9994987468671679,Poisson,Poisson,1.0,0.0
1.0140350877192983,Poisson,Poisson,0.9724466445407995,0.027553355459200457
1.0285714285714285,Poisson,Poisson,0.9449636733844211,0.05503632661557889
1.0431077694235589,Poisson,Poisson,0.918501997229177,0.08149800277082297
1.0576441102756893,Poisson,Poisson,0.8930125192263083,0.10698748077369169
1.0721804511278195,Poisson,Poisson,0.8684490811277066,0.13155091887229342
1.0867167919799499,Poisson,Poisson,0.8447682522960511,0.15523174770394887
1.10125313283208,Poisson,Poisson,0.8219291363623553,0.17807086363764468
1.1157894736842104,Poisson,Poisson,0.799893193849387,0.20010680615061305
1.1303258145363408,Poisson,Poisson,0.7786240792588477,0.2213759207411523
1.144862155388471,Poisson,Poisson,0.7580874912784592,0.2419125087215408
1.1593984962406014,Poisson,Poisson,0.7382510349049456,0.2617489650950544
1.1739348370927318,Poisson,Poisson,0.7190840944026737,0.28091590559732627
1.188471177944862,Poisson,Poisson,0.700557716127411,0.299442283872589
1.2030075187969924,Poisson,Poisson,0.6826445003420569,0.3173554996579431
1.2175438596491226,Poisson,Poisson,0.6653185012377987,0.3346814987622013
1.232080200501253,Poisson,Poisson,0.648555134451229,0.35144486554877097
1.2466165413533834,Poisson,Poisson,0.6323310914367233,0.3676689085632767
1.2611528822055136,Poisson,Poisson,0.6166242601147314,0.38337573988526863
1.275689223057644,Poisson,Poisson,0.6014136512715367,0.3985863487284633
1.2902255639097744,Poisson,Poisson,0.5866793302351496,0.4133206697648504
1.3047619047619046,Poisson,Poisson,0.5724023533960487,0.4275976466039513
1.319298245614035,Poisson,Poisson,0.558564709181,0.441435290819
1.3338345864661654,Poisson,Poisson,0.5451492631237183,0.45485073687628175
1.3483709273182956,Poisson,Poisson,0.5321397067080758,0.46786029329192425
1.362907268170426,Poisson,Poisson,0.519520509688352,0.48047949031164805
1.3774436090225564,Poisson,Poisson,0.507276875616989,0.492723124383011
1.3919799498746865,Poisson,Poisson,0.4953947003337311,0.5046052996662689
1.406516290726817,Poisson,Poisson,0.48386053319122246,0.5161394668087775
1.4210526315789471,Poisson,Poisson,0.4726615408112955,0.5273384591887045
1.4355889724310775,Poisson,Poisson,0.461785473183536,0.538214526816464
1.450125313283208,Poisson,Poisson,0.45122063193345086,0.5487793680665491
1.464661654135338,Poisson,Poisson,0.44095584060184057,0.5590441593981594
1.4791979949874685,Poisson,Poisson,0.43098041678995747,0.5690195832100425
1.493734335839599,Poisson,Poisson,0.42128414603682374,0.5787158539631763
1.508270676691729,Poisson,Poisson,0.41185725730582146,0.5881427426941785
1.5228070175438595,Poisson,Poisson,0.4026903999674507,0.5973096000325493
1.53734335839599,Poisson,Poisson,0.3937746221740722,0.6062253778259278
1.55187969924812,Poisson,Poisson,0.3851013505305867,0.6148986494694133
1.5664160401002505,Poisson,Poisson,0.37666237097244903,0.623337629027551
1.5809523809523809,Poisson,Poisson,0.36844981076920424,0.6315501892307958
1.595488721804511,Poisson,Poisson,0.3604561215779618,0.6395438784220382
1.6100250626566415,Poisson,Poisson,0.3526740634769151,0.6473259365230849
1.6245614035087719,Poisson,Poisson,0.3450966899142406,0.6549033100857594
1.639097744360902,Poisson,Poisson,0.3377173335124951,0.6622826664875049
1.6536340852130325,Poisson,Poisson,0.33052959267302984,0.6694704073269702
1.6681704260651626,Poisson,Poisson,0.3235273189289787,0.6764726810710213
1.682706766917293,Poisson,Poisson,0.31670460499908826,0.6832953950009117
1.6972431077694234,Poisson,Poisson,0.31005577349807645,0.6899442265019236
1.7117794486215536,Poisson,Poisson,0.3035753662623525,0.6964246337376475
1.726315789473684,Poisson,Poisson,0.29725813425282377,0.7027418657471762
1.7408521303258144,Poisson,Poisson,0.2910990279991952,0.7089009720008048
1.7553884711779446,Poisson,Poisson,0.28509318855262566,0.7149068114473743
1.769924812030075,Poisson,Poisson,0.2792359389158814,0.7207640610841186
1.7844611528822054,Poisson,Poisson,0.2735227759222387,0.7264772240777613
1.7989974937343356,Poisson,Poisson,0.26794936253631807,0.7320506374636819
1.813533834586466,Poisson,Poisson,0.2625115205518418,0.7374884794481582
1.8280701754385964,Poisson,Poisson,0.25720522366296783,0.7427947763370322
1.8426065162907266,Poisson,Poisson,0.252026590887392,0.747973409112608
1.857142857142857,Poisson,Poisson,0.24697188032084344,0.7530281196791566
1.8716791979949874,Poisson,Poisson,0.24203748320392426,0.7579625167960757
1.8862155388471176,Poisson,Poisson,0.23721991828346678,0.7627800817165332
1.900751879699248,Poisson,Poisson,0.2325158264517333,0.7674841735482667
1.9152882205513784,Poisson,Poisson,0.22792196564783862,0.7720780343521614
1.9298245614035086,Poisson,Poisson,0.2234352060067586,0.7765647939932414
1.944360902255639,Poisson,Poisson,0.21905252524221397,0.780947474757786
1.9588972431077691,Poisson,Poisson,0.214771004250562,0.785228995749438
1.9734335839598995,Poisson,Poisson,0.21058782292362882,0.7894121770763711
1.98796992481203,Poisson,Poisson,0.20650025615915496,0.7934997438408451
2.0025062656641603,Poisson,Poisson,0.20250567005821396,0.797494329941786
2.0170426065162905,Poisson,Poisson,0.19860151829960787,0.8013984817003921
2.031578947368421,Poisson,Poisson,0.19478533868184528,0.8052146613181548
2.0461152882205513,Poisson,Poisson,0.1910547498238664,0.8089452501761336
2.0606516290726815,Poisson,Poisson,0.18740744801620002,0.8125925519838
2.075187969924812,Poisson,Poisson,0.18384120421473316,0.8161587957852668
2.0897243107769423,Poisson,Poisson,0.18035386116972246,0.8196461388302776
2.1042606516290725,Poisson,Poisson,0.17694333068311008,0.8230566693168899
2.118796992481203,Poisson,Poisson,0.17360759098760375,0.8263924090123962
2.1333333333333333,Poisson,Poisson,0.17034468424135668,0.8296553157586433
2.1478696741854635,Poisson,Poisson,0.16715271413242994,0.8328472858675701
2.162406015037594,Poisson,Poisson,0.16402984358755424,0.8359701564124458
2.1769423558897243,Poisson,Poisson,0.16097429258001067,0.8390257074199894
2.1914786967418545,Poisson,Poisson,0.1579843360317401,0.8420156639682599
2.206015037593985,Poisson,Poisson,0.1550583018050644,0.8449416981949356
2.2205513784461153,Poisson,Poisson,0.15219456877965343,0.8478054312203466
2.2350877192982455,Poisson,Poisson,0.14939156501061124,0.8506084349893888
2.249624060150376,Poisson,Poisson,0.14664776596378154,0.8533522340362185
2.2641604010025063,Poisson,Poisson,0.14396169282458027,0.8560383071754197
2.2786967418546364,Poisson,Poisson,0.1413319108768621,0.858668089123138
2.293233082706767,Poisson,Poisson,0.13875702794851547,0.8612429720514845
2.3077694235588972,Poisson,Poisson,0.13623569292065385,0.8637643070793461
2.3223057644110274,Poisson,Poisson,0.1337665942974372,0.8662334057025628
2.336842105263158,Poisson,Poisson,0.13134845883371277,0.8686515411662872
2.3513784461152882,Poisson,Poisson,0.12898005021781128,0.8710199497821887
2.3659147869674184,Poisson,Poisson,0.12666016780696987,0.8733398321930301
2.380451127819549,Poisson,Poisson,0.12438764541298708,0.8756123545870129
2.394987468671679,Poisson,Poisson,0.1221613501358351,0.8778386498641649
2.4095238095238094,Poisson,Poisson,0.11998018124306928,0.8800198187569307
2.42406015037594,Poisson,Poisson,0.11784306909298736,0.8821569309070126
2.43859649122807,Poisson,Poisson,0.11574897409959103,0.8842510259004089
2.4531328320802004,Poisson,Poisson,0.11369688573750006,0.8863031142625
2.467669172932331,Poisson,Poisson,0.11168582158506196,0.888314178414938
2.482205513784461,Poisson,Poisson,0.1097148264039873,0.8902851735960127
2.4967418546365914,Poisson,Poisson,0.10778297125392011,0.8922170287460799
2.511278195488722,Poisson,Poisson,0.10588935264043445,0.8941106473595656
2.525814536340852,Poisson,Poisson,0.10403309169501801,0.8959669083049819
2.5403508771929824,Poisson,Poisson,0.10221333338567504,0.8977866666143249
2.554887218045113,Poisson,Poisson,0.10042924575684628,0.8995707542431537
2.569423558897243,Poisson,Poisson,0.09868001919740463,0.9013199808025953
2.5839598997493733,Poisson,Poisson,0.09696486573554638,0.9030351342644536
2.5984962406015035,Poisson,Poisson,0.0952830183594513,0.9047169816405487
2.613032581453634,Poisson,Poisson,0.09363373036263911,0.9063662696373609
2.6275689223057643,Poisson,Poisson,0.0920162747130007,0.9079837252869993
2.6421052631578945,Poisson,Poisson,0.09042994344452679,0.9095700565554732
2.656641604010025,Poisson,Poisson,0.08887404707080634,0.9111259529291936
2.6711779448621553,Poisson,Poisson,0.08734791401940675,0.9126520859805932
2.6857142857142855,Poisson,Poisson,0.08585089008628774,0.9141491099137122
2.700250626566416,Poisson,Poisson,0.084382337909443,0.915617662090557
2.7147869674185463,Poisson,Poisson,0.08294163646099717,0.9170583635390028
2.7293233082706765,Poisson,Poisson,0.0815281805570203,0.9184718194429797
2.743859649122807,Poisson,Poisson,0.08014138038435784,0.9198586196156422
2.7583959899749373,Poisson,Poisson,0.07878066104380285,0.9212193389561971
2.7729323308270675,Poisson,Poisson,0.07744546210896724,0.9225545378910327
2.787468671679198,Poisson,Poisson,0.07613523720023913,0.9238647627997609
2.8020050125313283,Poisson,Poisson,0.07484945357323838,0.9251505464267616
2.8165413533834585,Poisson,Poisson,0.07358759172120821,0.9264124082787918
2.831077694235589,Poisson,Poisson,0.07234914499080669,0.9276508550091933
2.8456140350877193,Poisson,Poisson,0.07113361921078379,0.9288663807892162
2.8601503759398494,Poisson,Poisson,0.06994053233305145,0.9300594676669486
2.87468671679198,Poisson,Poisson,0.06876941408567727,0.9312305859143227
2.8892230576441102,Poisson,Poisson,0.06761980563734979,0.9323801943626502
2.9037593984962404,Poisson,Poisson,0.06649125927288468,0.9335087407271153
2.918295739348371,Poisson,Poisson,0.06538333807935787,0.9346166619206422
2.9328320802005012,Poisson,Poisson,0.06429561564247038,0.9357043843575297
2.9473684210526314,Poisson,Poisson,0.06322767575276411,0.9367723242472359
2.961904761904762,Poisson,Poisson,0.06217911212132646,0.9378208878786736
2.976441102756892,Poisson,Poisson,0.061149528104634324,0.9388504718953656
2.9909774436090224,Poisson,Poisson,0.06013853643820295,0.939861463561797
3.005513784461153,Poisson,Poisson,0.05914575897871996,0.94085424102128
3.020050125313283,Poisson,Poisson,0.058170826454356644,0.9418291735456433
3.0345864661654134,Poisson,Poisson,0.05721337822296156,0.9427866217770384
3.049122807017544,Poisson,Poisson,0.05627306203785351,0.9437269379621465
3.063659147869674,Poisson,Poisson,0.05534953382094254,0.9446504661790575
3.0781954887218044,Poisson,Poisson,0.05444245744291776,0.9455575425570822
3.092731829573935,Poisson,Poisson,0.053551504510251965,0.9464484954897481
3.107268170426065,Poisson,Poisson,0.05267635415878304,0.947323645841217
3.1218045112781954,Poisson,Poisson,0.051816692853640364,0.9481833071463597
3.1363408521303255,Poisson,Poisson,0.05097221419529535,0.9490277858047047
3.150877192982456,Poisson,Poisson,0.050142618731522634,0.9498573812684774
3.1654135338345863,Poisson,Poisson,0.04932761377506732,0.9506723862249327
3.1799498746867165,Poisson,Poisson,0.04852691322682101,0.951473086773179
3.194486215538847,Poisson,Poisson,0.0477402374043181,0.9522597625956819
3.2090225563909773,Poisson,Poisson,0.04696731287537023,0.9530326871246297
3.2235588972431075,Poisson,Poisson,0.04620787229666333,0.9537921277033367
3.238095238095238,Poisson,Poisson,0.045461654257150014,0.95453834574285
3.2526315789473683,Poisson,Poisson,0.0447284031260749,0.9552715968739252
3.2671679197994985,Poisson,Poisson,0.04400786890547689,0.9559921310945231
3.281704260651629,Poisson,Poisson,0.04329980708701914,0.9567001929129808
3.2962406015037593,Poisson,Poisson,0.04260397851300225,0.9573960214869978
3.3107769423558895,Poisson,Poisson,0.041920149241421525,0.9580798507585785
3.32531328320802,Poisson,Poisson,0.041248090414935046,0.958751909585065
3.3398496240601503,Poisson,Poisson,0.040587578133613716,0.9594124218663863
3.3543859649122805,Poisson,Poisson,0.03993839333134905,0.9600616066686509
3.368922305764411,Poisson,Poisson,0.03930032165579958,0.9606996783442004
3.3834586466165413,Poisson,Poisson,0.03867315335176104,0.961326846648239
3.3979949874686715,Poisson,Poisson,0.038056683147848505,0.9619433168521515
3.412531328320802,Poisson,Poisson,0.037450710146385,0.962549289853615
3.4270676691729323,Poisson,Poisson,0.036855037716392536,0.9631449622836075
3.4416040100250624,Poisson,Poisson,0.036269473389586845,0.9637305266104131
3.456140350877193,Poisson,Poisson,0.03569382875927987,0.9643061712407202
3.4706766917293232,Poisson,Poisson,0.03512791938209801,0.964872080617902
3.4852130325814534,Poisson,Poisson,0.0345715646824267,0.9654284353175733
3.499749373433584,Poisson,Poisson,0.034024587859495886,0.9659754121405041
3.5142857142857142,Poisson,Poisson,0.03348681579702338,0.9665131842029766
3.5288220551378444,Poisson,Poisson,0.03295807897533613,0.9670419210246639
3.543358395989975,Poisson,Poisson,0.032438211385892396,0.9675617886141076
3.557894736842105,Poisson,Poisson,0.031927050448130434,0.9680729495518696
3.5724310776942354,Poisson,Poisson,0.03142443692857182,0.9685755630714282
3.586967418546366,Poisson,Poisson,0.030930214862109853,0.9690697851378901
3.601503759398496,Poisson,Poisson,0.030444231475416604,0.9695557685245834
3.6160401002506264,Poisson,Poisson,0.029966337112403256,0.9700336628875967
3.630576441102757,Poisson,Poisson,0.029496385161671947,0.970503614838328
3.645112781954887,Poisson,Poisson,0.02903423198589826,0.9709657680141017
3.6596491228070174,Poisson,Poisson,0.028579736853086457,0.9714202631469135
3.6741854636591476,Poisson,Poisson,0.028132761869640956,0.971867238130359
3.688721804511278,Poisson,Poisson,0.027693171915199682,0.9723068280848003
3.7032581453634084,Poisson,Poisson,0.02726083457917685,0.9727391654208232
3.7177944862155385,Poisson,Poisson,0.026835620098964,0.973164379901036
3.732330827067669,Poisson,Poisson,0.026417401299740587,0.9735825987002594
3.7468671679197993,Poisson,Poisson,0.026006053535846438,0.9739939464641536
3.7614035087719295,Poisson,Poisson,0.025601454633669883,0.9743985453663301
3.77593984962406,Poisson,Poisson,0.025203484836007685,0.9747965151639923
3.7904761904761903,Poisson,Poisson,0.02481202674785342,0.9751879732521466
3.8050125313283205,Poisson,Poisson,0.024426965283572723,0.9755730347164273
3.819548872180451,Poisson,Poisson,0.024048187615425473,0.9759518123845745
3.8340852130325813,Poisson,Poisson,0.023675583123395905,0.9763244168766041
3.8486215538847115,Poisson,Poisson,0.023309043346292767,0.9766909566537072
3.863157894736842,Poisson,Poisson,0.022948461934083536,0.9770515380659165
3.8776942355889723,Poisson,Poisson,0.022593734601427162,0.9774062653985729
3.8922305764411025,Poisson,Poisson,0.022244759082371113,0.9777552409176289
3.906766917293233,Poisson,Poisson,0.021901435086180032,0.97809856491382
3.9213032581453633,Poisson,Poisson,0.02156366425426374,0.9784363357457363
3.9358395989974935,Poisson,Poisson,0.021231350118173647,0.9787686498818263
3.950375939849624,Poisson,Poisson,0.02090439805863762,0.9790956019413624
3.9649122807017543,Poisson,Poisson,0.020582715265604352,0.9794172847343956
3.9794486215538845,Poisson,Poisson,0.02026621069926883,0.9797337893007312
3.993984962406015,Poisson,Poisson,0.019954795052051888,0.9800452049479481
4.008521303258145,Poisson,Poisson,0.01964838071150729,0.9803516192884927
4.023057644110275,Poisson,Poisson,0.01934688172413069,0.9806531182758693
4.037593984962406,Poisson,Poisson,0.01905021376004592,0.9809497862399541
4.052130325814536,Poisson,Poisson,0.018758294078544277,0.9812417059214558
4.066666666666666,Poisson,Poisson,0.018471041494453583,0.9815289585055464
4.081203007518797,Poisson,Poisson,0.018188376345314526,0.9818116236546854
4.095739348370927,Poisson,Poisson,0.01791022045934225,0.9820897795406578
4.110275689223057,Poisson,Poisson,0.017636497124152085,0.982363502875848
4.124812030075188,Poisson,Poisson,0.017367131056228592,0.9826328689437714
4.139348370927318,Poisson,Poisson,0.01710204837111832,0.9828979516288817
4.153884711779448,Poisson,Poisson,0.016841176554326445,0.9831588234456735
4.168421052631579,Poisson,Poisson,0.016584444432898873,0.9834155555671011
4.182957393483709,Poisson,Poisson,0.016331782147671357,0.9836682178523286
4.197493734335839,Poisson,Poisson,0.01608312112616815,0.9839168788738318
4.21203007518797,Poisson,Poisson,0.01583839405613264,0.9841616059438674
4.2265664160401,Poisson,Poisson,0.015597534859673842,0.9844024651403261
4.24110275689223,Poisson,Poisson,0.015360478668012066,0.984639521331988
4.2556390977443606,Poisson,Poisson,0.01512716179680848,0.9848728382031915
4.270175438596491,Poisson,Poisson,0.014897521722062969,0.9851024782779371
4.284711779448622,Poisson,Poisson,0.014671497056565948,0.9853285029434341
4.299248120300752,Poisson,Poisson,0.014449027526889278,0.9855509724731107
4.313784461152882,Poisson,Poisson,0.014230053950902714,0.9857699460490973
4.328320802005012,Poisson,Poisson,0.014014518215802137,0.9859854817841979
4.3428571428571425,Poisson,Poisson,0.013802363256636686,0.9861976367433634
4.357393483709273,Poisson,Poisson,0.013593533035321542,0.9864064669646785
4.371929824561404,Poisson,Poisson,0.013387972520124577,0.9866120274798754
4.386466165413534,Poisson,Poisson,0.013185627665614267,0.9868143723343857
4.401002506265664,Poisson,Poisson,0.01298644539305751,0.9870135546069425
4.415538847117794,Poisson,Poisson,0.012790373571255818,0.9872096264287442
4.4300751879699245,Poisson,Poisson,0.012597360997808928,0.987402639002191
4.444611528822055,Poisson,Poisson,0.012407357380794962,0.987592642619205
4.459147869674185,Poisson,Poisson,0.012220313320856845,0.9877796866791432
4.473684210526316,Poisson,Poisson,0.012036180293684699,0.9879638197063153
4.488220551378446,Poisson,Poisson,0.011854910632884491,0.9881450893671155
4.502756892230576,Poisson,Poisson,0.011676457513223173,0.9883235424867768
4.5172932330827065,Poisson,Poisson,0.011500774934241158,0.9884992250657588
4.531829573934837,Poisson,Poisson,0.01132781770422301,0.988672182295777
4.546365914786967,Poisson,Poisson,0.011157541424517466,0.9888424585754826
4.560902255639098,Poisson,Poisson,0.010989902474198288,0.9890100975258017
4.575438596491228,Poisson,Poisson,0.010824857995057668,0.9891751420049424
4.589974937343358,Poisson,Poisson,0.010662365876923905,0.9893376341230761
4.604511278195488,Poisson,Poisson,0.010502384743295602,0.9894976152567044
4.619047619047619,Poisson,Poisson,0.010344873937284754,0.9896551260627152
4.633583959899749,Poisson,Poisson,0.010189793507861016,0.989810206492139
4.64812030075188,Poisson,Poisson,0.010037104196390274,0.9899628958036097
4.66265664160401,Poisson,Poisson,0.009886767423460043,0.9901132325765399
4.67719298245614,Poisson,Poisson,0.009738745275985089,0.9902612547240149
4.69172932330827,Poisson,Poisson,0.009593000494586487,0.9904069995054136
4.706265664160401,Poisson,Poisson,0.00944949646123765,0.9905505035387624
4.720802005012531,Poisson,Poisson,0.009308197187170863,0.9906918028128291
4.735338345864662,Poisson,Poisson,0.009169067301038284,0.9908309326989617
4.749874686716792,Poisson,Poisson,0.00903207203732143,0.9909679279626785
4.764411027568922,Poisson,Poisson,0.008897177224983004,0.991102822775017
4.778947368421052,Poisson,Poisson,0.008764349276355846,0.9912356507236442
4.793483709273183,Poisson,Poisson,0.008633555176262995,0.991366444823737
4.808020050125313,Poisson,Poisson,0.008504762471363784,0.9914952375286362
4.822556390977444,Poisson,Poisson,0.008377939259720486,0.9916220607402795
4.837092731829574,Poisson,Poisson,0.008253054180580612,0.9917469458194194
4.851629072681704,Poisson,Poisson,0.008130076404369576,0.9918699235956304
4.866165413533834,Poisson,Poisson,0.008008975622889193,0.9919910243771108
4.8807017543859645,Poisson,Poisson,0.007889722039717023,0.992110277960283
4.895238095238095,Poisson,Poisson,0.007772286360802022,0.9922277136391979
4.909774436090226,Poisson,Poisson,0.007656639785252066,0.9923433602147479
4.924310776942356,Poisson,Poisson,0.007542753996308917,0.9924572460036911
4.938847117794486,Poisson,Poisson,0.007430601152506301,0.9925693988474937
4.953383458646616,Poisson,Poisson,0.0073201538790070575,0.9926798461209929
4.9679197994987465,Poisson,Poisson,0.007211385259115171,0.9927886147408849
4.982456140350877,Poisson,Poisson,0.007104268825958918,0.9928957311740411
4.996992481203007,Poisson,Poisson,0.006998778554341039,0.9930012214456589
5.011528822055138,Poisson,Poisson,0.006894888852752362,0.9931051111472476
5.026065162907268,Poisson,Poisson,0.0067925745555451784,0.9932074254444548
5.040601503759398,Poisson,Poisson,0.006691810915262698,0.9933081890847373
5.0551378446115285,Poisson,Poisson,0.006592573595121248,0.9934074264048788
5.069674185463659,Poisson,Poisson,0.006494838661641748,0.9935051613383582
5.084210526315789,Poisson,Poisson,0.006398582577427097,0.9936014174225729
5.09874686716792,Poisson,Poisson,0.0063037821940823795,0.9936962178059177
5.11328320802005,Poisson,Poisson,0.006210414745274624,0.9937895852547254
5.12781954887218,Poisson,Poisson,0.006118457839929059,0.993881542160071
5.1423558897243105,Poisson,Poisson,0.006027889455558955,0.993972110544441
5.156892230576441,Poisson,Poisson,0.00593868793172601,0.994061312068274
5.171428571428571,Poisson,Poisson,0.00585083196362852,0.9941491680363714
5.185964912280702,Poisson,Poisson,0.005764300595814497,0.9942356994041855
5.200501253132832,Poisson,Poisson,0.005679073216017098,0.9943209267839829
5.215037593984962,Poisson,Poisson,0.005595129549109531,0.9944048704508904
5.229573934837092,Poisson,Poisson,0.005512449651177127,0.9944875503488229
5.244110275689223,Poisson,Poisson,0.005431013903703822,0.9945689860962962
5.258646616541353,Poisson,Poisson,0.005350803007870712,0.9946491969921293
5.273182957393484,Poisson,Poisson,0.005271797978964189,0.9947282020210358
5.287719298245614,Poisson,Poisson,0.00519398014089148,0.9948060198591085
5.302255639097744,Poisson,Poisson,0.0051173311208010195,0.994882668879199
5.316791979949874,Poisson,Poisson,0.005041832843805728,0.9949581671561942
5.331328320802005,Poisson,Poisson,0.004967467527806803,0.9950325324721931
5.345864661654135,Poisson,Poisson,0.004894217678415977,0.995105782321584
5.360401002506266,Poisson,Poisson,0.004822066083974131,0.9951779339160258
5.374937343358396,Poisson,Poisson,0.004750995810664285,0.9952490041893357
5.389473684210526,Poisson,Poisson,0.004680990197716903,0.995319009802283
5.404010025062656,Poisson,Poisson,0.004612032852705618,0.9953879671472944
5.4185463659147866,Poisson,Poisson,0.00454410764693154,0.9954558923530684
5.433082706766917,Poisson,Poisson,0.004477198710894151,0.9955228012891059
5.447619047619048,Poisson,Poisson,0.004411290429847172,0.9955887095701528
5.462155388471178,Poisson,Poisson,0.004346367439437468,0.9956536325605625
5.476691729323308,Poisson,Poisson,0.004282414621425371,0.9957175853785746
5.491228070175438,Poisson,Poisson,0.004219417099484715,0.9957805829005153
5.5057644110275685,Poisson,Poisson,0.004157360235080922,0.995842639764919
5.520300751879699,Poisson,Poisson,0.004096229623425535,0.9959037703765745
5.534837092731829,Poisson,Poisson,0.004036011089505687,0.9959639889104943
5.54937343358396,Poisson,Poisson,0.003976690684186839,0.9960233093158132
5.56390977443609,Poisson,Poisson,0.003918254680387465,0.9960817453196126
5.57844611528822,Poisson,Poisson,0.003860689569324063,0.9961393104306759
5.5929824561403505,Poisson,Poisson,0.0038039820568251496,0.9961960179431748
5.607518796992481,Poisson,Poisson,0.003748119059712806,0.9962518809402872
5.622055137844611,Poisson,Poisson,0.0036930877022504395,0.9963069122977496
5.636591478696742,Poisson,Poisson,0.003638875312655372,0.9963611246873446
5.651127819548872,Poisson,Poisson,0.003585469419674983,0.996414530580325
5.665664160401002,Poisson,Poisson,0.0035328577492251476,0.9964671422507748
5.6802005012531325,Poisson,Poisson,0.0034810282210896654,0.9965189717789104
5.694736842105263,Poisson,Poisson,0.003429968945679515,0.9965700310543205
5.709273182957393,Poisson,Poisson,0.003379668220850702,0.9966203317791493
5.723809523809524,Poisson,Poisson,0.0033301145287795517,0.9966698854712205
5.738345864661654,Poisson,Poisson,0.003281296532894314,0.9967187034671057
5.752882205513784,Poisson,Poisson,0.003233203074861913,0.996766796925138
5.7674185463659144,Poisson,Poisson,0.003185823171628838,0.9968141768283711
5.781954887218045,Poisson,Poisson,0.003139146012515,0.996860853987485
5.796491228070175,Poisson,Poisson,0.0030931609563596236,0.9969068390436404
5.811027568922306,Poisson,Poisson,0.0030478575287180443,0.9969521424712819
5.825563909774436,Poisson,Poisson,0.003003225419108492,0.9969967745808915
5.840100250626566,Poisson,Poisson,0.0029592544783078444,0.9970407455216922
5.854636591478696,Poisson,Poisson,0.0029159347156954016,0.9970840652843046
5.869172932330827,Poisson,Poisson,0.0028732562966437367,0.9971267437033563
5.883709273182957,Poisson,Poisson,0.0028312095399557523,0.9971687904600443
5.898245614035088,Poisson,Poisson,0.0027897849153469536,0.997210215084653
5.912781954887218,Poisson,Poisson,0.0027489730409721806,0.9972510269590278
5.927318295739348,Poisson,Poisson,0.002708764680995834,0.9972912353190042
5.941854636591478,Poisson,Poisson,0.0026691507432048305,0.9973308492567952
5.956390977443609,Poisson,Poisson,0.002630122276663413,0.9973698777233366
5.970927318295739,Poisson,Poisson,0.0025916704694090636,0.9974083295305909
5.98546365914787,Poisson,Poisson,0.0025537866461886717,0.9974462133538113
6.0,Poisson,Poisson,0.0025164622662342635,0.9974835377337657
