record_type,R0_peak,w,tau,k,theta,day,R0_t,p_survive_g6,window_start_thr0.05,window_end_thr0.05,window_len_thr0.05,window_start_thr0.1,window_end_thr0.1,window_len_thr0.1
daily_curve,1.5,55.0,15,0.5,0.0,1,0.008964034342508906,1.3207974713935755e-09,,,,,,
daily_curve,1.5,55.0,15,0.5,0.0,2,0.008455974894886512,1.5650217788376608e-09,,,,,,
daily_curve,1.5,55.0,15,0.5,0.0,3,0.007974074515326522,1.850264608194152e-09,,,,,,
daily_curve,1.5,55.0,15,0.5,0.0,4,0.007517151897882423,2.182604874612082e-09,,,,,,
daily_curve,1.5,55.0,15,0.5,0.0,5,0.007084069185113547,2.568873336272759e-09,,,,,,
daily_curve,1.5,55.0,15,0.5,0.0,6,0.006673730939423441,3.0167205400388752e-09,,,,,,
daily_curve,1.5,55.0,15,0.5,0.0,7,0.00628508310543289,3.5346860993712426e-09,,,,,,
daily_curve,1.5,55.0,15,0.5,0.0,8,0.00628508310543289,4.389244856461971e-09,,,,,,
daily_curve,1.5,55.0,15,0.5,0.0,9,0.006673730939423441,5.776310763039305e-09,,,,,,
daily_curve,1.5,55.0,15,0.5,0.0,10,0.007084069185113547,7.58456131233487e-09,,,,,,
daily_curve,1.5,55.0,15,0.5,0.0,11,0.007517151897882423,9.93638016311138e-09,,,,,,
daily_curve,1.5,55.0,15,0.5,0.0,12,0.007974074515326522,1.2988004449709933e-08,,,,,,
daily_curve,1.5,55.0,15,0.5,0.0,13,0.008455974894886512,1.693837947680521e-08,,,,,,
daily_curve,1.5,55.0,15,0.5,0.0,14,0.008964034342508906,2.2040184344263025e-08,,,,,,
daily_curve,1.5,55.0,15,0.5,0.0,15,0.009499478629696757,2.8613519442721724e-08,,,,,,
daily_curve,1.5,55.0,15,0.5,0.0,16,0.010063578996170844,3.706285078841631e-08,,,,,,
daily_curve,1.5,55.0,15,0.5,0.0,17,0.01065765313522992,4.789792185100339e-08,,,,,,
daily_curve,1.5,55.0,15,0.5,0.0,18,0.011283066158765037,6.175948696895972e-08,,,,,,
daily_curve,1.5,55.0,15,0.5,0.0,19,0.011941231538750464,7.945088398297884e-08,,,,,,
daily_curve,1.5,55.0,15,0.5,0.0,20,0.012633612021901391,1.019766523446819e-07,,,,,,
daily_curve,1.5,55.0,15,0.5,0.0,21,0.013361720514058071,1.3058962788914386e-07,,,,,,
daily_curve,1.5,55.0,15,0.5,0.0,22,0.014127120930726114,1.6684819847956334e-07,,,,,,
daily_curve,1.5,55.0,15,0.5,0.0,23,0.01493142901007664,2.126856977202607e-07,,,,,,
daily_curve,1.5,55.0,15,0.5,0.0,24,0.015776313084584596,2.7049425077585454e-07,,,,,,
daily_curve,1.5,55.0,15,0.5,0.0,25,0.016663494807363458,3.432257623670054e-07,,,,,,
daily_curve,1.5,55.0,15,0.5,0.0,26,0.017594749829136246,4.345131690008941e-07,,,,,,
daily_curve,1.5,55.0,15,0.5,0.0,27,0.018571908421670412,5.488155558897034e-07,,,,,,
daily_curve,1.5,55.0,15,0.5,0.0,28,0.019596856043396057,6.915912774685395e-07,,,,,,
daily_curve,1.5,55.0,15,0.5,0.0,29,0.020671533842824035,8.695038125061672e-07,,,,,,
daily_curve,1.5,55.0,15,0.5,0.0,30,0.021797939095284997,1.090665740055563e-06,,,,,,
daily_curve,1.5,55.0,15,0.5,0.0,31,0.022978125568419952,1.3649269333670944e-06,,,,,,
daily_curve,1.5,55.0,15,0.5,0.0,32,0.024214203811771744,1.7042138436007548e-06,,,,,,
daily_curve,1.5,55.0,15,0.5,0.0,33,0.02550834136575257,2.122927571401867e-06,,,,,,
daily_curve,1.5,55.0,15,0.5,0.0,34,0.02686276288519783,2.638409305699696e-06,,,,,,
daily_curve,1.5,55.0,15,0.5,0.0,35,0.028279750172660476,3.2714826333490876e-06,,,,,,
daily_curve,1.5,55.0,15,0.5,0.0,36,0.029761642116555447,4.0470831839112265e-06,,,,,,
daily_curve,1.5,55.0,15,0.5,0.0,37,0.03131083452922827,4.994987051754052e-06,,,,,,
daily_curve,1.5,55.0,15,0.5,0.0,38,0.03292977987999978,6.150650431413496e-06,,,,,,
daily_curve,1.5,55.0,15,0.5,0.0,39,0.03462098691822703,7.5561738642759835e-06,,,,,,
daily_curve,1.5,55.0,15,0.5,0.0,40,0.036387020181423424,9.261405435445624e-06,,,,,,
daily_curve,1.5,55.0,15,0.5,0.0,41,0.038230499383495854,1.1325198115530455e-05,,,,,,
daily_curve,1.5,55.0,15,0.5,0.0,42,0.04015409867818754,1.3816837205582466e-05,,,,,,
daily_curve,1.5,55.0,15,0.5,0.0,43,0.042160545792858245,1.6817654459821973e-05,,,,,,
daily_curve,1.5,55.0,15,0.5,0.0,44,0.04425262102779515,2.0422845894429997e-05,,,,,,
daily_curve,1.5,55.0,15,0.5,0.0,45,0.04643315611632311,2.4743510492197807e-05,,,,,,
daily_curve,1.5,55.0,15,0.5,0.0,46,0.04870503294107568,2.9908926926780488e-05,,,,,,
daily_curve,1.5,55.0,15,0.5,0.0,47,0.051071182101898996,3.6069085009304835e-05,,,,,,
daily_curve,1.5,55.0,15,0.5,0.0,48,0.0535345813309874,4.3397487736074325e-05,,,,,,
daily_curve,1.5,55.0,15,0.5,0.0,49,0.05609825375099642,5.209423853769213e-05,,,,,,
daily_curve,1.5,55.0,15,0.5,0.0,50,0.05876526597204266,6.238942653402635e-05,,,,,,
daily_curve,1.5,55.0,15,0.5,0.0,51,0.061538726023685056,7.454682022345338e-05,,,,,,
daily_curve,1.5,55.0,15,0.5,0.0,52,0.06442178111818275,8.886787703710208e-05,,,,,,
daily_curve,1.5,55.0,15,0.5,0.0,53,0.06741761524155035,0.00010569607249644175,,,,,,
daily_curve,1.5,55.0,15,0.5,0.0,54,0.07052944656917189,0.00012542154831285401,,,,,,
daily_curve,1.5,55.0,15,0.5,0.0,55,0.07376052470300021,0.00014848607360062882,,,,,,
daily_curve,1.5,55.0,15,0.5,0.0,56,0.0771141277276489,0.00017538830744445733,,,,,,
daily_curve,1.5,55.0,15,0.5,0.0,57,0.08059355908299107,0.00020668934435308373,,,,,,
daily_curve,1.5,55.0,15,0.5,0.0,58,0.0842021442512006,0.00024301851666397312,,,,,,
daily_curve,1.5,55.0,15,0.5,0.0,59,0.08794322725651965,0.0002850794197821749,,,,,,
daily_curve,1.5,55.0,15,0.5,0.0,60,0.09182016697639735,0.00033365611729108124,,,,,,
daily_curve,1.5,55.0,15,0.5,0.0,61,0.09583633326303329,0.0003896194735703018,,,,,,
daily_curve,1.5,55.0,15,0.5,0.0,62,0.09999510287476221,0.00045393355169787153,,,,,,
daily_curve,1.5,55.0,15,0.5,0.0,63,0.10429985521714376,0.0005276620042612423,,,,,,
daily_curve,1.5,55.0,15,0.5,0.0,64,0.10875396789405997,0.0006119743744229522,,,,,,
daily_curve,1.5,55.0,15,0.5,0.0,65,0.11336081206959117,0.0007081522144032348,,,,,,
daily_curve,1.5,55.0,15,0.5,0.0,66,0.11812374764191705,0.0008175949186743914,,,,,,
daily_curve,1.5,55.0,15,0.5,0.0,67,0.12304611823098892,0.0009418251598917182,,,,,,
daily_curve,1.5,55.0,15,0.5,0.0,68,0.1281312459822339,0.001082493807190943,,,,,,
daily_curve,1.5,55.0,15,0.5,0.0,69,0.13338242618907944,0.0012413841992645613,,,,,,
daily_curve,1.5,55.0,15,0.5,0.0,70,0.13880292173763306,0.001420415638919148,,,,,,
daily_curve,1.5,55.0,15,0.5,0.0,71,0.1443959573774091,0.0016216459719196052,,,,,,
daily_curve,1.5,55.0,15,0.5,0.0,72,0.15016471382256705,0.0018472731111693896,,,,,,
daily_curve,1.5,55.0,15,0.5,0.0,73,0.1561123216887047,0.0020996353679590962,,,,,,
daily_curve,1.5,55.0,15,0.5,0.0,74,0.16224185527084456,0.0023812104554153946,,,,,,
daily_curve,1.5,55.0,15,0.5,0.0,75,0.168556326168851,0.0026946130356371167,,,,,,
daily_curve,1.5,55.0,15,0.5,0.0,76,0.17505867676712575,0.003042590691512137,,,,,,
daily_curve,1.5,55.0,15,0.5,0.0,77,0.18175177357603953,0.003428018216989015,,,,,,
daily_curve,1.5,55.0,15,0.5,0.0,78,0.1886384004431781,0.0038538901357050293,,,,,,
daily_curve,1.5,55.0,15,0.5,0.0,79,0.1957212516430989,0.004323311377305794,,,,,,
daily_curve,1.5,55.0,15,0.5,0.0,80,0.20300292485491905,0.004839486063433984,,,,,,
daily_curve,1.5,55.0,15,0.5,0.0,81,0.2104859140376653,0.005405704380994303,,,,,,
daily_curve,1.5,55.0,15,0.5,0.0,82,0.2181726022139437,0.006025327548605408,,,,,,
daily_curve,1.5,55.0,15,0.5,0.0,83,0.22606525417308748,0.0067017709127176195,,,,,,
daily_curve,1.5,55.0,15,0.5,0.0,84,0.23416600910555066,0.007438485242181492,,,,,,
daily_curve,1.5,55.0,15,0.5,0.0,85,0.24247687318090483,0.00823893632349737,,,,,,
daily_curve,1.5,55.0,15,0.5,0.0,86,0.25099971208238114,0.009106582992856382,,,,,,
daily_curve,1.5,55.0,15,0.5,0.0,87,0.2597362435114644,0.010044853774646922,,,,,,
daily_curve,1.5,55.0,15,0.5,0.0,88,0.26868802967660366,0.011057122328532731,,,,,,
daily_curve,1.5,55.0,15,0.5,0.0,89,0.27785646978062994,0.012146681937668324,,,,,,
daily_curve,1.5,55.0,15,0.5,0.0,90,0.28724279252199464,0.013316719298271162,,,,,,
daily_curve,1.5,55.0,15,0.5,0.0,91,0.29684804862542197,0.014570287894796197,,,,,,
daily_curve,1.5,55.0,15,0.5,0.0,92,0.30667310341804677,0.015910281264596482,,,,,,
daily_curve,1.5,55.0,15,0.5,0.0,93,0.3167186294675336,0.017339406470524343,,,,,,
daily_curve,1.5,55.0,15,0.5,0.0,94,0.32698509929909664,0.018860158108859548,,,,,,
daily_curve,1.5,55.0,15,0.5,0.0,95,0.3374727782087018,0.02047479318280032,,,,,,
daily_curve,1.5,55.0,15,0.5,0.0,96,0.3481817171900898,0.022185307168243074,,,,,,
daily_curve,1.5,55.0,15,0.5,0.0,97,0.3591117459935536,0.023993411588591584,,,,,,
daily_curve,1.5,55.0,15,0.5,0.0,98,0.3702624663346822,0.025900513398931846,,,,,,
daily_curve,1.5,55.0,15,0.5,0.0,99,0.3816332452715022,0.027907696457357023,,,,,,
daily_curve,1.5,55.0,15,0.5,0.0,100,0.3932232087686446,0.030015705332926856,,,,,,
daily_curve,1.5,55.0,15,0.5,0.0,101,0.4050312354672949,0.032224931666328005,,,,,,
daily_curve,1.5,55.0,15,0.5,0.0,102,0.4170559506797911,0.03453540326148663,,,,,,
daily_curve,1.5,55.0,15,0.5,0.0,103,0.42929572062777677,0.03694677604507546,,,,,,
daily_curve,1.5,55.0,15,0.5,0.0,104,0.44174864694281424,0.03945832898700741,,,,,,
daily_curve,1.5,55.0,15,0.5,0.0,105,0.4544125614483186,0.04206896202968047,,,,,,
daily_curve,1.5,55.0,15,0.5,0.0,106,0.46728502124155813,0.044777197027991655,,,,,,
daily_curve,1.5,55.0,15,0.5,0.0,107,0.48036330409432315,0.04758118165704561,,,,,,
daily_curve,1.5,55.0,15,0.5,0.0,108,0.49364440419063926,0.0504786962010747,,,,,,
daily_curve,1.5,55.0,15,0.5,0.0,109,0.5071250282196484,0.05346716309631416,,,,,,
daily_curve,1.5,55.0,15,0.5,0.0,110,0.5208015918414446,0.05654365906328451,,,,,,
daily_curve,1.5,55.0,15,0.5,0.0,111,0.5346702165432844,0.05970492963086316,,,,,,
daily_curve,1.5,55.0,15,0.5,0.0,112,0.5487267269031422,0.06294740582623826,,,,,,
daily_curve,1.5,55.0,15,0.5,0.0,113,0.5629666482770994,0.06626722278177222,,,,,,
daily_curve,1.5,55.0,15,0.5,0.0,114,0.5773852049264914,0.0696602399922065,,,,,,
daily_curve,1.5,55.0,15,0.5,0.0,115,0.5919773186001407,0.07312206294361945,,,,,,
daily_curve,1.5,55.0,15,0.5,0.0,116,0.6067376075863244,0.07664806582905115,,,,,,
daily_curve,1.5,55.0,15,0.5,0.0,117,0.6216603862484156,0.08023341506453174,,,,,,
daily_curve,1.5,55.0,15,0.5,0.0,118,0.6367396650573451,0.08387309332307458,,,,,,
daily_curve,1.5,55.0,15,0.5,0.0,119,0.6519691511332109,0.08756192381259065,,,,,,
daily_curve,1.5,55.0,15,0.5,0.0,120,0.6673422493074648,0.09129459453613897,,,,,,
daily_curve,1.5,55.0,15,0.5,0.0,121,0.6828520637161696,0.09506568228887002,,,,,,
daily_curve,1.5,55.0,15,0.5,0.0,122,0.6984913999338347,0.09886967616483933,,,,,,
daily_curve,1.5,55.0,15,0.5,0.0,123,0.7142527676562861,0.10270100036793328,,,,,,
daily_curve,1.5,55.0,15,0.5,0.0,124,0.7301283839399575,0.10655403614384551,,,,,,
daily_curve,1.5,55.0,15,0.5,0.0,125,0.7461101770038382,0.11042314267375097,,,,,,
daily_curve,1.5,55.0,15,0.5,0.0,126,0.7621897905991579,0.11430267679449979,,,,,,
daily_curve,1.5,55.0,15,0.5,0.0,127,0.7783585889506576,0.11818701143426469,,,,,,
daily_curve,1.5,55.0,15,0.5,0.0,128,0.7946076622720583,0.1220705526761715,,,,,,
daily_curve,1.5,55.0,15,0.5,0.0,129,0.8109278328570411,0.12594775538512304,,,,,,
daily_curve,1.5,55.0,15,0.5,0.0,130,0.8273096617457466,0.12981313735446842,,,,,,
daily_curve,1.5,55.0,15,0.5,0.0,131,0.8437434559654438,0.13366129194911303,,,,,,
daily_curve,1.5,55.0,15,0.5,0.0,132,0.8602192763426642,0.13748689923990132,,,,,,
daily_curve,1.5,55.0,15,0.5,0.0,133,0.8767269458826878,0.14128473564052113,,,,,,
daily_curve,1.5,55.0,15,0.5,0.0,134,0.8932560587108825,0.1450496820726831,,,,,,
daily_curve,1.5,55.0,15,0.5,0.0,135,0.9097959895689501,0.14877673069790298,,,,,,
daily_curve,1.5,55.0,15,0.5,0.0,136,0.9263359038577346,0.15246099026488624,,,,,,
daily_curve,1.5,55.0,15,0.5,0.0,137,0.942864768216779,0.15609769013032349,,,,,,
daily_curve,1.5,55.0,15,0.5,0.0,138,0.9593713616294103,0.15968218301797255,,,,,,
daily_curve,1.5,55.0,15,0.5,0.0,139,0.975844287040678,0.16320994658630994,,,,,,
daily_curve,1.5,55.0,15,0.5,0.0,140,0.9922719834740619,0.16667658387894846,,,,,,
daily_curve,1.5,55.0,15,0.5,0.0,141,1.0086427386314405,0.1700778227345604,,,,,,
daily_curve,1.5,55.0,15,0.5,0.0,142,1.0249447019594202,0.17340951423439477,,,,,,
daily_curve,1.5,55.0,15,0.5,0.0,143,1.0411658981637566,0.17666763026577792,,,,,,
daily_curve,1.5,55.0,15,0.5,0.0,144,1.0572942411522313,0.17984826027941125,,,,,,
daily_curve,1.5,55.0,15,0.5,0.0,145,1.0733175483850514,0.182947607316978,,,,,,
daily_curve,1.5,55.0,15,0.5,0.0,146,1.0892235556105363,0.18596198338371106,,,,,,
daily_curve,1.5,55.0,15,0.5,0.0,147,1.1049999319626154,0.188887804238286,,,,,,
daily_curve,1.5,55.0,15,0.5,0.0,148,1.120634295395462,0.19172158366985004,,,,,,
daily_curve,1.5,55.0,15,0.5,0.0,149,1.1361142284294257,0.19445992732929418,,,,,,
daily_curve,1.5,55.0,15,0.5,0.0,150,1.1514272941813282,0.19709952617917026,,,,,,
daily_curve,1.5,55.0,15,0.5,0.0,151,1.166561052651135,0.19963714962404355,,,,,,
daily_curve,1.5,55.0,15,0.5,0.0,152,1.181503077236029,0.20206963838069836,,,,,,
daily_curve,1.5,55.0,15,0.5,0.0,153,1.196240971441988,0.20439389714555467,,,,,,
daily_curve,1.5,55.0,15,0.5,0.0,154,1.210762385762107,0.2066068871150527,,,,,,
daily_curve,1.5,55.0,15,0.5,0.0,155,1.2250550346901259,0.20870561841368052,,,,,,
daily_curve,1.5,55.0,15,0.5,0.0,156,1.239106713836897,0.21068714248389908,,,,,,
daily_curve,1.5,55.0,15,0.5,0.0,157,1.252905317116908,0.21254854449253013,,,,,,
daily_curve,1.5,55.0,15,0.5,0.0,158,1.2664388539714027,0.214286935809341,,,,,,
daily_curve,1.5,55.0,15,0.5,0.0,159,1.2796954665941764,0.21589944661567628,,,,,,
daily_curve,1.5,55.0,15,0.5,0.0,160,1.2926634471257346,0.2173832187041791,,,,,,
daily_curve,1.5,55.0,15,0.5,0.0,161,1.3053312547811897,0.2187353985350089,,,,,,
daily_curve,1.5,55.0,15,0.5,0.0,162,1.3176875328770745,0.21995313061964372,,,,,,
daily_curve,1.5,55.0,15,0.5,0.0,163,1.3297211257221102,0.2210335513104542,,,,,,
daily_curve,1.5,55.0,15,0.5,0.0,164,1.341421095336943,0.2219737830829135,,,,,,
daily_curve,1.5,55.0,15,0.5,0.0,165,1.352776737967924,0.22277092940766852,,,,,,
daily_curve,1.5,55.0,15,0.5,0.0,166,1.3637776003601614,0.22342207032190753,,,,,,
daily_curve,1.5,55.0,15,0.5,0.0,167,1.374413495755315,0.22392425882362066,,,,,,
daily_curve,1.5,55.0,15,0.5,0.0,168,1.3846745195799537,0.22427451822860744,,,,,,
daily_curve,1.5,55.0,15,0.5,0.0,169,1.394551064790726,0.2244698406485338,,,,,,
daily_curve,1.5,55.0,15,0.5,0.0,170,1.4040338368431222,0.22450718676904358,,,,,,
daily_curve,1.5,55.0,15,0.5,0.0,171,1.4131138682512314,0.2243834871299375,,,,,,
daily_curve,1.5,55.0,15,0.5,0.0,172,1.4217825327066016,0.22409564513469016,,,,,,
daily_curve,1.5,55.0,15,0.5,0.0,173,1.4300315587251178,0.22364054204396944,,,,,,
daily_curve,1.5,55.0,15,0.5,0.0,174,1.4378530427917002,0.2230150442371176,,,,,,
daily_curve,1.5,55.0,15,0.5,0.0,175,1.445239461973602,0.22221601305634942,,,,,,
daily_curve,1.5,55.0,15,0.5,0.0,176,1.4521836859741357,0.22124031758012574,,,,,,
daily_curve,1.5,55.0,15,0.5,0.0,177,1.4586789885998122,0.220084850703949,,,,,,
daily_curve,1.5,55.0,15,0.5,0.0,178,1.464719058615077,0.2187465489375333,,,,,,
daily_curve,1.5,55.0,15,0.5,0.0,179,1.4702980099601328,0.21722241635541606,,,,,,
daily_curve,1.5,55.0,15,0.5,0.0,180,1.4754103913086918,0.21550955316163356,,,,,,
daily_curve,1.5,55.0,15,0.5,0.0,181,1.4800511949439366,0.21360518934557882,,,,,,
daily_curve,1.5,55.0,15,0.5,0.0,182,1.4842158649324626,0.211506723912523,,,,,,
daily_curve,1.5,55.0,15,0.5,0.0,183,1.4879003045775219,0.20921177016474912,,,,,,
daily_curve,1.5,55.0,15,0.5,0.0,184,1.4911008831345047,0.2067182074833589,,,,,,
daily_curve,1.5,55.0,15,0.5,0.0,185,1.4938144417732477,0.2040242400113954,,,,,,
daily_curve,1.5,55.0,15,0.5,0.0,186,1.496038298773462,0.2011284625600691,,,,,,
daily_curve,1.5,55.0,15,0.5,0.0,187,1.4977702539413218,0.1980299339451267,,,,,,
daily_curve,1.5,55.0,15,0.5,0.0,188,1.4990085922370278,0.19472825780289338,,,,,,
daily_curve,1.5,55.0,15,0.5,0.0,189,1.4997520866049772,0.19122367072832258,,,,,,
daily_curve,1.5,55.0,15,0.5,0.0,190,1.5,0.18751713731401376,,,,,,
daily_curve,1.5,55.0,15,0.5,0.0,191,1.4997520866049772,0.18361045134422083,,,,,,
daily_curve,1.5,55.0,15,0.5,0.0,192,1.4990085922370278,0.17950634200797266,,,,,,
daily_curve,1.5,55.0,15,0.5,0.0,193,1.4977702539413218,0.17520858354027946,,,,,,
daily_curve,1.5,55.0,15,0.5,0.0,194,1.496038298773462,0.17072210618410388,,,,,,
daily_curve,1.5,55.0,15,0.5,0.0,195,1.4938144417732477,0.16605310579830845,,,,,,
daily_curve,1.5,55.0,15,0.5,0.0,196,1.4911008831345047,0.16120914883546933,,,,,,
daily_curve,1.5,55.0,15,0.5,0.0,197,1.4879003045775219,0.15619926880429136,,,,,,
daily_curve,1.5,55.0,15,0.5,0.0,198,1.4842158649324626,0.15103404975011314,,,,,,
daily_curve,1.5,55.0,15,0.5,0.0,199,1.4800511949439366,0.14572569177946282,,,,,,
daily_curve,1.5,55.0,15,0.5,0.0,200,1.4754103913086918,0.14028805327597715,,,,,,
daily_curve,1.5,55.0,15,0.5,0.0,201,1.4702980099601328,0.13473666426776953,,,,,,
daily_curve,1.5,55.0,15,0.5,0.0,202,1.464719058615077,0.12908870547661777,,,,,,
daily_curve,1.5,55.0,15,0.5,0.0,203,1.4586789885998122,0.12336294797126501,,,,,,
daily_curve,1.5,55.0,15,0.5,0.0,204,1.4521836859741357,0.1175796491153116,,,,,,
daily_curve,1.5,55.0,15,0.5,0.0,205,1.445239461973602,0.1117604016810192,,,,,,
daily_curve,1.5,55.0,15,0.5,0.0,206,1.4378530427917002,0.10592793460234573,,,,,,
daily_curve,1.5,55.0,15,0.5,0.0,207,1.4300315587251178,0.10010586583559655,,,,,,
daily_curve,1.5,55.0,15,0.5,0.0,208,1.4217825327066016,0.09431841011263908,,,,,,
daily_curve,1.5,55.0,15,0.5,0.0,209,1.4131138682512314,0.08859004689202044,,,,,,
daily_curve,1.5,55.0,15,0.5,0.0,210,1.4040338368431222,0.08294515637649935,,,,,,
daily_curve,1.5,55.0,15,0.5,0.0,211,1.394551064790726,0.07740763387654137,,,,,,
daily_curve,1.5,55.0,15,0.5,0.0,212,1.3846745195799537,0.07200049484560844,,,,,,
daily_curve,1.5,55.0,15,0.5,0.0,213,1.374413495755315,0.06674548438631767,,,,,,
daily_curve,1.5,55.0,15,0.5,0.0,214,1.3637776003601614,0.06166270574791688,,,,,,
daily_curve,1.5,55.0,15,0.5,0.0,215,1.352776737967924,0.056770282180667264,,,,,,
daily_curve,1.5,55.0,15,0.5,0.0,216,1.341421095336943,0.05208406543231703,,,,,,
daily_curve,1.5,55.0,15,0.5,0.0,217,1.3297211257221102,0.04761740220381827,,,,,,
daily_curve,1.5,55.0,15,0.5,0.0,218,1.3176875328770745,0.04338096715220108,,,,,,
daily_curve,1.5,55.0,15,0.5,0.0,219,1.3053312547811897,0.03938266774186061,,,,,,
daily_curve,1.5,55.0,15,0.5,0.0,220,1.2926634471257346,0.035627622660631686,,,,,,
daily_curve,1.5,55.0,15,0.5,0.0,221,1.2796954665941764,0.03211821191876996,,,,,,
daily_curve,1.5,55.0,15,0.5,0.0,222,1.2664388539714027,0.028854193414855178,,,,,,
daily_curve,1.5,55.0,15,0.5,0.0,223,1.252905317116908,0.025832877922270847,,,,,,
daily_curve,1.5,55.0,15,0.5,0.0,224,1.239106713836897,0.023049352300650194,,,,,,
daily_curve,1.5,55.0,15,0.5,0.0,225,1.2250550346901259,0.02049673936959484,,,,,,
daily_curve,1.5,55.0,15,0.5,0.0,226,1.210762385762107,0.01816648231849949,,,,,,
daily_curve,1.5,55.0,15,0.5,0.0,227,1.196240971441988,0.016048641715361356,,,,,,
daily_curve,1.5,55.0,15,0.5,0.0,228,1.181503077236029,0.014132194010338717,,,,,,
daily_curve,1.5,55.0,15,0.5,0.0,229,1.166561052651135,0.012405321759714205,,,,,,
daily_curve,1.5,55.0,15,0.5,0.0,230,1.1514272941813282,0.010855687458619978,,,,,,
daily_curve,1.5,55.0,15,0.5,0.0,231,1.1361142284294257,0.009470684703623666,,,,,,
daily_curve,1.5,55.0,15,0.5,0.0,232,1.120634295395462,0.008237662262731038,,,,,,
daily_curve,1.5,55.0,15,0.5,0.0,233,1.1049999319626154,0.007144118390679521,,,,,,
daily_curve,1.5,55.0,15,0.5,0.0,234,1.0892235556105363,0.006177864303228087,,,,,,
daily_curve,1.5,55.0,15,0.5,0.0,235,1.0733175483850514,0.0053271570591598705,,,,,,
daily_curve,1.5,55.0,15,0.5,0.0,236,1.0572942411522313,0.00458080316599252,,,,,,
daily_curve,1.5,55.0,15,0.5,0.0,237,1.0411658981637566,0.003928235022346294,,,,,,
daily_curve,1.5,55.0,15,0.5,0.0,238,1.0249447019594202,0.0033595628525708854,,,,,,
daily_curve,1.5,55.0,15,0.5,0.0,239,1.0086427386314405,0.0028656051060569343,,,,,,
daily_curve,1.5,55.0,15,0.5,0.0,240,0.9922719834740619,0.0024379004202323973,,,,,,
daily_curve,1.5,55.0,15,0.5,0.0,241,0.975844287040678,0.0020687042207460093,,,,,,
daily_curve,1.5,55.0,15,0.5,0.0,242,0.9593713616294103,0.0017509728920824807,,,,,,
daily_curve,1.5,55.0,15,0.5,0.0,243,0.942864768216779,0.001478338231040932,,,,,,
daily_curve,1.5,55.0,15,0.5,0.0,244,0.9263359038577346,0.0012450746237827603,,,,,,
daily_curve,1.5,55.0,15,0.5,0.0,245,0.9097959895689501,0.0010460610890328237,,,,,,
daily_curve,1.5,55.0,15,0.5,0.0,246,0.8932560587108825,0.000876740024808198,,,,,,
daily_curve,1.5,55.0,15,0.5,0.0,247,0.8767269458826878,0.0007330741982274347,,,,,,
daily_curve,1.5,55.0,15,0.5,0.0,248,0.8602192763426642,0.0006115032377018714,,,,,,
daily_curve,1.5,55.0,15,0.5,0.0,249,0.8437434559654438,0.0005089006307162913,,,,,,
daily_curve,1.5,55.0,15,0.5,0.0,250,0.8273096617457466,0.00042253200216779696,,,,,,
daily_curve,1.5,55.0,15,0.5,0.0,251,0.8109278328570411,0.00035001524926803196,,,,,,
daily_curve,1.5,55.0,15,0.5,0.0,252,0.7946076622720583,0.000289282939145874,,,,,,
daily_curve,1.5,55.0,15,0.5,0.0,253,0.7783585889506576,0.00023854723311367287,,,,,,
daily_curve,1.5,55.0,15,0.5,0.0,254,0.7621897905991579,0.00019626748499157465,,,,,,
daily_curve,1.5,55.0,15,0.5,0.0,255,0.7461101770038382,0.0001611205673465177,,,,,,
daily_curve,1.5,55.0,15,0.5,0.0,256,0.7301283839399575,0.0001319739062768388,,,,,,
daily_curve,1.5,55.0,15,0.5,0.0,257,0.7142527676562861,0.00010786114967631377,,,,,,
daily_curve,1.5,55.0,15,0.5,0.0,258,0.6984913999338347,8.796035312441663e-05,,,,,,
daily_curve,1.5,55.0,15,0.5,0.0,259,0.6828520637161696,7.15745391749456e-05,,,,,,
daily_curve,1.5,55.0,15,0.5,0.0,260,0.6673422493074648,5.8114467639591716e-05,,,,,,
daily_curve,1.5,55.0,15,0.5,0.0,261,0.6519691511332109,4.708344448045576e-05,,,,,,
daily_curve,1.5,55.0,15,0.5,0.0,262,0.6367396650573451,3.806399342076716e-05,,,,,,
daily_curve,1.5,55.0,15,0.5,0.0,263,0.6216603862484156,3.0706215855103025e-05,,,,,,
daily_curve,1.5,55.0,15,0.5,0.0,264,0.6067376075863244,2.4717669842910794e-05,,,,,,
daily_curve,1.5,55.0,15,0.5,0.0,265,0.5919773186001407,1.9854606855496115e-05,,,,,,
daily_curve,1.5,55.0,15,0.5,0.0,266,0.5773852049264914,1.5914414654871756e-05,,,,,,
daily_curve,1.5,55.0,15,0.5,0.0,267,0.5629666482770994,1.2729125531074637e-05,,,,,,
daily_curve,1.5,55.0,15,0.5,0.0,268,0.5487267269031422,1.015986055341589e-05,,,,,,
daily_curve,1.5,55.0,15,0.5,0.0,269,0.5346702165432844,8.092092084299729e-06,,,,,,
daily_curve,1.5,55.0,15,0.5,0.0,270,0.5208015918414446,6.431618232327629e-06,,,,,,
daily_curve,1.5,55.0,15,0.5,0.0,271,0.5071250282196484,5.101153945918924e-06,,,,,,
daily_curve,1.5,55.0,15,0.5,0.0,272,0.49364440419063926,4.037453912530964e-06,,,,,,
daily_curve,1.5,55.0,15,0.5,0.0,273,0.48036330409432315,3.1888922022993427e-06,,,,,,
daily_curve,1.5,55.0,15,0.5,0.0,274,0.46728502124155813,2.5134326359088632e-06,,,,,,
daily_curve,1.5,55.0,15,0.5,0.0,275,0.4544125614483186,1.976932114233776e-06,,,,,,
daily_curve,1.5,55.0,15,0.5,0.0,276,0.44174864694281424,1.551726633297612e-06,,,,,,
daily_curve,1.5,55.0,15,0.5,0.0,277,0.42929572062777677,1.2154564350552732e-06,,,,,,
daily_curve,1.5,55.0,15,0.5,0.0,278,0.4170559506797911,9.500927432570805e-07,,,,,,
daily_curve,1.5,55.0,15,0.5,0.0,279,0.4050312354672949,7.411338461826844e-07,,,,,,
daily_curve,1.5,55.0,15,0.5,0.0,280,0.3932232087686446,5.769429719526542e-07,,,,,,
daily_curve,1.5,55.0,15,0.5,0.0,281,0.3816332452715022,4.4820449440763355e-07,,,,,,
daily_curve,1.5,55.0,15,0.5,0.0,282,0.3702624663346822,3.47478572582105e-07,,,,,,
daily_curve,1.5,55.0,15,0.5,0.0,283,0.3591117459935536,2.6883741732763866e-07,,,,,,
daily_curve,1.5,55.0,15,0.5,0.0,284,0.3481817171900898,2.0756903651442116e-07,,,,,,
daily_curve,1.5,55.0,15,0.5,0.0,285,0.3374727782087018,1.599365943016906e-07,,,,,,
daily_curve,1.5,55.0,15,0.5,0.0,286,0.32698509929909664,1.2298346796502102e-07,,,,,,
daily_curve,1.5,55.0,15,0.5,0.0,287,0.3167186294675336,9.437574488568856e-08,,,,,,
daily_curve,1.5,55.0,15,0.5,0.0,288,0.30667310341804677,7.227530207654098e-08,,,,,,
daily_curve,1.5,55.0,15,0.5,0.0,289,0.29684804862542197,5.5237798113338954e-08,,,,,,
daily_curve,1.5,55.0,15,0.5,0.0,290,0.28724279252199464,4.2130899546855005e-08,,,,,,
daily_curve,1.5,55.0,15,0.5,0.0,291,0.27785646978062994,3.2068895650105844e-08,,,,,,
daily_curve,1.5,55.0,15,0.5,0.0,292,0.26868802967660366,2.436055079879651e-08,,,,,,
daily_curve,1.5,55.0,15,0.5,0.0,293,0.2597362435114644,1.8467619433693017e-08,,,,,,
daily_curve,1.5,55.0,15,0.5,0.0,294,0.25099971208238114,1.397192661567459e-08,,,,,,
daily_curve,1.5,55.0,15,0.5,0.0,295,0.24247687318090483,1.054930998112269e-08,,,,,,
daily_curve,1.5,55.0,15,0.5,0.0,296,0.23416600910555066,7.949045421895562e-09,,,,,,
daily_curve,1.5,55.0,15,0.5,0.0,297,0.22606525417308748,5.977640715748578e-09,,,,,,
daily_curve,1.5,55.0,15,0.5,0.0,298,0.2181726022139437,4.7624453269889955e-09,,,,,,
daily_curve,1.5,55.0,15,0.5,0.0,299,0.2104859140376653,4.019908850239062e-09,,,,,,
daily_curve,1.5,55.0,15,0.5,0.0,300,0.20300292485491905,3.386314340048102e-09,,,,,,
daily_curve,1.5,55.0,15,0.5,0.0,301,0.1957212516430989,2.8468365442790855e-09,,,,,,
daily_curve,1.5,55.0,15,0.5,0.0,302,0.1886384004431781,2.388478415049633e-09,,,,,,
daily_curve,1.5,55.0,15,0.5,0.0,303,0.18175177357603953,1.999875598457379e-09,,,,,,
daily_curve,1.5,55.0,15,0.5,0.0,304,0.17505867676712575,1.6711165784499826e-09,,,,,,
daily_curve,1.5,55.0,15,0.5,0.0,305,0.168556326168851,1.3935800291520195e-09,,,,,,
daily_curve,1.5,55.0,15,0.5,0.0,306,0.16224185527084456,1.1597856008904728e-09,,,,,,
daily_curve,1.5,55.0,15,0.5,0.0,307,0.1561123216887047,9.632595832087532e-10,,,,,,
daily_curve,1.5,55.0,15,0.5,0.0,308,0.15016471382256705,7.984137795347124e-10,,,,,,
daily_curve,1.5,55.0,15,0.5,0.0,309,0.1443959573774091,6.604361502127176e-10,,,,,,
daily_curve,1.5,55.0,15,0.5,0.0,310,0.13880292173763306,5.451940010559042e-10,,,,,,
daily_curve,1.5,55.0,15,0.5,0.0,311,0.13338242618907944,4.4914616470492774e-10,,,,,,
daily_curve,1.5,55.0,15,0.5,0.0,312,0.1281312459822339,3.6926650626156743e-10,,,,,,
daily_curve,1.5,55.0,15,0.5,0.0,313,0.12304611823098892,3.218135757876439e-10,,,,,,
daily_curve,1.5,55.0,15,0.5,0.0,314,0.11812374764191705,2.9728952632979144e-10,,,,,,
daily_curve,1.5,55.0,15,0.5,0.0,315,0.11336081206959117,2.740733195949474e-10,,,,,,
daily_curve,1.5,55.0,15,0.5,0.0,316,0.10875396789405997,2.5215329824135324e-10,,,,,,
daily_curve,1.5,55.0,15,0.5,0.0,317,0.10429985521714376,2.315112546114051e-10,,,,,,
daily_curve,1.5,55.0,15,0.5,0.0,318,0.09999510287476221,2.121230968654686e-10,,,,,,
daily_curve,1.5,55.0,15,0.5,0.0,319,0.09583633326303329,1.939596261379961e-10,,,,,,
daily_curve,1.5,55.0,15,0.5,0.0,320,0.09182016697639735,1.7698675858213164e-10,,,,,,
daily_curve,1.5,55.0,15,0.5,0.0,321,0.08794322725651965,1.6116663559273547e-10,,,,,,
daily_curve,1.5,55.0,15,0.5,0.0,322,0.0842021442512006,1.4645806789559401e-10,,,,,,
daily_curve,1.5,55.0,15,0.5,0.0,323,0.08059355908299107,1.3281697963662964e-10,,,,,,
daily_curve,1.5,55.0,15,0.5,0.0,324,0.0771141277276489,1.2019740758262287e-10,,,,,,
daily_curve,1.5,55.0,15,0.5,0.0,325,0.07376052470300021,1.0855161214351483e-10,,,,,,
daily_curve,1.5,55.0,15,0.5,0.0,326,0.07052944656917189,9.783074350622201e-11,,,,,,
daily_curve,1.5,55.0,15,0.5,0.0,327,0.06741761524155035,8.79856187907535e-11,,,,,,
daily_curve,1.5,55.0,15,0.5,0.0,328,0.06442178111818275,8.387734951043058e-11,,,,,,
daily_curve,1.5,55.0,15,0.5,0.0,329,0.061538726023685056,8.475653512363124e-11,,,,,,
daily_curve,1.5,55.0,15,0.5,0.0,330,0.05876526597204266,8.546607865866918e-11,,,,,,
daily_curve,1.5,55.0,15,0.5,0.0,331,0.05609825375099642,8.600142820114343e-11,,,,,,
daily_curve,1.5,55.0,15,0.5,0.0,332,0.0535345813309874,8.635892001507273e-11,,,,,,
daily_curve,1.5,55.0,15,0.5,0.0,333,0.051071182101898996,8.653588956519798e-11,,,,,,
daily_curve,1.5,55.0,15,0.5,0.0,334,0.04870503294107568,8.653100458388963e-11,,,,,,
daily_curve,1.5,55.0,15,0.5,0.0,335,0.04643315611632311,8.634404302654275e-11,,,,,,
daily_curve,1.5,55.0,15,0.5,0.0,336,0.04425262102779515,8.597578204927459e-11,,,,,,
daily_curve,1.5,55.0,15,0.5,0.0,337,0.042160545792858245,8.542822005352946e-11,,,,,,
daily_curve,1.5,55.0,15,0.5,0.0,338,0.04015409867818754,8.470457668607878e-11,,,,,,
daily_curve,1.5,55.0,15,0.5,0.0,339,0.038230499383495854,8.38088487498112e-11,,,,,,
daily_curve,1.5,55.0,15,0.5,0.0,340,0.036387020181423424,8.274658735984985e-11,,,,,,
daily_curve,1.5,55.0,15,0.5,0.0,341,0.03462098691822703,8.152389874283017e-11,,,,,,
daily_curve,1.5,55.0,15,0.5,0.0,342,0.03292977987999978,8.014811037071468e-11,,,,,,
daily_curve,1.5,55.0,15,0.5,0.0,343,0.03131083452922827,8.351686009433479e-11,,,,,,
daily_curve,1.5,55.0,15,0.5,0.0,344,0.029761642116555447,9.224143671104912e-11,,,,,,
daily_curve,1.5,55.0,15,0.5,0.0,345,0.028279750172660476,1.0165912556203693e-10,,,,,,
daily_curve,1.5,55.0,15,0.5,0.0,346,0.02686276288519783,1.117975712006114e-10,,,,,,
daily_curve,1.5,55.0,15,0.5,0.0,347,0.02550834136575257,1.2268264182324629e-10,,,,,,
daily_curve,1.5,55.0,15,0.5,0.0,348,0.024214203811771744,1.343374300688538e-10,,,,,,
daily_curve,1.5,55.0,15,0.5,0.0,349,0.022978125568419952,1.4678158688496978e-10,,,,,,
daily_curve,1.5,55.0,15,0.5,0.0,350,0.021797939095284997,1.6003154357235871e-10,,,,,,
daily_curve,1.5,55.0,15,0.5,0.0,351,0.020671533842824035,1.74099401561989e-10,,,,,,
daily_curve,1.5,55.0,15,0.5,0.0,352,0.019596856043396057,1.8899271037042809e-10,,,,,,
daily_curve,1.5,55.0,15,0.5,0.0,353,0.018571908421670412,2.0471357942142276e-10,,,,,,
daily_curve,1.5,55.0,15,0.5,0.0,354,0.017594749829136246,2.2125878906820162e-10,,,,,,
daily_curve,1.5,55.0,15,0.5,0.0,355,0.016663494807363458,2.3861912445966027e-10,,,,,,
daily_curve,1.5,55.0,15,0.5,0.0,356,0.015776313084584596,2.567785983842441e-10,,,,,,
daily_curve,1.5,55.0,15,0.5,0.0,357,0.01493142901007664,2.757144512699483e-10,,,,,,
daily_curve,1.5,55.0,15,0.5,0.0,358,0.014127120930726114,3.137669013497657e-10,,,,,,
daily_curve,1.5,55.0,15,0.5,0.0,359,0.013361720514058071,3.784423885377919e-10,,,,,,
daily_curve,1.5,55.0,15,0.5,0.0,360,0.012633612021901391,4.554434607229041e-10,,,,,,
daily_curve,1.5,55.0,15,0.5,0.0,361,0.011941231538750464,5.469023012238949e-10,,,,,,
daily_curve,1.5,55.0,15,0.5,0.0,362,0.011283066158765037,6.5527538950505e-10,,,,,,
daily_curve,1.5,55.0,15,0.5,0.0,363,0.01065765313522992,7.833848014726641e-10,,,,,,
daily_curve,1.5,55.0,15,0.5,0.0,364,0.010063578996170844,9.344628404406308e-10,,,,,,
daily_curve,1.5,55.0,15,0.5,0.0,365,0.009499478629696757,1.112200109787409e-09,,,,,,
daily_curve,1.5,55.0,15,0.5,0.1,1,0.008067630908258015,7.188509787425801e-10,,,,,,
daily_curve,1.5,55.0,15,0.5,0.1,2,0.007610377405397861,8.5250384529445e-10,,,,,,
daily_curve,1.5,55.0,15,0.5,0.1,3,0.00717666706379387,1.0087723989471442e-09,,,,,,
daily_curve,1.5,55.0,15,0.5,0.1,4,0.00676543670809418,1.1910448183272138e-09,,,,,,
daily_curve,1.5,55.0,15,0.5,0.1,5,0.006375662266602192,1.4031357187249682e-09,,,,,,
daily_curve,1.5,55.0,15,0.5,0.1,6,0.006006357845481097,1.649326564212572e-09,,,,,,
daily_curve,1.5,55.0,15,0.5,0.1,7,0.005656574794889601,1.9344064128290483e-09,,,,,,
daily_curve,1.5,55.0,15,0.5,0.1,8,0.005656574794889601,2.404489607421567e-09,,,,,,
daily_curve,1.5,55.0,15,0.5,0.1,9,0.006006357845481097,3.167604400999835e-09,,,,,,
daily_curve,1.5,55.0,15,0.5,0.1,10,0.006375662266602192,4.163603795070969e-09,,,,,,
daily_curve,1.5,55.0,15,0.5,0.1,11,0.00676543670809418,5.460559115988417e-09,,,,,,
daily_curve,1.5,55.0,15,0.5,0.1,12,0.00717666706379387,7.1455050765223405e-09,,,,,,
daily_curve,1.5,55.0,15,0.5,0.1,13,0.007610377405397861,9.329443551031602e-09,,,,,,
daily_curve,1.5,55.0,15,0.5,0.1,14,0.008067630908258015,1.215358669259814e-08,,,,,,
daily_curve,1.5,55.0,15,0.5,0.1,15,0.00854953076672708,1.5797124497396453e-08,,,,,,
daily_curve,1.5,55.0,15,0.5,0.1,16,0.00905722109655376,2.0486862539748074e-08,,,,,,
daily_curve,1.5,55.0,15,0.5,0.1,17,0.009591887821706929,2.650914443513841e-08,,,,,,
daily_curve,1.5,55.0,15,0.5,0.1,18,0.010154759542888534,3.4224559075646255e-08,,,,,,
daily_curve,1.5,55.0,15,0.5,0.1,19,0.010747108384875418,4.40860290495948e-08,,,,,,
daily_curve,1.5,55.0,15,0.5,0.1,20,0.011370250819711252,5.666099367473976e-08,,,,,,
daily_curve,1.5,55.0,15,0.5,0.1,21,0.012025548462652264,7.265853263493938e-08,,,,,,
daily_curve,1.5,55.0,15,0.5,0.1,22,0.012714408837653504,9.296243252965297e-08,,,,,,
daily_curve,1.5,55.0,15,0.5,0.1,23,0.013438286109068977,1.1867137605925393e-07,,,,,,
daily_curve,1.5,55.0,15,0.5,0.1,24,0.014198681776126137,1.5114764395640634e-07,,,,,,
daily_curve,1.5,55.0,15,0.5,0.1,25,0.014997145326627112,1.920759508111658e-07,,,,,,
daily_curve,1.5,55.0,15,0.5,0.1,26,0.015835274846222623,2.4353430705392753e-07,,,,,,
daily_curve,1.5,55.0,15,0.5,0.1,27,0.016714717579503373,3.080791011189632e-07,,,,,,
daily_curve,1.5,55.0,15,0.5,0.1,28,0.01763717043905645,3.8884693864815745e-07,,,,,,
daily_curve,1.5,55.0,15,0.5,0.1,29,0.018604380458541632,4.896761545136741e-07,,,,,,
daily_curve,1.5,55.0,15,0.5,0.1,30,0.019618145185756497,6.152513393198333e-07,,,,,,
daily_curve,1.5,55.0,15,0.5,0.1,31,0.020680313011577956,7.712746893373534e-07,,,,,,
daily_curve,1.5,55.0,15,0.5,0.1,32,0.02179278343059457,9.646685013020573e-07,,,,,,
daily_curve,1.5,55.0,15,0.5,0.1,33,0.022957507229177315,1.2038136922853937e-06,,,,,,
daily_curve,1.5,55.0,15,0.5,0.1,34,0.024176486596678048,1.498829825474779e-06,,,,,,
daily_curve,1.5,55.0,15,0.5,0.1,35,0.02545177515539443,1.8619027681854305e-06,,,,,,
daily_curve,1.5,55.0,15,0.5,0.1,36,0.026785477904899904,2.3076667899912806e-06,,,,,,
daily_curve,1.5,55.0,15,0.5,0.1,37,0.02817975107630544,2.8536486217367596e-06,,,,,,
daily_curve,1.5,55.0,15,0.5,0.1,38,0.029636801891999805,3.520781737376133e-06,,,,,,
daily_curve,1.5,55.0,15,0.5,0.1,39,0.031158888226404325,4.333999872763172e-06,,,,,,
daily_curve,1.5,55.0,15,0.5,0.1,40,0.03274831816328108,5.3229195499104875e-06,,,,,,
daily_curve,1.5,55.0,15,0.5,0.1,41,0.03440744944514627,6.5226221190872735e-06,,,,,,
daily_curve,1.5,55.0,15,0.5,0.1,42,0.03613868881036879,7.974546538336291e-06,,,,,,
daily_curve,1.5,55.0,15,0.5,0.1,43,0.03794449121357242,9.727504764245332e-06,,,,,,
daily_curve,1.5,55.0,15,0.5,0.1,44,0.039827358925015634,1.1838832203237004e-05,,,,,,
daily_curve,1.5,55.0,15,0.5,0.1,45,0.0417898405046908,1.4375686138934363e-05,,,,,,
daily_curve,1.5,55.0,15,0.5,0.1,46,0.04383452964696811,1.741650537367967e-05,,,,,,
daily_curve,1.5,55.0,15,0.5,0.1,47,0.045964063891709095,2.105264447482824e-05,,,,,,
daily_curve,1.5,55.0,15,0.5,0.1,48,0.04818112319788866,2.5390195945940164e-05,,,,,,
daily_curve,1.5,55.0,15,0.5,0.1,49,0.05048842837589678,3.055201332757829e-05,,,,,,
daily_curve,1.5,55.0,15,0.5,0.1,50,0.052888739374838394,3.6679947608031505e-05,,,,,,
daily_curve,1.5,55.0,15,0.5,0.1,51,0.05538485342131655,4.3937308366714944e-05,,,,,,
daily_curve,1.5,55.0,15,0.5,0.1,52,0.057979603006364476,5.251155972796351e-05,,,,,,
daily_curve,1.5,55.0,15,0.5,0.1,53,0.06067585371739532,6.261725942513507e-05,,,,,,
daily_curve,1.5,55.0,15,0.5,0.1,54,0.0634765019122547,7.449924703584188e-05,,,,,,
daily_curve,1.5,55.0,15,0.5,0.1,55,0.06638447223270019,8.843608470077147e-05,,,,,,
daily_curve,1.5,55.0,15,0.5,0.1,56,0.06940271495488401,0.00010474375035085526,,,,,,
daily_curve,1.5,55.0,15,0.5,0.1,57,0.07253420317469196,0.00012377957962972364,,,,,,
daily_curve,1.5,55.0,15,0.5,0.1,58,0.07578192982608054,0.00014594644827681247,,,,,,
daily_curve,1.5,55.0,15,0.5,0.1,59,0.07914890453086769,0.00017169718174103732,,,,,,
daily_curve,1.5,55.0,15,0.5,0.1,60,0.08263815027875761,0.00020153917323850745,,,,,,
daily_curve,1.5,55.0,15,0.5,0.1,61,0.08625269993672996,0.00023603918535930468,,,,,,
daily_curve,1.5,55.0,15,0.5,0.1,62,0.089995592587286,0.00027582830373229505,,,,,,
daily_curve,1.5,55.0,15,0.5,0.1,63,0.09386986969542939,0.0003216070042152408,,,,,,
daily_curve,1.5,55.0,15,0.5,0.1,64,0.09787857110465398,0.0003741502876876135,,,,,,
daily_curve,1.5,55.0,15,0.5,0.1,65,0.10202473086263206,0.0004343128288708531,,,,,,
daily_curve,1.5,55.0,15,0.5,0.1,66,0.10631137287772535,0.0005030340778298115,,,,,,
daily_curve,1.5,55.0,15,0.5,0.1,67,0.11074150640789003,0.0005813432450423317,,,,,,
daily_curve,1.5,55.0,15,0.5,0.1,68,0.11531812138401053,0.0006703640933477528,,,,,,
daily_curve,1.5,55.0,15,0.5,0.1,69,0.1200441835701715,0.0007713194528664591,,,,,,
daily_curve,1.5,55.0,15,0.5,0.1,70,0.12492262956386976,0.0008855353683429046,,,,,,
daily_curve,1.5,55.0,15,0.5,0.1,71,0.1299563616396682,0.0010144447824944614,,,,,,
daily_curve,1.5,55.0,15,0.5,0.1,72,0.13514824244031035,0.0011595906541010947,,,,,,
daily_curve,1.5,55.0,15,0.5,0.1,73,0.14050108951983423,0.0013226284059510984,,,,,,
daily_curve,1.5,55.0,15,0.5,0.1,74,0.1460176697437601,0.0015053275956170564,,,,,,
daily_curve,1.5,55.0,15,0.5,0.1,75,0.1517006935519659,0.0017095727015730144,,,,,,
daily_curve,1.5,55.0,15,0.5,0.1,76,0.15755280909041317,0.001937362918613461,,,,,,
daily_curve,1.5,55.0,15,0.5,0.1,77,0.16357659621843557,0.0021908108600527942,,,,,,
daily_curve,1.5,55.0,15,0.5,0.1,78,0.1697745603988603,0.0024721400699529994,,,,,,
daily_curve,1.5,55.0,15,0.5,0.1,79,0.176149126478789,0.002783681256742554,,,,,,
daily_curve,1.5,55.0,15,0.5,0.1,80,0.18270263236942716,0.0031278671701385763,,,,,,
daily_curve,1.5,55.0,15,0.5,0.1,81,0.18943732263389879,0.003507226056275403,,,,,,
daily_curve,1.5,55.0,15,0.5,0.1,82,0.19635534199254934,0.003924373641334689,,,,,,
daily_curve,1.5,55.0,15,0.5,0.1,83,0.20345872875577875,0.004382003611667518,,,,,,
daily_curve,1.5,55.0,15,0.5,0.1,84,0.2107494081949956,0.004882876578205297,,,,,,
daily_curve,1.5,55.0,15,0.5,0.1,85,0.21822918586281434,0.00542980753464295,,,,,,
daily_curve,1.5,55.0,15,0.5,0.1,86,0.22589974087414302,0.0060256518421196725,,,,,,
daily_curve,1.5,55.0,15,0.5,0.1,87,0.23376261916031796,0.006673289797535564,,,,,,
daily_curve,1.5,55.0,15,0.5,0.1,88,0.2418192267089433,0.007375609867778521,,,,,,
daily_curve,1.5,55.0,15,0.5,0.1,89,0.250070822802567,0.008135490697497638,,,,,,
daily_curve,1.5,55.0,15,0.5,0.1,90,0.2585185132697952,0.00895578202309355,,,,,,
daily_curve,1.5,55.0,15,0.5,0.1,91,0.26716324376287975,0.009839284649733382,,,,,,
daily_curve,1.5,55.0,15,0.5,0.1,92,0.2760057930762421,0.010788729670834774,,,,,,
daily_curve,1.5,55.0,15,0.5,0.1,93,0.28504676652078026,0.011806757130019885,,,,,,
daily_curve,1.5,55.0,15,0.5,0.1,94,0.294286589369187,0.0128958943434343,,,,,,
daily_curve,1.5,55.0,15,0.5,0.1,95,0.30372550038783164,0.014058534115025445,,,,,,
daily_curve,1.5,55.0,15,0.5,0.1,96,0.3133635454710808,0.01529691308840464,,,,,,
daily_curve,1.5,55.0,15,0.5,0.1,97,0.3232005713941983,0.01661309048587367,,,,,,
daily_curve,1.5,55.0,15,0.5,0.1,98,0.333236219701214,0.018008927487764503,,,,,,
daily_curve,1.5,55.0,15,0.5,0.1,99,0.343469920744352,0.019486067503220905,,,,,,
daily_curve,1.5,55.0,15,0.5,0.1,100,0.35390088789178015,0.021045917576845596,,,,,,
daily_curve,1.5,55.0,15,0.5,0.1,101,0.36452811192056545,0.02268963116427658,,,,,,
daily_curve,1.5,55.0,15,0.5,0.1,102,0.375350355611812,0.02441809249391047,,,,,,
daily_curve,1.5,55.0,15,0.5,0.1,103,0.3863661485649991,0.026231902711915223,,,,,,
daily_curve,1.5,55.0,15,0.5,0.1,104,0.39757378224853285,0.028131367983788347,,,,,,
daily_curve,1.5,55.0,15,0.5,0.1,105,0.40897130530348674,0.030116489698509885,,,,,,
daily_curve,1.5,55.0,15,0.5,0.1,106,0.4205565191174023,0.03218695689139961,,,,,,
daily_curve,1.5,55.0,15,0.5,0.1,107,0.43232697368489087,0.03434214096979704,,,,,,
daily_curve,1.5,55.0,15,0.5,0.1,108,0.44427996377157536,0.03658109279233679,,,,,,
daily_curve,1.5,55.0,15,0.5,0.1,109,0.4564125253976836,0.03890254211865718,,,,,,
daily_curve,1.5,55.0,15,0.5,0.1,110,0.46872143265730015,0.04130489941258608,,,,,,
daily_curve,1.5,55.0,15,0.5,0.1,111,0.48120319488895597,0.04378625994895169,,,,,,
daily_curve,1.5,55.0,15,0.5,0.1,112,0.49385405421282796,0.04634441014283175,,,,,,
daily_curve,1.5,55.0,15,0.5,0.1,113,0.5066699834493895,0.048976835990941936,,,,,,
daily_curve,1.5,55.0,15,0.5,0.1,114,0.5196466844338422,0.05168073348850244,,,,,,
daily_curve,1.5,55.0,15,0.5,0.1,115,0.5327795867401266,0.05445302086178583,,,,,,
daily_curve,1.5,55.0,15,0.5,0.1,116,0.546063846827692,0.05729035243699465,,,,,,
daily_curve,1.5,55.0,15,0.5,0.1,117,0.5594943476235741,0.06018913395038894,,,,,,
daily_curve,1.5,55.0,15,0.5,0.1,118,0.5730656985516106,0.06314553909283616,,,,,,
daily_curve,1.5,55.0,15,0.5,0.1,119,0.5867722360198898,0.06615552707420302,,,,,,
daily_curve,1.5,55.0,15,0.5,0.1,120,0.6006080243767183,0.06921486098920271,,,,,,
daily_curve,1.5,55.0,15,0.5,0.1,121,0.6145668573445526,0.07231912676627783,,,,,,
daily_curve,1.5,55.0,15,0.5,0.1,122,0.6286422599404512,0.0754637524845978,,,,,,
daily_curve,1.5,55.0,15,0.5,0.1,123,0.6428274908906575,0.07864402785097757,,,,,,
daily_curve,1.5,55.0,15,0.5,0.1,124,0.6571155455459617,0.08185512363811198,,,,,,
daily_curve,1.5,55.0,15,0.5,0.1,125,0.6714991593034544,0.08509211089756363,,,,,,
daily_curve,1.5,55.0,15,0.5,0.1,126,0.6859708115392421,0.08834997977502612,,,,,,
daily_curve,1.5,55.0,15,0.5,0.1,127,0.7005227300555918,0.09162365777106629,,,,,,
daily_curve,1.5,55.0,15,0.5,0.1,128,0.7151468960448525,0.09490802730739722,,,,,,
daily_curve,1.5,55.0,15,0.5,0.1,129,0.7298350495713369,0.09819794247634384,,,,,,
daily_curve,1.5,55.0,15,0.5,0.1,130,0.744578695571172,0.10148824486913122,,,,,,
daily_curve,1.5,55.0,15,0.5,0.1,131,0.7593691103688994,0.10477377839660318,,,,,,
daily_curve,1.5,55.0,15,0.5,0.1,132,0.7741973487083977,0.10804940303365074,,,,,,
daily_curve,1.5,55.0,15,0.5,0.1,133,0.7890542512944191,0.11131000743570496,,,,,,
daily_curve,1.5,55.0,15,0.5,0.1,134,0.8039304528397943,0.1145505203919206,,,,,,
daily_curve,1.5,55.0,15,0.5,0.1,135,0.8188163906120551,0.11776592109493889,,,,,,
daily_curve,1.5,55.0,15,0.5,0.1,136,0.8337023134719611,0.12095124822124603,,,,,,
daily_curve,1.5,55.0,15,0.5,0.1,137,0.8485782913951011,0.12410160782903168,,,,,,
daily_curve,1.5,55.0,15,0.5,0.1,138,0.8634342254664693,0.1272121800920546,,,,,,
daily_curve,1.5,55.0,15,0.5,0.1,139,0.8782598583366102,0.1302782248983082,,,,,,
daily_curve,1.5,55.0,15,0.5,0.1,140,0.8930447851266557,0.13329508635127296,,,,,,
daily_curve,1.5,55.0,15,0.5,0.1,141,0.9077784647682965,0.13625819621927637,,,,,,
daily_curve,1.5,55.0,15,0.5,0.1,142,0.9224502317634782,0.13916307638503245,,,,,,
daily_curve,1.5,55.0,15,0.5,0.1,143,0.937049308347381,0.14200534035288004,,,,,,
daily_curve,1.5,55.0,15,0.5,0.1,144,0.9515648170370081,0.1447806938756787,,,,,,
daily_curve,1.5,55.0,15,0.5,0.1,145,0.9659857935465463,0.14748493476689484,,,,,,
daily_curve,1.5,55.0,15,0.5,0.1,146,0.9803012000494827,0.15011395196619948,,,,,,
daily_curve,1.5,55.0,15,0.5,0.1,147,0.9944999387663539,0.15266372392907834,,,,,,
daily_curve,1.5,55.0,15,0.5,0.1,148,1.0085708658559158,0.1551303164126262,,,,,,
daily_curve,1.5,55.0,15,0.5,0.1,149,1.022502805586483,0.15750987973100816,,,,,,
daily_curve,1.5,55.0,15,0.5,0.1,150,1.0362845647631953,0.1597986455551641,,,,,,
daily_curve,1.5,55.0,15,0.5,0.1,151,1.0499049473860216,0.16199292333232884,,,,,,
daily_curve,1.5,55.0,15,0.5,0.1,152,1.0633527695124263,0.16408909640198033,,,,,,
daily_curve,1.5,55.0,15,0.5,0.1,153,1.076616874297789,0.16608361788604742,,,,,,
daily_curve,1.5,55.0,15,0.5,0.1,154,1.0896861471858963,0.16797300643271806,,,,,,
daily_curve,1.5,55.0,15,0.5,0.1,155,1.1025495312211133,0.169753841895128,,,,,,
daily_curve,1.5,55.0,15,0.5,0.1,156,1.1151960424532072,0.17142276102868548,,,,,,
daily_curve,1.5,55.0,15,0.5,0.1,157,1.1276147854052172,0.17297645329391886,,,,,,
daily_curve,1.5,55.0,15,0.5,0.1,158,1.1397949685742623,0.17441165685562388,,,,,,
daily_curve,1.5,55.0,15,0.5,0.1,159,1.151725919934759,0.1757251548738472,,,,,,
daily_curve,1.5,55.0,15,0.5,0.1,160,1.163397102413161,0.17691377218794502,,,,,,
daily_curve,1.5,55.0,15,0.5,0.1,161,1.1747981293030707,0.17797437250170323,,,,,,
daily_curve,1.5,55.0,15,0.5,0.1,162,1.185918779589367,0.17890385618534732,,,,,,
daily_curve,1.5,55.0,15,0.5,0.1,163,1.1967490131498992,0.17969915881926235,,,,,,
daily_curve,1.5,55.0,15,0.5,0.1,164,1.2072789858032487,0.180357250614402,,,,,,
daily_curve,1.5,55.0,15,0.5,0.1,165,1.2174990641711316,0.18087513685568601,,,,,,
daily_curve,1.5,55.0,15,0.5,0.1,166,1.2273998403241453,0.18124985952711303,,,,,,
daily_curve,1.5,55.0,15,0.5,0.1,167,1.2369721461797833,0.18147850029073964,,,,,,
daily_curve,1.5,55.0,15,0.5,0.1,168,1.2462070676219583,0.181558185005937,,,,,,
daily_curve,1.5,55.0,15,0.5,0.1,169,1.2550959583116534,0.18148608999016436,,,,,,
daily_curve,1.5,55.0,15,0.5,0.1,170,1.26363045315881,0.18125945023754353,,,,,,
daily_curve,1.5,55.0,15,0.5,0.1,171,1.2718024814261084,0.1808755698262845,,,,,,
daily_curve,1.5,55.0,15,0.5,0.1,172,1.2796042794359415,0.18033183475987724,,,,,,
daily_curve,1.5,55.0,15,0.5,0.1,173,1.287028402852606,0.1796257284990912,,,,,,
daily_curve,1.5,55.0,15,0.5,0.1,174,1.2940677385125303,0.17875485045120731,,,,,,
daily_curve,1.5,55.0,15,0.5,0.1,175,1.3007155157762418,0.17771693768826213,,,,,,
daily_curve,1.5,55.0,15,0.5,0.1,176,1.3069653173767222,0.17650989016589158,,,,,,
daily_curve,1.5,55.0,15,0.5,0.1,177,1.312811089739831,0.17513179970678572,,,,,,
daily_curve,1.5,55.0,15,0.5,0.1,178,1.3182471527535693,0.17358098299567537,,,,,,
daily_curve,1.5,55.0,15,0.5,0.1,179,1.3232682089641197,0.1718560188037208,,,,,,
daily_curve,1.5,55.0,15,0.5,0.1,180,1.3278693521778226,0.16995578961640467,,,,,,
daily_curve,1.5,55.0,15,0.5,0.1,181,1.332046075449543,0.16787952777757686,,,,,,
daily_curve,1.5,55.0,15,0.5,0.1,182,1.3357942784392163,0.16562686617996347,,,,,,
daily_curve,1.5,55.0,15,0.5,0.1,183,1.3391102741197698,0.1631978934260523,,,,,,
daily_curve,1.5,55.0,15,0.5,0.1,184,1.3419907948210543,0.1605932132497392,,,,,,
daily_curve,1.5,55.0,15,0.5,0.1,185,1.344432997595923,0.1578140078258048,,,,,,
daily_curve,1.5,55.0,15,0.5,0.1,186,1.3464344688961158,0.1548621043992977,,,,,,
daily_curve,1.5,55.0,15,0.5,0.1,187,1.3479932285471896,0.15174004443946543,,,,,,
daily_curve,1.5,55.0,15,0.5,0.1,188,1.349107733013325,0.14845115426393585,,,,,,
daily_curve,1.5,55.0,15,0.5,0.1,189,1.3497768779444794,0.14499961579154763,,,,,,
daily_curve,1.5,55.0,15,0.5,0.1,190,1.35,0.14139053577256988,,,,,,
daily_curve,1.5,55.0,15,0.5,0.1,191,1.3497768779444794,0.13763001152245136,,,,,,
daily_curve,1.5,55.0,15,0.5,0.1,192,1.349107733013325,0.13372519086312906,,,,,,
daily_curve,1.5,55.0,15,0.5,0.1,193,1.3479932285471896,0.12968432367201277,,,,,,
daily_curve,1.5,55.0,15,0.5,0.1,194,1.3464344688961158,0.12551680217517303,,,,,,
daily_curve,1.5,55.0,15,0.5,0.1,195,1.344432997595923,0.12123318692419194,,,,,,
daily_curve,1.5,55.0,15,0.5,0.1,196,1.3419907948210543,0.11684521529496505,,,,,,
daily_curve,1.5,55.0,15,0.5,0.1,197,1.3391102741197698,0.11236578937246966,,,,,,
daily_curve,1.5,55.0,15,0.5,0.1,198,1.3357942784392163,0.10780894026860988,,,,,,
daily_curve,1.5,55.0,15,0.5,0.1,199,1.332046075449543,0.10318976628750254,,,,,,
daily_curve,1.5,55.0,15,0.5,0.1,200,1.3278693521778226,0.09852434292373347,,,,,,
daily_curve,1.5,55.0,15,0.5,0.1,201,1.3232682089641197,0.0938296034627919,,,,,,
daily_curve,1.5,55.0,15,0.5,0.1,202,1.3182471527535693,0.08912318994285018,,,,,,
daily_curve,1.5,55.0,15,0.5,0.1,203,1.312811089739831,0.08442327540886552,,,,,,
daily_curve,1.5,55.0,15,0.5,0.1,204,1.3069653173767222,0.07974835969907079,,,,,,
daily_curve,1.5,55.0,15,0.5,0.1,205,1.3007155157762418,0.07511704238539763,,,,,,
daily_curve,1.5,55.0,15,0.5,0.1,206,1.2940677385125303,0.07054777786027899,,,,,,
daily_curve,1.5,55.0,15,0.5,0.1,207,1.287028402852606,0.06605861882651287,,,,,,
daily_curve,1.5,55.0,15,0.5,0.1,208,1.2796042794359415,0.061666955502675425,,,,,,
daily_curve,1.5,55.0,15,0.5,0.1,209,1.2718024814261084,0.0573892586061977,,,,,,
daily_curve,1.5,55.0,15,0.5,0.1,210,1.26363045315881,0.05324083453645212,,,,,,
daily_curve,1.5,55.0,15,0.5,0.1,211,1.2550959583116534,0.04923560109291325,,,,,,
daily_curve,1.5,55.0,15,0.5,0.1,212,1.2462070676219583,0.045385891504084785,,,,,,
daily_curve,1.5,55.0,15,0.5,0.1,213,1.2369721461797833,0.041702293525870515,,,,,,
daily_curve,1.5,55.0,15,0.5,0.1,214,1.2273998403241453,0.038193528947818245,,,,,,
daily_curve,1.5,55.0,15,0.5,0.1,215,1.2174990641711316,0.03486637711283691,,,,,,
daily_curve,1.5,55.0,15,0.5,0.1,216,1.2072789858032487,0.03172564412909351,,,,,,
daily_curve,1.5,55.0,15,0.5,0.1,217,1.1967490131498992,0.028774177466526885,,,,,,
daily_curve,1.5,55.0,15,0.5,0.1,218,1.185918779589367,0.026012923721748793,,,,,,
daily_curve,1.5,55.0,15,0.5,0.1,219,1.1747981293030707,0.023441025629841072,,,,,,
daily_curve,1.5,55.0,15,0.5,0.1,220,1.163397102413161,0.021055953002281358,,,,,,
daily_curve,1.5,55.0,15,0.5,0.1,221,1.151725919934759,0.0188536612480652,,,,,,
daily_curve,1.5,55.0,15,0.5,0.1,222,1.1397949685742623,0.016828770525283976,,,,,,
daily_curve,1.5,55.0,15,0.5,0.1,223,1.1276147854052172,0.014974758372637176,,,,,,
daily_curve,1.5,55.0,15,0.5,0.1,224,1.1151960424532072,0.013284158852638561,,,,,,
daily_curve,1.5,55.0,15,0.5,0.1,225,1.1025495312211133,0.011748761743947012,,,,,,
daily_curve,1.5,55.0,15,0.5,0.1,226,1.0896861471858963,0.0103598060764859,,,,,,
daily_curve,1.5,55.0,15,0.5,0.1,227,1.076616874297789,0.009108163229548771,,,,,,
daily_curve,1.5,55.0,15,0.5,0.1,228,1.0633527695124263,0.007984505830450295,,,,,,
daily_curve,1.5,55.0,15,0.5,0.1,229,1.0499049473860216,0.006979459727091131,,,,,,
daily_curve,1.5,55.0,15,0.5,0.1,230,1.0362845647631953,0.006083737301486369,,,,,,
daily_curve,1.5,55.0,15,0.5,0.1,231,1.022502805586483,0.005288251296440283,,,,,,
daily_curve,1.5,55.0,15,0.5,0.1,232,1.0085708658559158,0.004584209112579063,,,,,,
daily_curve,1.5,55.0,15,0.5,0.1,233,0.9944999387663539,0.003963188180319155,,,,,,
daily_curve,1.5,55.0,15,0.5,0.1,234,0.9803012000494827,0.003417193515678041,,,,,,
daily_curve,1.5,55.0,15,0.5,0.1,235,0.9659857935465463,0.002938698934403461,,,,,,
daily_curve,1.5,55.0,15,0.5,0.1,236,0.9515648170370081,0.002520673637174453,,,,,,
daily_curve,1.5,55.0,15,0.5,0.1,237,0.937049308347381,0.0021565960055773825,,,,,,
daily_curve,1.5,55.0,15,0.5,0.1,238,0.9224502317634782,0.0018404564825865721,,,,,,
daily_curve,1.5,55.0,15,0.5,0.1,239,0.9077784647682965,0.0015667513713684134,,,,,,
daily_curve,1.5,55.0,15,0.5,0.1,240,0.8930447851266557,0.0013304692906126458,,,,,,
daily_curve,1.5,55.0,15,0.5,0.1,241,0.8782598583366102,0.0011270718898714893,,,,,,
daily_curve,1.5,55.0,15,0.5,0.1,242,0.8634342254664693,0.0009524702689683862,,,,,,
daily_curve,1.5,55.0,15,0.5,0.1,243,0.8485782913951011,0.0008029983733980339,,,,,,
daily_curve,1.5,55.0,15,0.5,0.1,244,0.8337023134719611,0.0006753844623484939,,,,,,
daily_curve,1.5,55.0,15,0.5,0.1,245,0.8188163906120551,0.0005667215748081933,,,,,,
daily_curve,1.5,55.0,15,0.5,0.1,246,0.8039304528397943,0.0004744377574278369,,,,,,
daily_curve,1.5,55.0,15,0.5,0.1,247,0.7890542512944191,0.000396266668905465,,,,,,
daily_curve,1.5,55.0,15,0.5,0.1,248,0.7741973487083977,0.0003302190417304729,,,,,,
daily_curve,1.5,55.0,15,0.5,0.1,249,0.7593691103688994,0.0002745553641156917,,,,,,
daily_curve,1.5,55.0,15,0.5,0.1,250,0.744578695571172,0.00022776004295266272,,,,,,
daily_curve,1.5,55.0,15,0.5,0.1,251,0.7298350495713369,0.00018851722210833088,,,,,,
daily_curve,1.5,55.0,15,0.5,0.1,252,0.7151468960448525,0.000155688358367434,,,,,,
daily_curve,1.5,55.0,15,0.5,0.1,253,0.7005227300555918,0.0001282915985756361,,,,,,
daily_curve,1.5,55.0,15,0.5,0.1,254,0.6859708115392421,0.00010548295466672464,,,,,,
daily_curve,1.5,55.0,15,0.5,0.1,255,0.6714991593034544,8.653923682466758e-05,,,,,,
daily_curve,1.5,55.0,15,0.5,0.1,256,0.6571155455459617,7.084267761159335e-05,,,,,,
daily_curve,1.5,55.0,15,0.5,0.1,257,0.6428274908906575,5.786716014122284e-05,,,,,,
daily_curve,1.5,55.0,15,0.5,0.1,258,0.6286422599404512,4.716595002429713e-05,,,,,,
daily_curve,1.5,55.0,15,0.5,0.1,259,0.6145668573445526,3.836082273189767e-05,,,,,,
daily_curve,1.5,55.0,15,0.5,0.1,260,0.6006080243767183,3.11324741787411e-05,,,,,,
daily_curve,1.5,55.0,15,0.5,0.1,261,0.5867722360198898,2.521210185324474e-05,,,,,,
daily_curve,1.5,55.0,15,0.5,0.1,262,0.5730656985516106,2.03740459209234e-05,,,,,,
daily_curve,1.5,55.0,15,0.5,0.1,263,0.5594943476235741,1.642938377000025e-05,,,,,,
daily_curve,1.5,55.0,15,0.5,0.1,264,0.546063846827692,1.3220376893552377e-05,,,,,,
daily_curve,1.5,55.0,15,0.5,0.1,265,0.5327795867401266,1.0615675353431442e-05,,,,,,
daily_curve,1.5,55.0,15,0.5,0.1,266,0.5196466844338422,8.506191996326962e-06,,,,,,
daily_curve,1.5,55.0,15,0.5,0.1,267,0.5066699834493895,6.8015657771480775e-06,,,,,,
daily_curve,1.5,55.0,15,0.5,0.1,268,0.49385405421282796,5.427140775449146e-06,,,,,,
daily_curve,1.5,55.0,15,0.5,0.1,269,0.48120319488895597,4.321394577733173e-06,,,,,,
daily_curve,1.5,55.0,15,0.5,0.1,270,0.46872143265730015,3.4337565261166603e-06,,,,,,
daily_curve,1.5,55.0,15,0.5,0.1,271,0.4564125253976836,2.7227627924508724e-06,,,,,,
daily_curve,1.5,55.0,15,0.5,0.1,272,0.44427996377157536,2.1545012846013734e-06,,,,,,
daily_curve,1.5,55.0,15,0.5,0.1,273,0.43232697368489087,1.7013049758984877e-06,,,,,,
daily_curve,1.5,55.0,15,0.5,0.1,274,0.4205565191174023,1.3406573614593853e-06,,,,,,
daily_curve,1.5,55.0,15,0.5,0.1,275,0.40897130530348674,1.0542783881462015e-06,,,,,,
daily_curve,1.5,55.0,15,0.5,0.1,276,0.39757378224853285,8.273633779198875e-07,,,,,,
daily_curve,1.5,55.0,15,0.5,0.1,277,0.3863661485649991,6.4795120346961e-07,,,,,,
daily_curve,1.5,55.0,15,0.5,0.1,278,0.375350355611812,5.064012827959985e-07,,,,,,
daily_curve,1.5,55.0,15,0.5,0.1,279,0.36452811192056545,3.9496189085941324e-07,,,,,,
daily_curve,1.5,55.0,15,0.5,0.1,280,0.35390088789178015,3.0741485035346017e-07,,,,,,
daily_curve,1.5,55.0,15,0.5,0.1,281,0.343469920744352,2.387839020956406e-07,,,,,,
daily_curve,1.5,55.0,15,0.5,0.1,282,0.333236219701214,1.8509600474558852e-07,,,,,,
daily_curve,1.5,55.0,15,0.5,0.1,283,0.3232005713941983,1.4318648822175817e-07,,,,,,
daily_curve,1.5,55.0,15,0.5,0.1,284,0.3133635454710808,1.1054043569380667e-07,,,,,,
daily_curve,1.5,55.0,15,0.5,0.1,285,0.30372550038783164,8.516390126445117e-08,,,,,,
daily_curve,1.5,55.0,15,0.5,0.1,286,0.294286589369187,6.547963093961329e-08,,,,,,
daily_curve,1.5,55.0,15,0.5,0.1,287,0.28504676652078026,5.0242843441239415e-08,,,,,,
daily_curve,1.5,55.0,15,0.5,0.1,288,0.2760057930762421,3.847339258289395e-08,,,,,,
daily_curve,1.5,55.0,15,0.5,0.1,289,0.26716324376287975,2.940126220263295e-08,,,,,,
daily_curve,1.5,55.0,15,0.5,0.1,290,0.2585185132697952,2.2422889767170773e-08,,,,,,
daily_curve,1.5,55.0,15,0.5,0.1,291,0.250070822802567,1.706625241126858e-08,,,,,,
daily_curve,1.5,55.0,15,0.5,0.1,292,0.2418192267089433,1.29630304268602e-08,,,,,,
daily_curve,1.5,55.0,15,0.5,0.1,293,0.23376261916031796,9.82646941594112e-09,,,,,,
daily_curve,1.5,55.0,15,0.5,0.1,294,0.22589974087414302,7.433816229251988e-09,,,,,,
daily_curve,1.5,55.0,15,0.5,0.1,295,0.21822918586281434,5.612420417300257e-09,,,,,,
daily_curve,1.5,55.0,15,0.5,0.1,296,0.2107494081949956,4.228763006430825e-09,,,,,,
daily_curve,1.5,55.0,15,0.5,0.1,297,0.20345872875577875,3.179815522003082e-09,,,,,,
daily_curve,1.5,55.0,15,0.5,0.1,298,0.19635534199254934,2.5333863895582454e-09,,,,,,
daily_curve,1.5,55.0,15,0.5,0.1,299,0.18943732263389879,2.138515586835865e-09,,,,,,
daily_curve,1.5,55.0,15,0.5,0.1,300,0.18270263236942716,1.8015634539736425e-09,,,,,,
daily_curve,1.5,55.0,15,0.5,0.1,301,0.176149126478789,1.5146501830543002e-09,,,,,,
daily_curve,1.5,55.0,15,0.5,0.1,302,0.1697745603988603,1.270867078240201e-09,,,,,,
daily_curve,1.5,55.0,15,0.5,0.1,303,0.16357659621843557,1.0641730829874518e-09,,,,,,
daily_curve,1.5,55.0,15,0.5,0.1,304,0.15755280909041317,8.892996339326942e-10,,,,,,
daily_curve,1.5,55.0,15,0.5,0.1,305,0.1517006935519659,7.416637304302753e-10,,,,,,
daily_curve,1.5,55.0,15,0.5,0.1,306,0.1460176697437601,6.172886646282905e-10,,,,,,
daily_curve,1.5,55.0,15,0.5,0.1,307,0.14050108951983423,5.127329671950065e-10,,,,,,
daily_curve,1.5,55.0,15,0.5,0.1,308,0.13514824244031035,4.2502557029422405e-10,,,,,,
daily_curve,1.5,55.0,15,0.5,0.1,309,0.1299563616396682,3.5160829803260185e-10,,,,,,
daily_curve,1.5,55.0,15,0.5,0.1,310,0.12492262956386976,2.9028357495519685e-10,,,,,,
daily_curve,1.5,55.0,15,0.5,0.1,311,0.1200441835701715,2.391686848568497e-10,,,,,,
daily_curve,1.5,55.0,15,0.5,0.1,312,0.11531812138401053,1.9665458150797122e-10,,,,,,
daily_curve,1.5,55.0,15,0.5,0.1,313,0.11074150640789003,1.714032249466868e-10,,,,,,
daily_curve,1.5,55.0,15,0.5,0.1,314,0.10631137287772535,1.5836087996490278e-10,,,,,,
daily_curve,1.5,55.0,15,0.5,0.1,315,0.10202473086263206,1.4601286846271933e-10,,,,,,
daily_curve,1.5,55.0,15,0.5,0.1,316,0.09787857110465398,1.3435319523580347e-10,,,,,,
daily_curve,1.5,55.0,15,0.5,0.1,317,0.09386986969542939,1.233720903215385e-10,,,,,,
daily_curve,1.5,55.0,15,0.5,0.1,318,0.089995592587286,1.1305700819974618e-10,,,,,,
daily_curve,1.5,55.0,15,0.5,0.1,319,0.08625269993672996,1.0339240574808173e-10,,,,,,
daily_curve,1.5,55.0,15,0.5,0.1,320,0.08263815027875761,9.436018633124377e-11,,,,,,
daily_curve,1.5,55.0,15,0.5,0.1,321,0.07914890453086769,8.594036593478904e-11,,,,,,
daily_curve,1.5,55.0,15,0.5,0.1,322,0.07578192982608054,7.811107316513244e-11,,,,,,
daily_curve,1.5,55.0,15,0.5,0.1,323,0.07253420317469196,7.084899333875683e-11,,,,,,
daily_curve,1.5,55.0,15,0.5,0.1,324,0.06940271495488401,6.412981257142292e-11,,,,,,
daily_curve,1.5,55.0,15,0.5,0.1,325,0.06638447223270019,5.792810675586679e-11,,,,,,
daily_curve,1.5,55.0,15,0.5,0.1,326,0.0634765019122547,5.221800769561469e-11,,,,,,
daily_curve,1.5,55.0,15,0.5,0.1,327,0.06067585371739532,4.697353617189037e-11,,,,,,
daily_curve,1.5,55.0,15,0.5,0.1,328,0.057979603006364476,4.479050463856993e-11,,,,,,
daily_curve,1.5,55.0,15,0.5,0.1,329,0.05538485342131655,4.527089814132523e-11,,,,,,
daily_curve,1.5,55.0,15,0.5,0.1,330,0.052888739374838394,4.56613635790859e-11,,,,,,
daily_curve,1.5,55.0,15,0.5,0.1,331,0.05048842837589678,4.595934743889529e-11,,,,,,
daily_curve,1.5,55.0,15,0.5,0.1,332,0.04818112319788866,4.6162962341611546e-11,,,,,,
daily_curve,1.5,55.0,15,0.5,0.1,333,0.045964063891709095,4.6270653975000187e-11,,,,,,
daily_curve,1.5,55.0,15,0.5,0.1,334,0.04383452964696811,4.6281645182943976e-11,,,,,,
daily_curve,1.5,55.0,15,0.5,0.1,335,0.0417898405046908,4.619571392083799e-11,,,,,,
daily_curve,1.5,55.0,15,0.5,0.1,336,0.039827358925015634,4.6013304277892075e-11,,,,,,
daily_curve,1.5,55.0,15,0.5,0.1,337,0.03794449121357242,4.57354154548284e-11,,,,,,
daily_curve,1.5,55.0,15,0.5,0.1,338,0.03613868881036879,4.536349074157897e-11,,,,,,
daily_curve,1.5,55.0,15,0.5,0.1,339,0.03440744944514627,4.4899861606495506e-11,,,,,,
daily_curve,1.5,55.0,15,0.5,0.1,340,0.03274831816328108,4.434708156253464e-11,,,,,,
daily_curve,1.5,55.0,15,0.5,0.1,341,0.031158888226404325,4.370848127877025e-11,,,,,,
daily_curve,1.5,55.0,15,0.5,0.1,342,0.029636801891999805,4.2987946535788524e-11,,,,,,
daily_curve,1.5,55.0,15,0.5,0.1,343,0.02817975107630544,4.4813264210574744e-11,,,,,,
daily_curve,1.5,55.0,15,0.5,0.1,344,0.026785477904899904,4.9515724853677057e-11,,,,,,
daily_curve,1.5,55.0,15,0.5,0.1,345,0.02545177515539443,5.459521723594207e-11,,,,,,
daily_curve,1.5,55.0,15,0.5,0.1,346,0.024176486596678048,6.006739550201701e-11,,,,,,
daily_curve,1.5,55.0,15,0.5,0.1,347,0.022957507229177315,6.594691459582691e-11,,,,,,
daily_curve,1.5,55.0,15,0.5,0.1,348,0.02179278343059457,7.224709719366729e-11,,,,,,
daily_curve,1.5,55.0,15,0.5,0.1,349,0.020680313011577956,7.897937859269177e-11,,,,,,
daily_curve,1.5,55.0,15,0.5,0.1,350,0.019618145185756497,8.6153750800122e-11,,,,,,
daily_curve,1.5,55.0,15,0.5,0.1,351,0.018604380458541632,9.377776333252541e-11,,,,,,
daily_curve,1.5,55.0,15,0.5,0.1,352,0.01763717043905645,1.0185641219351282e-10,,,,,,
daily_curve,1.5,55.0,15,0.5,0.1,353,0.016714717579503373,1.103924729406458e-10,,,,,,
daily_curve,1.5,55.0,15,0.5,0.1,354,0.015835274846222623,1.1938505739550465e-10,,,,,,
daily_curve,1.5,55.0,15,0.5,0.1,355,0.014997145326627112,1.2883083488901548e-10,,,,,,
daily_curve,1.5,55.0,15,0.5,0.1,356,0.014198681776126137,1.387223669269133e-10,,,,,,
daily_curve,1.5,55.0,15,0.5,0.1,357,0.013438286109068977,1.4904888434585928e-10,,,,,,
daily_curve,1.5,55.0,15,0.5,0.1,358,0.012714408837653504,1.6973300542844072e-10,,,,,,
daily_curve,1.5,55.0,15,0.5,0.1,359,0.012025548462652264,2.0486012886067329e-10,,,,,,
daily_curve,1.5,55.0,15,0.5,0.1,360,0.011370250819711252,2.467172022235786e-10,,,,,,
daily_curve,1.5,55.0,15,0.5,0.1,361,0.010747108384875418,2.9647706512037075e-10,,,,,,
daily_curve,1.5,55.0,15,0.5,0.1,362,0.010154759542888534,3.554926353288579e-10,,,,,,
daily_curve,1.5,55.0,15,0.5,0.1,363,0.009591887821706929,4.253207785964719e-10,,,,,,
daily_curve,1.5,55.0,15,0.5,0.1,364,0.00905722109655376,5.077472886583223e-10,,,,,,
daily_curve,1.5,55.0,15,0.5,0.1,365,0.00854953076672708,6.048144207682071e-10,,,,,,
daily_curve,1.5,55.0,15,0.5,0.2,1,0.007171227474007125,3.632104617068421e-10,,,,,,
daily_curve,1.5,55.0,15,0.5,0.2,2,0.00676477991590921,4.311154766512004e-10,,,,,,
daily_curve,1.5,55.0,15,0.5,0.2,3,0.006379259612261218,5.105971201402326e-10,,,,,,
daily_curve,1.5,55.0,15,0.5,0.2,4,0.006013721518305939,6.034085453521243e-10,,,,,,
daily_curve,1.5,55.0,15,0.5,0.2,5,0.005667255348090838,7.115277256275476e-10,,,,,,
daily_curve,1.5,55.0,15,0.5,0.2,6,0.005338984751538753,8.371787707517342e-10,,,,,,
daily_curve,1.5,55.0,15,0.5,0.2,7,0.0050280664843463125,9.828551306156896e-10,,,,,,
daily_curve,1.5,55.0,15,0.5,0.2,8,0.0050280664843463125,1.2229420809362068e-09,,,,,,
daily_curve,1.5,55.0,15,0.5,0.2,9,0.005338984751538753,1.6127471580418273e-09,,,,,,
daily_curve,1.5,55.0,15,0.5,0.2,10,0.005667255348090838,2.122112596758541e-09,,,,,,
daily_curve,1.5,55.0,15,0.5,0.2,11,0.006013721518305939,2.786193609161103e-09,,,,,,
daily_curve,1.5,55.0,15,0.5,0.2,12,0.006379259612261218,3.6500090727642487e-09,,,,,,
daily_curve,1.5,55.0,15,0.5,0.2,13,0.00676477991590921,4.771065986730605e-09,,,,,,
daily_curve,1.5,55.0,15,0.5,0.2,14,0.007171227474007125,6.222641846242993e-09,,,,,,
daily_curve,1.5,55.0,15,0.5,0.2,15,0.007599582903757406,8.097878034796224e-09,,,,,,
daily_curve,1.5,55.0,15,0.5,0.2,16,0.008050863196936675,1.0514868420408163e-08,,,,,,
daily_curve,1.5,55.0,15,0.5,0.2,17,0.008526122508183936,1.3622971084537028e-08,,,,,,
daily_curve,1.5,55.0,15,0.5,0.2,18,0.00902645292701203,1.761061130256536e-08,,,,,,
daily_curve,1.5,55.0,15,0.5,0.2,19,0.009552985231000372,2.2714903402665243e-08,,,,,,
daily_curve,1.5,55.0,15,0.5,0.2,20,0.010106889617521113,2.923348008110338e-08,,,,,,
daily_curve,1.5,55.0,15,0.5,0.2,21,0.010689376411246457,3.753899480152256e-08,,,,,,
daily_curve,1.5,55.0,15,0.5,0.2,22,0.011301696744580892,4.809684917006507e-08,,,,,,
daily_curve,1.5,55.0,15,0.5,0.2,23,0.011945143208061313,6.148679998485562e-08,,,,,,
daily_curve,1.5,55.0,15,0.5,0.2,24,0.012621050467667677,7.842921800893521e-08,,,,,,
daily_curve,1.5,55.0,15,0.5,0.2,25,0.013330795845890767,9.981690429761159e-08,,,,,,
daily_curve,1.5,55.0,15,0.5,0.2,26,0.014075799863308997,1.2675352889512936e-07,,,,,,
daily_curve,1.5,55.0,15,0.5,0.2,27,0.01485752673733633,1.605999281339976e-07,,,,,,
daily_curve,1.5,55.0,15,0.5,0.2,28,0.015677484834716846,2.0302970149543853e-07,,,,,,
daily_curve,1.5,55.0,15,0.5,0.2,29,0.01653722707425923,2.560957724773161e-07,,,,,,
daily_curve,1.5,55.0,15,0.5,0.2,30,0.017438351276228,3.2230983126879664e-07,,,,,,
daily_curve,1.5,55.0,15,0.5,0.2,31,0.018382500454735964,4.047368605819557e-07,,,,,,
daily_curve,1.5,55.0,15,0.5,0.2,32,0.019371363049417396,5.071072584073022e-07,,,,,,
daily_curve,1.5,55.0,15,0.5,0.2,33,0.020406673092602058,6.339494138529744e-07,,,,,,
daily_curve,1.5,55.0,15,0.5,0.2,34,0.021490210308158265,7.907459734779465e-07,,,,,,
daily_curve,1.5,55.0,15,0.5,0.2,35,0.022623800138128383,9.841174383184992e-07,,,,,,
daily_curve,1.5,55.0,15,0.5,0.2,36,0.02380931369324436,1.222037177117663e-06,,,,,,
daily_curve,1.5,55.0,15,0.5,0.2,37,0.025048667623382617,1.5140824058956781e-06,,,,,,
daily_curve,1.5,55.0,15,0.5,0.2,38,0.026343823903999825,1.8717261851541878e-06,,,,,,
daily_curve,1.5,55.0,15,0.5,0.2,39,0.027696789534581625,2.308675999262988e-06,,,,,,
daily_curve,1.5,55.0,15,0.5,0.2,40,0.02910961614513874,2.8412650230347225e-06,,,,,,
daily_curve,1.5,55.0,15,0.5,0.2,41,0.030584399506796686,3.488902723614018e-06,,,,,,
daily_curve,1.5,55.0,15,0.5,0.2,42,0.032123278942550036,4.274591991482168e-06,,,,,,
daily_curve,1.5,55.0,15,0.5,0.2,43,0.033728436634286596,5.225520533835848e-06,,,,,,
daily_curve,1.5,55.0,15,0.5,0.2,44,0.03540209682223612,6.3737347737458094e-06,,,,,,
daily_curve,1.5,55.0,15,0.5,0.2,45,0.03714652489305849,7.756904972566758e-06,,,,,,
daily_curve,1.5,55.0,15,0.5,0.2,46,0.038964026352860545,9.419190714399228e-06,,,,,,
daily_curve,1.5,55.0,15,0.5,0.2,47,0.0408569456815192,1.1412216229800265e-05,,,,,,
daily_curve,1.5,55.0,15,0.5,0.2,48,0.042827665064789924,1.3796165280632877e-05,,,,,,
daily_curve,1.5,55.0,15,0.5,0.2,49,0.044878603000797136,1.664100544973568e-05,,,,,,
daily_curve,1.5,55.0,15,0.5,0.2,50,0.04701221277763413,2.0027851646786665e-05,,,,,,
daily_curve,1.5,55.0,15,0.5,0.2,51,0.04923098081894805,2.405047843867525e-05,,,,,,
daily_curve,1.5,55.0,15,0.5,0.2,52,0.051537424894546206,2.8816990398694564e-05,,,,,,
daily_curve,1.5,55.0,15,0.5,0.2,53,0.05393409219324028,3.445165901605485e-05,,,,,,
daily_curve,1.5,55.0,15,0.5,0.2,54,0.056423557255337514,4.109693379517054e-05,,,,,,
daily_curve,1.5,55.0,15,0.5,0.2,55,0.05900841976240017,4.8915633954260684e-05,,,,,,
daily_curve,1.5,55.0,15,0.5,0.2,56,0.06169130218211913,5.809332559802982e-05,,,,,,
daily_curve,1.5,55.0,15,0.5,0.2,57,0.06447484726639285,6.884088734804283e-05,,,,,,
daily_curve,1.5,55.0,15,0.5,0.2,58,0.06736171540096048,8.139726515099532e-05,,,,,,
daily_curve,1.5,55.0,15,0.5,0.2,59,0.07035458180521573,9.603241433309151e-05,,,,,,
daily_curve,1.5,55.0,15,0.5,0.2,60,0.07345613358111788,0.00011305042391496212,,,,,,
daily_curve,1.5,55.0,15,0.5,0.2,61,0.07666906661042663,0.00013279281474187776,,,,,,
daily_curve,1.5,55.0,15,0.5,0.2,62,0.07999608229980977,0.00015564199912176946,,,,,,
daily_curve,1.5,55.0,15,0.5,0.2,63,0.083439884173715,0.00018202488541663175,,,,,,
daily_curve,1.5,55.0,15,0.5,0.2,64,0.08700317431524798,0.00021241660642545845,,,,,,
daily_curve,1.5,55.0,15,0.5,0.2,65,0.09068864965567294,0.0002473443454628077,,,,,,
daily_curve,1.5,55.0,15,0.5,0.2,66,0.09449899811353364,0.00028739122883136847,,,,,,
daily_curve,1.5,55.0,15,0.5,0.2,67,0.09843689458479114,0.0003332002479751184,,,,,,
daily_curve,1.5,55.0,15,0.5,0.2,68,0.10250499678578713,0.0003854781690534326,,,,,,
daily_curve,1.5,55.0,15,0.5,0.2,69,0.10670594095126357,0.00044499938209796586,,,,,,
daily_curve,1.5,55.0,15,0.5,0.2,70,0.11104233739010645,0.0005126096363983201,,,,,,
daily_curve,1.5,55.0,15,0.5,0.2,71,0.11551676590192728,0.0005892296034459843,,,,,,
daily_curve,1.5,55.0,15,0.5,0.2,72,0.12013177105805364,0.0006758582037580396,,,,,,
daily_curve,1.5,55.0,15,0.5,0.2,73,0.12488985735096376,0.0007735756293647533,,,,,,
daily_curve,1.5,55.0,15,0.5,0.2,74,0.12979348421667566,0.0008835459898172138,,,,,,
daily_curve,1.5,55.0,15,0.5,0.2,75,0.1348450609350808,0.0010070195064030285,,,,,,
daily_curve,1.5,55.0,15,0.5,0.2,76,0.1400469414137006,0.0011453341770198966,,,,,,
daily_curve,1.5,55.0,15,0.5,0.2,77,0.14540141886083163,0.0012999168329796973,,,,,,
daily_curve,1.5,55.0,15,0.5,0.2,78,0.15091072035454248,0.0014722835090711373,,,,,,
daily_curve,1.5,55.0,15,0.5,0.2,79,0.15657700131447913,0.0016640390496041046,,,,,,
daily_curve,1.5,55.0,15,0.5,0.2,80,0.16240233988393526,0.0018768758760392412,,,,,,
daily_curve,1.5,55.0,15,0.5,0.2,81,0.16838873123013226,0.002112571846244693,,,,,,
daily_curve,1.5,55.0,15,0.5,0.2,82,0.17453808177115496,0.002372987141504579,,,,,,
daily_curve,1.5,55.0,15,0.5,0.2,83,0.18085220333847,0.0026600601251639544,,,,,,
daily_curve,1.5,55.0,15,0.5,0.2,84,0.18733280728444054,0.0029758021262339396,,,,,,
daily_curve,1.5,55.0,15,0.5,0.2,85,0.19398149854472388,0.003322291112365816,,,,,,
daily_curve,1.5,55.0,15,0.5,0.2,86,0.20079976966590493,0.003701664229254109,,,,,,
daily_curve,1.5,55.0,15,0.5,0.2,87,0.20778899480917154,0.004116109197621509,,,,,,
daily_curve,1.5,55.0,15,0.5,0.2,88,0.21495042374128293,0.004567854574305086,,,,,,
daily_curve,1.5,55.0,15,0.5,0.2,89,0.22228517582450397,0.005059158900386995,,,,,,
daily_curve,1.5,55.0,15,0.5,0.2,90,0.22979423401759572,0.005592298776543547,,,,,,
daily_curve,1.5,55.0,15,0.5,0.2,91,0.2374784389003376,0.006169555923512315,,,,,,
daily_curve,1.5,55.0,15,0.5,0.2,92,0.24533848273443742,0.006793203303485984,,,,,,
daily_curve,1.5,55.0,15,0.5,0.2,93,0.25337490357402687,0.007465490395956231,,,,,,
daily_curve,1.5,55.0,15,0.5,0.2,94,0.2615880794392773,0.008188627738679233,,,,,,
daily_curve,1.5,55.0,15,0.5,0.2,95,0.26997822256696147,0.00896477086062808,,,,,,
daily_curve,1.5,55.0,15,0.5,0.2,96,0.27854537375207183,0.009796003748636872,,,,,,
daily_curve,1.5,55.0,15,0.5,0.2,97,0.2872893967948429,0.0106843220025572,,,,,,
daily_curve,1.5,55.0,15,0.5,0.2,98,0.29620997306774577,0.011631615844771792,,,,,,
daily_curve,1.5,55.0,15,0.5,0.2,99,0.3053065962172018,0.012639653158526443,,,,,,
daily_curve,1.5,55.0,15,0.5,0.2,100,0.3145785670149157,0.013710062735469153,,,,,,
daily_curve,1.5,55.0,15,0.5,0.2,101,0.324024988373836,0.014844317915796656,,,,,,
daily_curve,1.5,55.0,15,0.5,0.2,102,0.3336447605438329,0.01604372080435501,,,,,,
daily_curve,1.5,55.0,15,0.5,0.2,103,0.3434365765022214,0.01730938724281772,,,,,,
daily_curve,1.5,55.0,15,0.5,0.2,104,0.3533989175542514,0.018642232711679307,,,,,,
daily_curve,1.5,55.0,15,0.5,0.2,105,0.3635300491586549,0.020042959326303067,,,,,,
daily_curve,1.5,55.0,15,0.5,0.2,106,0.3738280169932465,0.021512044078806802,,,,,,
daily_curve,1.5,55.0,15,0.5,0.2,107,0.38429064327545853,0.023049728462372743,,,,,,
daily_curve,1.5,55.0,15,0.5,0.2,108,0.39491552335251146,0.024656009596920048,,,,,,
daily_curve,1.5,55.0,15,0.5,0.2,109,0.4057000225757188,0.026330632955342215,,,,,,
daily_curve,1.5,55.0,15,0.5,0.2,110,0.4166412734731557,0.028073086768075295,,,,,,
daily_curve,1.5,55.0,15,0.5,0.2,111,0.42773617323462754,0.02988259816110006,,,,,,
daily_curve,1.5,55.0,15,0.5,0.2,112,0.43898138152251376,0.031758131059036576,,,,,,
daily_curve,1.5,55.0,15,0.5,0.2,113,0.45037331862167956,0.033698385861280156,,,,,,
daily_curve,1.5,55.0,15,0.5,0.2,114,0.4619081639411931,0.03570180087561736,,,,,,
daily_curve,1.5,55.0,15,0.5,0.2,115,0.47358185488011256,0.037766555470941654,,,,,,
daily_curve,1.5,55.0,15,0.5,0.2,116,0.4853900860690596,0.039890574888987174,,,,,,
daily_curve,1.5,55.0,15,0.5,0.2,117,0.4973283089987325,0.04207153663483698,,,,,,
daily_curve,1.5,55.0,15,0.5,0.2,118,0.5093917320458762,0.04430687834768465,,,,,,
daily_curve,1.5,55.0,15,0.5,0.2,119,0.5215753209065687,0.04659380703722682,,,,,,
daily_curve,1.5,55.0,15,0.5,0.2,120,0.5338737994459718,0.04892930955739294,,,,,,
daily_curve,1.5,55.0,15,0.5,0.2,121,0.5462816509729357,0.05131016417800971,,,,,,
daily_curve,1.5,55.0,15,0.5,0.2,122,0.5587931199470678,0.05373295310658166,,,,,,
daily_curve,1.5,55.0,15,0.5,0.2,123,0.5714022141250289,0.056194075806652366,,,,,,
daily_curve,1.5,55.0,15,0.5,0.2,124,0.584102707151966,0.05868976295616568,,,,,,
daily_curve,1.5,55.0,15,0.5,0.2,125,0.5968881416030706,0.061216090888789765,,,,,,
daily_curve,1.5,55.0,15,0.5,0.2,126,0.6097518324793264,0.06376899636313949,,,,,,
daily_curve,1.5,55.0,15,0.5,0.2,127,0.6226868711605261,0.0663442915090543,,,,,,
daily_curve,1.5,55.0,15,0.5,0.2,128,0.6356861298176466,0.06893767880634738,,,,,,
daily_curve,1.5,55.0,15,0.5,0.2,129,0.6487422662856329,0.07154476595945791,,,,,,
daily_curve,1.5,55.0,15,0.5,0.2,130,0.6618477293965973,0.07416108054098725,,,,,,
daily_curve,1.5,55.0,15,0.5,0.2,131,0.6749947647723551,0.07678208428786648,,,,,,
daily_curve,1.5,55.0,15,0.5,0.2,132,0.6881754210741313,0.07940318694564175,,,,,,
daily_curve,1.5,55.0,15,0.5,0.2,133,0.7013815567061503,0.08201975956879037,,,,,,
daily_curve,1.5,55.0,15,0.5,0.2,134,0.7146048469687061,0.0846271471978507,,,,,,
daily_curve,1.5,55.0,15,0.5,0.2,135,0.7278367916551601,0.08722068084721402,,,,,,
daily_curve,1.5,55.0,15,0.5,0.2,136,0.7410687230861877,0.08979568875049437,,,,,,
daily_curve,1.5,55.0,15,0.5,0.2,137,0.7542918145734232,0.09234750682324733,,,,,,
daily_curve,1.5,55.0,15,0.5,0.2,138,0.7674970893035282,0.09487148831532444,,,,,,
daily_curve,1.5,55.0,15,0.5,0.2,139,0.7806754296325424,0.09736301263716907,,,,,,
daily_curve,1.5,55.0,15,0.5,0.2,140,0.7938175867792495,0.09981749335579604,,,,,,
daily_curve,1.5,55.0,15,0.5,0.2,141,0.8069141909051525,0.10223038536698048,,,,,,
daily_curve,1.5,55.0,15,0.5,0.2,142,0.8199557615675362,0.10459719126025191,,,,,,
daily_curve,1.5,55.0,15,0.5,0.2,143,0.8329327185310054,0.10691346690264758,,,,,,
daily_curve,1.5,55.0,15,0.5,0.2,144,0.845835392921785,0.10917482627580788,,,,,,
daily_curve,1.5,55.0,15,0.5,0.2,145,0.8586540387080412,0.11137694560893974,,,,,,
daily_curve,1.5,55.0,15,0.5,0.2,146,0.8713788444884291,0.11351556685745123,,,,,,
daily_curve,1.5,55.0,15,0.5,0.2,147,0.8839999455700923,0.1155865005837513,,,,,,
daily_curve,1.5,55.0,15,0.5,0.2,148,0.8965074363163696,0.11758562830286101,,,,,,
daily_curve,1.5,55.0,15,0.5,0.2,149,0.9088913827435405,0.11950890436118777,,,,,,
daily_curve,1.5,55.0,15,0.5,0.2,150,0.9211418353450626,0.12135235742215267,,,,,,
daily_curve,1.5,55.0,15,0.5,0.2,151,0.933248842120908,0.12311209163740999,,,,,,
daily_curve,1.5,55.0,15,0.5,0.2,152,0.9452024617888233,0.12478428758726823,,,,,,
daily_curve,1.5,55.0,15,0.5,0.2,153,0.9569927771535904,0.12636520307867083,,,,,,
daily_curve,1.5,55.0,15,0.5,0.2,154,0.9686099086096857,0.12785117389382383,,,,,,
daily_curve,1.5,55.0,15,0.5,0.2,155,0.9800440277521008,0.12923861458733332,,,,,,
daily_curve,1.5,55.0,15,0.5,0.2,156,0.9912853710695176,0.13052401943458503,,,,,,
daily_curve,1.5,55.0,15,0.5,0.2,157,1.0023242536935264,0.13170396363913528,,,,,,
daily_curve,1.5,55.0,15,0.5,0.2,158,1.0131510831771222,0.13277510491207234,,,,,,
daily_curve,1.5,55.0,15,0.5,0.2,159,1.0237563732753412,0.13373418554169458,,,,,,
daily_curve,1.5,55.0,15,0.5,0.2,160,1.0341307577005876,0.1345780350773691,,,,,,
daily_curve,1.5,55.0,15,0.5,0.2,161,1.044265003824952,0.13530357375704705,,,,,,
daily_curve,1.5,55.0,15,0.5,0.2,162,1.0541500263016597,0.13590781681349862,,,,,,
daily_curve,1.5,55.0,15,0.5,0.2,163,1.0637769005776883,0.13638787979973865,,,,,,
daily_curve,1.5,55.0,15,0.5,0.2,164,1.0731368762695543,0.13674098507913146,,,,,,
daily_curve,1.5,55.0,15,0.5,0.2,165,1.0822213903743394,0.13696446963001097,,,,,,
daily_curve,1.5,55.0,15,0.5,0.2,166,1.0910220802881292,0.13705579431795922,,,,,,
daily_curve,1.5,55.0,15,0.5,0.2,167,1.099530796604252,0.13701255479072483,,,,,,
daily_curve,1.5,55.0,15,0.5,0.2,168,1.107739615663963,0.1368324941505633,,,,,,
daily_curve,1.5,55.0,15,0.5,0.2,169,1.1156408518325809,0.13651351755592156,,,,,,
daily_curve,1.5,55.0,15,0.5,0.2,170,1.123227069474498,0.1360537088980679,,,,,,
daily_curve,1.5,55.0,15,0.5,0.2,171,1.1304910946009852,0.1354513496876376,,,,,,
daily_curve,1.5,55.0,15,0.5,0.2,172,1.1374260261652813,0.1347049402700854,,,,,,
daily_curve,1.5,55.0,15,0.5,0.2,173,1.1440252469800942,0.13381322346661517,,,,,,
daily_curve,1.5,55.0,15,0.5,0.2,174,1.1502824342333602,0.13277521070707698,,,,,,
daily_curve,1.5,55.0,15,0.5,0.2,175,1.1561915695788816,0.13159021068228582,,,,,,
daily_curve,1.5,55.0,15,0.5,0.2,176,1.1617469487793086,0.13025786049394683,,,,,,
daily_curve,1.5,55.0,15,0.5,0.2,177,1.1669431908798498,0.12877815921956826,,,,,,
daily_curve,1.5,55.0,15,0.5,0.2,178,1.1717752468920615,0.12715150373627038,,,,,,
daily_curve,1.5,55.0,15,0.5,0.2,179,1.1762384079681063,0.125378726560334,,,,,,
daily_curve,1.5,55.0,15,0.5,0.2,180,1.1803283130469535,0.12346113535809,,,,,,
daily_curve,1.5,55.0,15,0.5,0.2,181,1.1840409559551492,0.12140055366832858,,,,,,
daily_curve,1.5,55.0,15,0.5,0.2,182,1.1873726919459702,0.11919936224743322,,,,,,
daily_curve,1.5,55.0,15,0.5,0.2,183,1.1903202436620175,0.11686054030754478,,,,,,
daily_curve,1.5,55.0,15,0.5,0.2,184,1.192880706507604,0.11438770576793644,,,,,,
daily_curve,1.5,55.0,15,0.5,0.2,185,1.1950515534185981,0.11178515348451479,,,,,,
daily_curve,1.5,55.0,15,0.5,0.2,186,1.1968306390187695,0.10905789026754753,,,,,,
daily_curve,1.5,55.0,15,0.5,0.2,187,1.1982162031530574,0.1062116653506141,,,,,,
daily_curve,1.5,55.0,15,0.5,0.2,188,1.1992068737896222,0.10325299484333517,,,,,,
daily_curve,1.5,55.0,15,0.5,0.2,189,1.1998016692839817,0.10018917859719689,,,,,,
daily_curve,1.5,55.0,15,0.5,0.2,190,1.2000000000000002,0.09702830784964234,,,,,,
daily_curve,1.5,55.0,15,0.5,0.2,191,1.1998016692839817,0.09377926199927689,,,,,,
daily_curve,1.5,55.0,15,0.5,0.2,192,1.1992068737896222,0.09045169291743616,,,,,,
daily_curve,1.5,55.0,15,0.5,0.2,193,1.1982162031530574,0.0870559953305593,,,,,,
daily_curve,1.5,55.0,15,0.5,0.2,194,1.1968306390187695,0.08360326202393331,,,,,,
daily_curve,1.5,55.0,15,0.5,0.2,195,1.1950515534185981,0.08010522292716782,,,,,,
daily_curve,1.5,55.0,15,0.5,0.2,196,1.192880706507604,0.0765741675473075,,,,,,
daily_curve,1.5,55.0,15,0.5,0.2,197,1.1903202436620175,0.07302285071266967,,,,,,
daily_curve,1.5,55.0,15,0.5,0.2,198,1.1873726919459702,0.0694643821680776,,,,,,
daily_curve,1.5,55.0,15,0.5,0.2,199,1.1840409559551492,0.06591210120092561,,,,,,
daily_curve,1.5,55.0,15,0.5,0.2,200,1.1803283130469535,0.062379438150414024,,,,,,
daily_curve,1.5,55.0,15,0.5,0.2,201,1.1762384079681063,0.05887976532503569,,,,,,
daily_curve,1.5,55.0,15,0.5,0.2,202,1.1717752468920615,0.05542624048628164,,,,,,
daily_curve,1.5,55.0,15,0.5,0.2,203,1.1669431908798498,0.05203164660685011,,,,,,
daily_curve,1.5,55.0,15,0.5,0.2,204,1.1617469487793086,0.04870823203711183,,,,,,
daily_curve,1.5,55.0,15,0.5,0.2,205,1.1561915695788816,0.04546755547608161,,,,,,
daily_curve,1.5,55.0,15,0.5,0.2,206,1.1502824342333602,0.04232034021261877,,,,,,
daily_curve,1.5,55.0,15,0.5,0.2,207,1.1440252469800942,0.039276341960631345,,,,,,
daily_curve,1.5,55.0,15,0.5,0.2,208,1.1374260261652813,0.036344234254541696,,,,,,
daily_curve,1.5,55.0,15,0.5,0.2,209,1.1304910946009852,0.03353151480982808,,,,,,
daily_curve,1.5,55.0,15,0.5,0.2,210,1.123227069474498,0.030844435515244517,,,,,,
daily_curve,1.5,55.0,15,0.5,0.2,211,1.1156408518325809,0.028287957849394085,,,,,,
daily_curve,1.5,55.0,15,0.5,0.2,212,1.107739615663963,0.025865734556192455,,,,,,
daily_curve,1.5,55.0,15,0.5,0.2,213,1.099530796604252,0.023580117429102376,,,,,,
daily_curve,1.5,55.0,15,0.5,0.2,214,1.0910220802881292,0.021432190101519977,,,,,,
daily_curve,1.5,55.0,15,0.5,0.2,215,1.0822213903743394,0.01942182387507385,,,,,,
daily_curve,1.5,55.0,15,0.5,0.2,216,1.0731368762695543,0.01754775388497054,,,,,,
daily_curve,1.5,55.0,15,0.5,0.2,217,1.0637769005776883,0.0158076723361521,,,,,,
daily_curve,1.5,55.0,15,0.5,0.2,218,1.0541500263016597,0.014198335166121234,,,,,,
daily_curve,1.5,55.0,15,0.5,0.2,219,1.044265003824952,0.012715678305643019,,,,,,
daily_curve,1.5,55.0,15,0.5,0.2,220,1.0341307577005876,0.011354939709359635,,,,,,
daily_curve,1.5,55.0,15,0.5,0.2,221,1.0237563732753412,0.010110783495447695,,,,,,
daily_curve,1.5,55.0,15,0.5,0.2,222,1.0131510831771222,0.008977422839042681,,,,,,
daily_curve,1.5,55.0,15,0.5,0.2,223,1.0023242536935264,0.007948738675216283,,,,,,
daily_curve,1.5,55.0,15,0.5,0.2,224,0.9912853710695176,0.007018391748751629,,,,,,
daily_curve,1.5,55.0,15,0.5,0.2,225,0.9800440277521008,0.006179926065648433,,,,,,
daily_curve,1.5,55.0,15,0.5,0.2,226,0.9686099086096857,0.005426862324209747,,,,,,
daily_curve,1.5,55.0,15,0.5,0.2,227,0.9569927771535904,0.004752780405601897,,,,,,
daily_curve,1.5,55.0,15,0.5,0.2,228,0.9452024617888233,0.0041513904645168465,,,,,,
daily_curve,1.5,55.0,15,0.5,0.2,229,0.933248842120908,0.0036165925656848064,,,,,,
daily_curve,1.5,55.0,15,0.5,0.2,230,0.9211418353450626,0.003142525152855624,,,,,,
daily_curve,1.5,55.0,15,0.5,0.2,231,0.9088913827435405,0.002723602910074563,,,,,,
daily_curve,1.5,55.0,15,0.5,0.2,232,0.8965074363163696,0.0023545447813796416,,,,,,
daily_curve,1.5,55.0,15,0.5,0.2,233,0.8839999455700923,0.0020303930585369168,,,,,,
daily_curve,1.5,55.0,15,0.5,0.2,234,0.8713788444884291,0.0017465245334349344,,,,,,
daily_curve,1.5,55.0,15,0.5,0.2,235,0.8586540387080412,0.001498654750046735,,,,,,
daily_curve,1.5,55.0,15,0.5,0.2,236,0.845835392921785,0.0012828363887805727,,,,,,
daily_curve,1.5,55.0,15,0.5,0.2,237,0.8329327185310054,0.0010954527819798665,,,,,,
daily_curve,1.5,55.0,15,0.5,0.2,238,0.8199557615675362,0.0009332075012251639,,,,,,
daily_curve,1.5,55.0,15,0.5,0.2,239,0.8069141909051525,0.0007931108821166433,,,,,,
daily_curve,1.5,55.0,15,0.5,0.2,240,0.7938175867792495,0.0006724642666479097,,,,,,
daily_curve,1.5,55.0,15,0.5,0.2,241,0.7806754296325424,0.0005688426523376977,,,,,,
daily_curve,1.5,55.0,15,0.5,0.2,242,0.7674970893035282,0.0004800763452386114,,,,,,
daily_curve,1.5,55.0,15,0.5,0.2,243,0.7542918145734232,0.0004042321240368407,,,,,,
daily_curve,1.5,55.0,15,0.5,0.2,244,0.7410687230861877,0.0003395943371636845,,,,,,
daily_curve,1.5,55.0,15,0.5,0.2,245,0.7278367916551601,0.00028464627580648827,,,,,,
daily_curve,1.5,55.0,15,0.5,0.2,246,0.7146048469687061,0.00023805209400562521,,,,,,
daily_curve,1.5,55.0,15,0.5,0.2,247,0.7013815567061503,0.00019863948319398528,,,,,,
daily_curve,1.5,55.0,15,0.5,0.2,248,0.6881754210741313,0.00016538325271886478,,,,,,
daily_curve,1.5,55.0,15,0.5,0.2,249,0.6749947647723551,0.00013738991991363303,,,,,,
daily_curve,1.5,55.0,15,0.5,0.2,250,0.6618477293965973,0.00011388337278683824,,,,,,
daily_curve,1.5,55.0,15,0.5,0.2,251,0.6487422662856329,9.419163482993209e-05,,,,,,
daily_curve,1.5,55.0,15,0.5,0.2,252,0.6356861298176466,7.77347341837098e-05,,,,,,
daily_curve,1.5,55.0,15,0.5,0.2,253,0.6226868711605261,6.401365778785362e-05,,,,,,
daily_curve,1.5,55.0,15,0.5,0.2,254,0.6097518324793264,5.260035447796074e-05,,,,,,
daily_curve,1.5,55.0,15,0.5,0.2,255,0.5968881416030706,4.312873861789246e-05,,,,,,
daily_curve,1.5,55.0,15,0.5,0.2,256,0.584102707151966,3.5286637137699195e-05,,,,,,
daily_curve,1.5,55.0,15,0.5,0.2,257,0.5714022141250289,2.8808617191677932e-05,,,,,,
daily_curve,1.5,55.0,15,0.5,0.2,258,0.5587931199470678,2.346962851573764e-05,,,,,,
daily_curve,1.5,55.0,15,0.5,0.2,259,0.5462816509729357,1.907939347334242e-05,,,,,,
daily_curve,1.5,55.0,15,0.5,0.2,260,0.5338737994459718,1.5477478310765846e-05,,,,,,
daily_curve,1.5,55.0,15,0.5,0.2,261,0.5215753209065687,1.2528980910198051e-05,,,,,,
daily_curve,1.5,55.0,15,0.5,0.2,262,0.5093917320458762,1.0120773039634656e-05,,,,,,
daily_curve,1.5,55.0,15,0.5,0.2,263,0.4973283089987325,8.15823846489483e-06,,,,,,
daily_curve,1.5,55.0,15,0.5,0.2,264,0.4853900860690596,6.562452095071336e-06,,,,,,
daily_curve,1.5,55.0,15,0.5,0.2,265,0.47358185488011256,5.267749400683641e-06,,,,,,
daily_curve,1.5,55.0,15,0.5,0.2,266,0.4619081639411931,4.219639514357887e-06,,,,,,
daily_curve,1.5,55.0,15,0.5,0.2,267,0.45037331862167956,3.3730195950765207e-06,,,,,,
daily_curve,1.5,55.0,15,0.5,0.2,268,0.43898138152251376,2.6906521078950973e-06,,,,,,
daily_curve,1.5,55.0,15,0.5,0.2,269,0.42773617323462754,2.141870583005634e-06,,,,,,
daily_curve,1.5,55.0,15,0.5,0.2,270,0.4166412734731557,1.701483116733904e-06,,,,,,
daily_curve,1.5,55.0,15,0.5,0.2,271,0.4057000225757188,1.3488463421751362e-06,,,,,,
daily_curve,1.5,55.0,15,0.5,0.2,272,0.39491552335251146,1.0670857939487632e-06,,,,,,
daily_curve,1.5,55.0,15,0.5,0.2,273,0.38429064327545853,8.424415286478748e-07,,,,,,
daily_curve,1.5,55.0,15,0.5,0.2,274,0.3738280169932465,6.637205276494029e-07,,,,,,
daily_curve,1.5,55.0,15,0.5,0.2,275,0.3635300491586549,5.218398129169799e-07,,,,,,
daily_curve,1.5,55.0,15,0.5,0.2,276,0.3533989175542514,4.0944636214845787e-07,,,,,,
daily_curve,1.5,55.0,15,0.5,0.2,277,0.3434365765022214,3.2060182231230527e-07,,,,,,
daily_curve,1.5,55.0,15,0.5,0.2,278,0.3336447605438329,2.505217194803677e-07,,,,,,
daily_curve,1.5,55.0,15,0.5,0.2,279,0.324024988373836,1.9536034978617778e-07,,,,,,
daily_curve,1.5,55.0,15,0.5,0.2,280,0.3145785670149157,1.5203384395867658e-07,,,,,,
daily_curve,1.5,55.0,15,0.5,0.2,281,0.3053065962172018,1.1807502964256145e-07,,,,,,
daily_curve,1.5,55.0,15,0.5,0.2,282,0.29620997306774577,9.151470103940795e-08,,,,,,
daily_curve,1.5,55.0,15,0.5,0.2,283,0.2872893967948429,7.078475294797215e-08,,,,,,
daily_curve,1.5,55.0,15,0.5,0.2,284,0.27854537375207183,5.463936292304794e-08,,,,,,
daily_curve,1.5,55.0,15,0.5,0.2,285,0.26997822256696147,4.209102899555006e-08,,,,,,
daily_curve,1.5,55.0,15,0.5,0.2,286,0.2615880794392773,3.23587987516305e-08,,,,,,
daily_curve,1.5,55.0,15,0.5,0.2,287,0.25337490357402687,2.4826474653849573e-08,,,,,,
daily_curve,1.5,55.0,15,0.5,0.2,288,0.24533848273443742,1.900896129392038e-08,,,,,,
daily_curve,1.5,55.0,15,0.5,0.2,289,0.2374784389003376,1.45252361249959e-08,,,,,,
daily_curve,1.5,55.0,15,0.5,0.2,290,0.22979423401759572,1.1076697337131236e-08,,,,,,
daily_curve,1.5,55.0,15,0.5,0.2,291,0.22228517582450397,8.42986058735562e-09,,,,,,
daily_curve,1.5,55.0,15,0.5,0.2,292,0.21495042374128293,6.402568697438937e-09,,,,,,
daily_curve,1.5,55.0,15,0.5,0.2,293,0.20778899480917154,4.853025092899088e-09,,,,,,
daily_curve,1.5,55.0,15,0.5,0.2,294,0.20079976966590493,3.671097648094701e-09,,,,,,
daily_curve,1.5,55.0,15,0.5,0.2,295,0.19398149854472388,2.771437412896205e-09,,,,,,
daily_curve,1.5,55.0,15,0.5,0.2,296,0.18733280728444054,2.0880484008500844e-09,,,,,,
daily_curve,1.5,55.0,15,0.5,0.2,297,0.18085220333847,1.5700121203110484e-09,,,,,,
daily_curve,1.5,55.0,15,0.5,0.2,298,0.17453808177115496,1.2508404312328025e-09,,,,,,
daily_curve,1.5,55.0,15,0.5,0.2,299,0.16838873123013226,1.0559362273454553e-09,,,,,,
daily_curve,1.5,55.0,15,0.5,0.2,300,0.16240233988393526,8.896128278479409e-10,,,,,,
daily_curve,1.5,55.0,15,0.5,0.2,301,0.15657700131447913,7.47982453752627e-10,,,,,,
daily_curve,1.5,55.0,15,0.5,0.2,302,0.15091072035454248,6.276364983293092e-10,,,,,,
daily_curve,1.5,55.0,15,0.5,0.2,303,0.14540141886083163,5.25594678890684e-10,,,,,,
daily_curve,1.5,55.0,15,0.5,0.2,304,0.1400469414137006,4.39257297202289e-10,,,,,,
daily_curve,1.5,55.0,15,0.5,0.2,305,0.1348450609350808,3.663631620298702e-10,,,,,,
daily_curve,1.5,55.0,15,0.5,0.2,306,0.12979348421667566,3.04950065199705e-10,,,,,,
daily_curve,1.5,55.0,15,0.5,0.2,307,0.12488985735096376,2.533198095733269e-10,,,,,,
daily_curve,1.5,55.0,15,0.5,0.2,308,0.12013177105805364,2.1000634564671827e-10,,,,,,
daily_curve,1.5,55.0,15,0.5,0.2,309,0.11551676590192728,1.7374712779627544e-10,,,,,,
daily_curve,1.5,55.0,15,0.5,0.2,310,0.11104233739010645,1.4345791221614945e-10,,,,,,
daily_curve,1.5,55.0,15,0.5,0.2,311,0.10670594095126357,1.182093312124266e-10,,,,,,
daily_curve,1.5,55.0,15,0.5,0.2,312,0.10250499678578713,9.720735327789498e-11,,,,,,
daily_curve,1.5,55.0,15,0.5,0.2,313,0.09843689458479114,8.47353298638609e-11,,,,,,
daily_curve,1.5,55.0,15,0.5,0.2,314,0.09449899811353364,7.829736858866454e-11,,,,,,
daily_curve,1.5,55.0,15,0.5,0.2,315,0.09068864965567294,7.220157804965766e-11,,,,,,
daily_curve,1.5,55.0,15,0.5,0.2,316,0.08700317431524798,6.644507166697622e-11,,,,,,
daily_curve,1.5,55.0,15,0.5,0.2,317,0.083439884173715,6.102307548161434e-11,,,,,,
daily_curve,1.5,55.0,15,0.5,0.2,318,0.07999608229980977,5.592926122233166e-11,,,,,,
daily_curve,1.5,55.0,15,0.5,0.2,319,0.07666906661042663,5.115619039486319e-11,,,,,,
daily_curve,1.5,55.0,15,0.5,0.2,320,0.07345613358111788,4.669487019270946e-11,,,,,,
daily_curve,1.5,55.0,15,0.5,0.2,321,0.07035458180521573,4.253553065325377e-11,,,,,,
daily_curve,1.5,55.0,15,0.5,0.2,322,0.06736171540096048,3.8667402613157265e-11,,,,,,
daily_curve,1.5,55.0,15,0.5,0.2,323,0.06447484726639285,3.5079050775266296e-11,,,,,,
daily_curve,1.5,55.0,15,0.5,0.2,324,0.06169130218211913,3.175837370861245e-11,,,,,,
daily_curve,1.5,55.0,15,0.5,0.2,325,0.05900841976240017,2.8693047937622396e-11,,,,,,
daily_curve,1.5,55.0,15,0.5,0.2,326,0.056423557255337514,2.5870305897512935e-11,,,,,,
daily_curve,1.5,55.0,15,0.5,0.2,327,0.05393409219324028,2.3277157978895957e-11,,,,,,
daily_curve,1.5,55.0,15,0.5,0.2,328,0.051537424894546206,2.2200574711916943e-11,,,,,,
daily_curve,1.5,55.0,15,0.5,0.2,329,0.04923098081894805,2.244404662121724e-11,,,,,,
daily_curve,1.5,55.0,15,0.5,0.2,330,0.04701221277763413,2.2643331654137455e-11,,,,,,
daily_curve,1.5,55.0,15,0.5,0.2,331,0.044878603000797136,2.279709754304804e-11,,,,,,
daily_curve,1.5,55.0,15,0.5,0.2,332,0.042827665064789924,2.290434508722683e-11,,,,,,
daily_curve,1.5,55.0,15,0.5,0.2,333,0.0408569456815192,2.2964297130556588e-11,,,,,,
daily_curve,1.5,55.0,15,0.5,0.2,334,0.038964026352860545,2.2976620606129927e-11,,,,,,
daily_curve,1.5,55.0,15,0.5,0.2,335,0.03714652489305849,2.294098244703946e-11,,,,,,
daily_curve,1.5,55.0,15,0.5,0.2,336,0.03540209682223612,2.2857715720192573e-11,,,,,,
daily_curve,1.5,55.0,15,0.5,0.2,337,0.033728436634286596,2.2727153492496655e-11,,,,,,
daily_curve,1.5,55.0,15,0.5,0.2,338,0.032123278942550036,2.2550183942371405e-11,,,,,,
daily_curve,1.5,55.0,15,0.5,0.2,339,0.030584399506796686,2.2327695248236523e-11,,,,,,
daily_curve,1.5,55.0,15,0.5,0.2,340,0.02910961614513874,2.206101967772156e-11,,,,,,
daily_curve,1.5,55.0,15,0.5,0.2,341,0.027696789534581625,2.1751711543060992e-11,,,,,,
daily_curve,1.5,55.0,15,0.5,0.2,342,0.026343823903999825,2.1401769245699143e-11,,,,,,
daily_curve,1.5,55.0,15,0.5,0.2,343,0.025048667623382617,2.2319701642459222e-11,,,,,,
daily_curve,1.5,55.0,15,0.5,0.2,344,0.02380931369324436,2.467237525394239e-11,,,,,,
daily_curve,1.5,55.0,15,0.5,0.2,345,0.022623800138128383,2.7215452114148775e-11,,,,,,
daily_curve,1.5,55.0,15,0.5,0.2,346,0.021490210308158265,2.99571478734606e-11,,,,,,
daily_curve,1.5,55.0,15,0.5,0.2,347,0.020406673092602058,3.290512307074778e-11,,,,,,
daily_curve,1.5,55.0,15,0.5,0.2,348,0.019371363049417396,3.606637211106545e-11,,,,,,
daily_curve,1.5,55.0,15,0.5,0.2,349,0.018382500454735964,3.944733428795644e-11,,,,,,
daily_curve,1.5,55.0,15,0.5,0.2,350,0.017438351276228,4.3053338671938945e-11,,,,,,
daily_curve,1.5,55.0,15,0.5,0.2,351,0.01653722707425923,4.688871513280901e-11,,,,,,
daily_curve,1.5,55.0,15,0.5,0.2,352,0.015677484834716846,5.095668331733805e-11,,,,,,
daily_curve,1.5,55.0,15,0.5,0.2,353,0.01485752673733633,5.5259019582365454e-11,,,,,,
daily_curve,1.5,55.0,15,0.5,0.2,354,0.014075799863308997,5.979616801710108e-11,,,,,,
daily_curve,1.5,55.0,15,0.5,0.2,355,0.013330795845890767,6.45670183985203e-11,,,,,,
daily_curve,1.5,55.0,15,0.5,0.2,356,0.012621050467667677,6.95686841467591e-11,,,,,,
daily_curve,1.5,55.0,15,0.5,0.2,357,0.011945143208061313,7.479639130281157e-11,,,,,,
daily_curve,1.5,55.0,15,0.5,0.2,358,0.011301696744580892,8.523370897961513e-11,,,,,,
daily_curve,1.5,55.0,15,0.5,0.2,359,0.010689376411246457,1.0294476382455287e-10,,,,,,
daily_curve,1.5,55.0,15,0.5,0.2,360,0.010106889617521113,1.2406731197955878e-10,,,,,,
daily_curve,1.5,55.0,15,0.5,0.2,361,0.009552985231000372,1.4920009672181322e-10,,,,,,
daily_curve,1.5,55.0,15,0.5,0.2,362,0.00902645292701203,1.7903489801796013e-10,,,,,,
daily_curve,1.5,55.0,15,0.5,0.2,363,0.008526122508183936,2.1436918906658775e-10,,,,,,
daily_curve,1.5,55.0,15,0.5,0.2,364,0.008050863196936675,2.561187928407094e-10,,,,,,
daily_curve,1.5,55.0,15,0.5,0.2,365,0.007599582903757406,3.053330921432007e-10,,,,,,
daily_curve,1.5,55.0,15,0.5,0.3,1,0.006274824039756234,1.6700629767996134e-10,,,,,,
daily_curve,1.5,55.0,15,0.5,0.3,2,0.005919182426420558,1.9840395992787307e-10,,,,,,
daily_curve,1.5,55.0,15,0.5,0.3,3,0.005581852160728565,2.3519497460711136e-10,,,,,,
daily_curve,1.5,55.0,15,0.5,0.3,4,0.005262006328517695,2.7820468151418254e-10,,,,,,
daily_curve,1.5,55.0,15,0.5,0.3,5,0.004958848429579482,3.283663341235865e-10,,,,,,
daily_curve,1.5,55.0,15,0.5,0.3,6,0.004671611657596409,3.8673153568424823e-10,,,,,,
daily_curve,1.5,55.0,15,0.5,0.3,7,0.004399558173803023,4.544817855389738e-10,,,,,,
daily_curve,1.5,55.0,15,0.5,0.3,8,0.004399558173803023,5.660821811304118e-10,,,,,,
daily_curve,1.5,55.0,15,0.5,0.3,9,0.004671611657596409,7.473048846406982e-10,,,,,,
daily_curve,1.5,55.0,15,0.5,0.3,10,0.004958848429579482,9.843946768839373e-10,,,,,,
daily_curve,1.5,55.0,15,0.5,0.3,11,0.005262006328517695,1.2938770055370696e-09,,,,,,
daily_curve,1.5,55.0,15,0.5,0.3,12,0.005581852160728565,1.6969468052963066e-09,,,,,,
daily_curve,1.5,55.0,15,0.5,0.3,13,0.005919182426420558,2.22072182864963e-09,,,,,,
daily_curve,1.5,55.0,15,0.5,0.3,14,0.006274824039756234,2.899813278389729e-09,,,,,,
daily_curve,1.5,55.0,15,0.5,0.3,15,0.006649635040787729,3.77828879294384e-09,,,,,,
daily_curve,1.5,55.0,15,0.5,0.3,16,0.00704450529731959,4.912118378719299e-09,,,,,,
daily_curve,1.5,55.0,15,0.5,0.3,17,0.0074603571946609435,6.372214755856476e-09,,,,,,
daily_curve,1.5,55.0,15,0.5,0.3,18,0.007898146311135525,8.248201899263563e-09,,,,,,
daily_curve,1.5,55.0,15,0.5,0.3,19,0.008358862077125325,1.0653072646249484e-08,,,,,,
daily_curve,1.5,55.0,15,0.5,0.3,20,0.008843528415330973,1.372892977080653e-08,,,,,,
daily_curve,1.5,55.0,15,0.5,0.3,21,0.009353204359840649,1.765404256115488e-08,,,,,,
daily_curve,1.5,55.0,15,0.5,0.3,22,0.00988898465150828,2.265149590119364e-08,,,,,,
daily_curve,1.5,55.0,15,0.5,0.3,23,0.010452000307053648,2.8999760925962903e-08,,,,,,
daily_curve,1.5,55.0,15,0.5,0.3,24,0.011043419159209217,3.704557860473301e-08,,,,,,
daily_curve,1.5,55.0,15,0.5,0.3,25,0.01166444636515442,4.721961499587479e-08,,,,,,
daily_curve,1.5,55.0,15,0.5,0.3,26,0.012316324880395371,6.005543273790437e-08,,,,,,
daily_curve,1.5,55.0,15,0.5,0.3,27,0.013000335895169288,7.621241193689343e-08,,,,,,
daily_curve,1.5,55.0,15,0.5,0.3,28,0.013717799230377239,9.650336307842622e-08,,,,,,
daily_curve,1.5,55.0,15,0.5,0.3,29,0.014470073689976824,1.2192769449637098e-07,,,,,,
daily_curve,1.5,55.0,15,0.5,0.3,30,0.015258557366699498,1.537111337102104e-07,,,,,,
daily_curve,1.5,55.0,15,0.5,0.3,31,0.016084687897893964,1.933531565967428e-07,,,,,,
daily_curve,1.5,55.0,15,0.5,0.3,32,0.01694994266824022,2.4268344789302176e-07,,,,,,
daily_curve,1.5,55.0,15,0.5,0.3,33,0.0178558389560268,3.039289123707434e-07,,,,,,
daily_curve,1.5,55.0,15,0.5,0.3,34,0.01880393401963848,3.7979296307888433e-07,,,,,,
daily_curve,1.5,55.0,15,0.5,0.3,35,0.01979582512086233,4.735490490848093e-07,,,,,,
daily_curve,1.5,55.0,15,0.5,0.3,36,0.020833149481588813,5.891506348332243e-07,,,,,,
daily_curve,1.5,55.0,15,0.5,0.3,37,0.021917584170459786,7.313601243508216e-07,,,,,,
daily_curve,1.5,55.0,15,0.5,0.3,38,0.023050845915999846,9.058995110722279e-07,,,,,,
daily_curve,1.5,55.0,15,0.5,0.3,39,0.024234690842758918,1.1196258545842497e-06,,,,,,
daily_curve,1.5,55.0,15,0.5,0.3,40,0.025470914126996397,1.380735016209833e-06,,,,,,
daily_curve,1.5,55.0,15,0.5,0.3,41,0.026761349568447095,1.698997431187621e-06,,,,,,
daily_curve,1.5,55.0,15,0.5,0.3,42,0.028107869074731277,2.0860300545821886e-06,,,,,,
daily_curve,1.5,55.0,15,0.5,0.3,43,0.029512382055000768,2.5556089846556773e-06,,,,,,
daily_curve,1.5,55.0,15,0.5,0.3,44,0.0309768347194566,3.124027629142212e-06,,,,,,
daily_curve,1.5,55.0,15,0.5,0.3,45,0.03250320928142617,3.8105056452408803e-06,,,,,,
daily_curve,1.5,55.0,15,0.5,0.3,46,0.034093523058752975,4.6376542235382345e-06,,,,,,
daily_curve,1.5,55.0,15,0.5,0.3,47,0.03574982747132929,5.632003612365821e-06,,,,,,
daily_curve,1.5,55.0,15,0.5,0.3,48,0.03747420693169118,6.824599059651604e-06,,,,,,
daily_curve,1.5,55.0,15,0.5,0.3,49,0.03926877762569749,8.251671591685827e-06,,,,,,
daily_curve,1.5,55.0,15,0.5,0.3,50,0.041135686180429856,9.95539021797498e-06,,,,,,
daily_curve,1.5,55.0,15,0.5,0.3,51,0.043077108216579535,1.1984702253164947e-05,,,,,,
daily_curve,1.5,55.0,15,0.5,0.3,52,0.04509524678272792,1.4396268446237315e-05,,,,,,
daily_curve,1.5,55.0,15,0.5,0.3,53,0.04719233066908524,1.7255499501489524e-05,,,,,,
daily_curve,1.5,55.0,15,0.5,0.3,54,0.049370612598420315,2.0637700330117248e-05,,,,,,
daily_curve,1.5,55.0,15,0.5,0.3,55,0.05163236729210014,2.4629327986080973e-05,,,,,,
daily_curve,1.5,55.0,15,0.5,0.3,56,0.05397988940935423,2.9329368675390377e-05,,,,,,
daily_curve,1.5,55.0,15,0.5,0.3,57,0.05641549135809374,3.485083848175918e-05,,,,,,
daily_curve,1.5,55.0,15,0.5,0.3,58,0.05894150097584041,4.132241149523708e-05,,,,,,
daily_curve,1.5,55.0,15,0.5,0.3,59,0.06156025907956375,4.889017784937e-05,,,,,,
daily_curve,1.5,55.0,15,0.5,0.3,60,0.06427411688347814,5.7719532758016e-05,,,,,,
daily_curve,1.5,55.0,15,0.5,0.3,61,0.0670854332841233,6.799719596972675e-05,,,,,,
daily_curve,1.5,55.0,15,0.5,0.3,62,0.06999657201233354,7.993335913403232e-05,,,,,,
daily_curve,1.5,55.0,15,0.5,0.3,63,0.07300989865200062,9.376395637694657e-05,,,,,,
daily_curve,1.5,55.0,15,0.5,0.3,64,0.07612777752584197,0.00010975305093319232,,,,,,
daily_curve,1.5,55.0,15,0.5,0.3,65,0.07935256844871381,0.00012819532796581878,,,,,,
daily_curve,1.5,55.0,15,0.5,0.3,66,0.08268662334934193,0.00014941868075379894,,,,,,
daily_curve,1.5,55.0,15,0.5,0.3,67,0.08613228276169224,0.0001737868742424098,,,,,,
daily_curve,1.5,55.0,15,0.5,0.3,68,0.08969187218756373,0.00020170226658422497,,,,,,
daily_curve,1.5,55.0,15,0.5,0.3,69,0.0933676983323556,0.0002336085657596021,,,,,,
daily_curve,1.5,55.0,15,0.5,0.3,70,0.09716204521634314,0.00026999359471990836,,,,,,
daily_curve,1.5,55.0,15,0.5,0.3,71,0.10107717016418637,0.00031139203478658395,,,,,,
daily_curve,1.5,55.0,15,0.5,0.3,72,0.10511529967579693,0.00035838811333477327,,,,,,
daily_curve,1.5,55.0,15,0.5,0.3,73,0.10927862518209329,0.0004116181981494993,,,,,,
daily_curve,1.5,55.0,15,0.5,0.3,74,0.11356929868959119,0.00047177325736047493,,,,,,
daily_curve,1.5,55.0,15,0.5,0.3,75,0.11798942831819569,0.0005396011406060275,,,,,,
daily_curve,1.5,55.0,15,0.5,0.3,76,0.12254107373698801,0.0006159086341513964,,,,,,
daily_curve,1.5,55.0,15,0.5,0.3,77,0.12722624150322767,0.0007015632401733418,,,,,,
daily_curve,1.5,55.0,15,0.5,0.3,78,0.13204688031022466,0.0007974946284329265,,,,,,
daily_curve,1.5,55.0,15,0.5,0.3,79,0.1370048761501692,0.0009046957071698891,,,,,,
daily_curve,1.5,55.0,15,0.5,0.3,80,0.14210204739844332,0.0010242232593774547,,,,,,
daily_curve,1.5,55.0,15,0.5,0.3,81,0.1473401398263657,0.0011571980907311152,,,,,,
daily_curve,1.5,55.0,15,0.5,0.3,82,0.15272082154976058,0.0013048046364366739,,,,,,
daily_curve,1.5,55.0,15,0.5,0.3,83,0.15824567792116123,0.0014682899762069601,,,,,,
daily_curve,1.5,55.0,15,0.5,0.3,84,0.16391620637388546,0.0016489622095180456,,,,,,
daily_curve,1.5,55.0,15,0.5,0.3,85,0.16973381122663336,0.0018481881472929285,,,,,,
daily_curve,1.5,55.0,15,0.5,0.3,86,0.17569979845766678,0.0020673902812194944,,,,,,
daily_curve,1.5,55.0,15,0.5,0.3,87,0.18181537045802507,0.00230804299804932,,,,,,
daily_curve,1.5,55.0,15,0.5,0.3,88,0.18808162077362256,0.002571668013399142,,,,,,
daily_curve,1.5,55.0,15,0.5,0.3,89,0.19449952884644095,0.0028598290077692656,,,,,,
daily_curve,1.5,55.0,15,0.5,0.3,90,0.20106995476539624,0.003174125456596677,,,,,,
daily_curve,1.5,55.0,15,0.5,0.3,91,0.20779363403779536,0.003516185656105897,,,,,,
daily_curve,1.5,55.0,15,0.5,0.3,92,0.21467117239263273,0.0038876589573532128,,,,,,
daily_curve,1.5,55.0,15,0.5,0.3,93,0.2217030406272735,0.004290207232048648,,,,,,
daily_curve,1.5,55.0,15,0.5,0.3,94,0.22888956950936762,0.004725495605291563,,,,,,
daily_curve,1.5,55.0,15,0.5,0.3,95,0.23623094474609124,0.005195182502088613,,,,,,
daily_curve,1.5,55.0,15,0.5,0.3,96,0.24372720203306283,0.005700909066206461,,,,,,
daily_curve,1.5,55.0,15,0.5,0.3,97,0.2513782221954875,0.0062442880213348095,,,,,,
daily_curve,1.5,55.0,15,0.5,0.3,98,0.2591837264342775,0.006826892055449507,,,,,,
daily_curve,1.5,55.0,15,0.5,0.3,99,0.26714327169005153,0.0074502418194405395,,,,,,
daily_curve,1.5,55.0,15,0.5,0.3,100,0.27525624613805116,0.008115793640274926,,,,,,
daily_curve,1.5,55.0,15,0.5,0.3,101,0.2835218648271064,0.008824927056966136,,,,,,
daily_curve,1.5,55.0,15,0.5,0.3,102,0.29193916547585375,0.009578932294228015,,,,,,
daily_curve,1.5,55.0,15,0.5,0.3,103,0.3005070044394437,0.01037899779370599,,,,,,
daily_curve,1.5,55.0,15,0.5,0.3,104,0.30922405285996996,0.011226197925960801,,,,,,
daily_curve,1.5,55.0,15,0.5,0.3,105,0.318088793013823,0.012121481007794421,,,,,,
daily_curve,1.5,55.0,15,0.5,0.3,106,0.32709951486909067,0.01306565774899604,,,,,,
daily_curve,1.5,55.0,15,0.5,0.3,107,0.3362543128660262,0.014059390250080517,,,,,,
daily_curve,1.5,55.0,15,0.5,0.3,108,0.34555108293344744,0.015103181668129517,,,,,,
daily_curve,1.5,55.0,15,0.5,0.3,109,0.35498751975375387,0.016197366661451107,,,,,,
daily_curve,1.5,55.0,15,0.5,0.3,110,0.36456111428901117,0.017342102715561025,,,,,,
daily_curve,1.5,55.0,15,0.5,0.3,111,0.37426915158029905,0.018537362443090566,,,,,,
daily_curve,1.5,55.0,15,0.5,0.3,112,0.3841087088321995,0.01978292693881545,,,,,,
daily_curve,1.5,55.0,15,0.5,0.3,113,0.39407665379396956,0.02107838025830755,,,,,,
daily_curve,1.5,55.0,15,0.5,0.3,114,0.40416964344854395,0.022423105074963146,,,,,,
daily_curve,1.5,55.0,15,0.5,0.3,115,0.41438412302009847,0.023816279555635145,,,,,,
daily_curve,1.5,55.0,15,0.5,0.3,116,0.4247163253104271,0.02525687548007549,,,,,,
daily_curve,1.5,55.0,15,0.5,0.3,117,0.4351622703738909,0.026743657614165084,,,,,,
daily_curve,1.5,55.0,15,0.5,0.3,118,0.4457177655401416,0.02827518433176579,,,,,,
daily_curve,1.5,55.0,15,0.5,0.3,119,0.45637840579324757,0.029849809465261168,,,,,,
daily_curve,1.5,55.0,15,0.5,0.3,120,0.4671395745152253,0.03146568535072236,,,,,,
daily_curve,1.5,55.0,15,0.5,0.3,121,0.4779964446013187,0.033120767020401454,,,,,,
daily_curve,1.5,55.0,15,0.5,0.3,122,0.48894397995368427,0.034812817483130365,,,,,,
daily_curve,1.5,55.0,15,0.5,0.3,123,0.49997693735940024,0.036539414022388805,,,,,,
daily_curve,1.5,55.0,15,0.5,0.3,124,0.5110898687579702,0.03829795543244685,,,,,,
daily_curve,1.5,55.0,15,0.5,0.3,125,0.5222771239026867,0.04008567010521524,,,,,,
daily_curve,1.5,55.0,15,0.5,0.3,126,0.5335328534194105,0.04189962487431853,,,,,,
daily_curve,1.5,55.0,15,0.5,0.3,127,0.5448510122654603,0.0437367345184978,,,,,,
daily_curve,1.5,55.0,15,0.5,0.3,128,0.5562253635904407,0.045593771823741136,,,,,,
daily_curve,1.5,55.0,15,0.5,0.3,129,0.5676494829999287,0.04746737810251245,,,,,,
daily_curve,1.5,55.0,15,0.5,0.3,130,0.5791167632220225,0.04935407406904424,,,,,,
daily_curve,1.5,55.0,15,0.5,0.3,131,0.5906204191758105,0.051250270971768375,,,,,,
daily_curve,1.5,55.0,15,0.5,0.3,132,0.6021534934398649,0.053152281887499986,,,,,,
daily_curve,1.5,55.0,15,0.5,0.3,133,0.6137088621178814,0.05505633308680358,,,,,,
daily_curve,1.5,55.0,15,0.5,0.3,134,0.6252792410976178,0.05695857538593274,,,,,,
daily_curve,1.5,55.0,15,0.5,0.3,135,0.636857192698265,0.05885509540767975,,,,,,
daily_curve,1.5,55.0,15,0.5,0.3,136,0.6484351327004142,0.06074192668125733,,,,,,
daily_curve,1.5,55.0,15,0.5,0.3,137,0.6600053377517453,0.06261506051977794,,,,,,
daily_curve,1.5,55.0,15,0.5,0.3,138,0.6715599531405871,0.06447045662287698,,,,,,
daily_curve,1.5,55.0,15,0.5,0.3,139,0.6830910009284746,0.06630405336136624,,,,,,
daily_curve,1.5,55.0,15,0.5,0.3,140,0.6945903884318433,0.06811177771038579,,,,,,
daily_curve,1.5,55.0,15,0.5,0.3,141,0.7060499170420083,0.0698895548072167,,,,,,
daily_curve,1.5,55.0,15,0.5,0.3,142,0.7174612913715941,0.0716333171196003,,,,,,
daily_curve,1.5,55.0,15,0.5,0.3,143,0.7288161287146295,0.07333901322000425,,,,,,
daily_curve,1.5,55.0,15,0.5,0.3,144,0.7401059688065619,0.0750026161706735,,,,,,
daily_curve,1.5,55.0,15,0.5,0.3,145,0.7513222838695359,0.07662013153345348,,,,,,
daily_curve,1.5,55.0,15,0.5,0.3,146,0.7624564889273754,0.07818760502720268,,,,,,
daily_curve,1.5,55.0,15,0.5,0.3,147,0.7734999523738307,0.07970112986408073,,,,,,
daily_curve,1.5,55.0,15,0.5,0.3,148,0.7844440067768234,0.08115685380406878,,,,,,
daily_curve,1.5,55.0,15,0.5,0.3,149,0.795279959900598,0.08255098597471222,,,,,,
daily_curve,1.5,55.0,15,0.5,0.3,150,0.8059991059269297,0.08387980351025814,,,,,,
daily_curve,1.5,55.0,15,0.5,0.3,151,0.8165927368557945,0.08513965807105406,,,,,,
daily_curve,1.5,55.0,15,0.5,0.3,152,0.8270521540652204,0.0863269823102557,,,,,,
daily_curve,1.5,55.0,15,0.5,0.3,153,0.8373686800093915,0.08743829636053735,,,,,,
daily_curve,1.5,55.0,15,0.5,0.3,154,0.8475336700334749,0.08847021441854785,,,,,,
daily_curve,1.5,55.0,15,0.5,0.3,155,0.8575385242830881,0.08941945150927222,,,,,,
daily_curve,1.5,55.0,15,0.5,0.3,156,0.8673746996858278,0.09028283051616037,,,,,,
daily_curve,1.5,55.0,15,0.5,0.3,157,0.8770337219818355,0.09105728956578119,,,,,,
daily_curve,1.5,55.0,15,0.5,0.3,158,0.8865071977799818,0.09173988985773607,,,,,,
daily_curve,1.5,55.0,15,0.5,0.3,159,0.8957868266159235,0.09232782403146511,,,,,,
daily_curve,1.5,55.0,15,0.5,0.3,160,0.9048644129880141,0.09281842516124117,,,,,,
daily_curve,1.5,55.0,15,0.5,0.3,161,0.9137318783468328,0.09320917646882798,,,,,,
daily_curve,1.5,55.0,15,0.5,0.3,162,0.9223812730139521,0.09349772183975291,,,,,,
daily_curve,1.5,55.0,15,0.5,0.3,163,0.9308047880054771,0.09368187722360233,,,,,,
daily_curve,1.5,55.0,15,0.5,0.3,164,0.93899476673586,0.09375964299085626,,,,,,
daily_curve,1.5,55.0,15,0.5,0.3,165,0.9469437165775468,0.09372921730818229,,,,,,
daily_curve,1.5,55.0,15,0.5,0.3,166,0.9546443202521129,0.09358901058038416,,,,,,
daily_curve,1.5,55.0,15,0.5,0.3,167,0.9620894470287203,0.09333766098994623,,,,,,
daily_curve,1.5,55.0,15,0.5,0.3,168,0.9692721637059675,0.0929740511438717,,,,,,
daily_curve,1.5,55.0,15,0.5,0.3,169,0.9761857453535081,0.09249732581186787,,,,,,
daily_curve,1.5,55.0,15,0.5,0.3,170,0.9828236857901855,0.09190691070947288,,,,,,
daily_curve,1.5,55.0,15,0.5,0.3,171,0.989179707775862,0.0912025322441109,,,,,,
daily_curve,1.5,55.0,15,0.5,0.3,172,0.9952477728946211,0.09038423810104823,,,,,,
daily_curve,1.5,55.0,15,0.5,0.3,173,1.0010220911075824,0.08945241849972008,,,,,,
daily_curve,1.5,55.0,15,0.5,0.3,174,1.00649712995419,0.08840782789896329,,,,,,
daily_curve,1.5,55.0,15,0.5,0.3,175,1.0116676233815214,0.08725160687268796,,,,,,
daily_curve,1.5,55.0,15,0.5,0.3,176,1.0165285801818948,0.08598530381608682,,,,,,
daily_curve,1.5,55.0,15,0.5,0.3,177,1.0210752920198685,0.08461089607766037,,,,,,
daily_curve,1.5,55.0,15,0.5,0.3,178,1.0253033410305539,0.08313081004558043,,,,,,
daily_curve,1.5,55.0,15,0.5,0.3,179,1.029208606972093,0.08154793965022378,,,,,,
daily_curve,1.5,55.0,15,0.5,0.3,180,1.0327872739160842,0.07986566268056794,,,,,,
daily_curve,1.5,55.0,15,0.5,0.3,181,1.0360358364607556,0.07808785425362408,,,,,,
daily_curve,1.5,55.0,15,0.5,0.3,182,1.0389511054527238,0.07621889672679827,,,,,,
daily_curve,1.5,55.0,15,0.5,0.3,183,1.0415302132042652,0.07426368530709293,,,,,,
daily_curve,1.5,55.0,15,0.5,0.3,184,1.0437706181941533,0.0722276285928426,,,,,,
daily_curve,1.5,55.0,15,0.5,0.3,185,1.0456701092412735,0.07011664328785139,,,,,,
daily_curve,1.5,55.0,15,0.5,0.3,186,1.0472268091414234,0.06793714235896331,,,,,,
daily_curve,1.5,55.0,15,0.5,0.3,187,1.0484391777589253,0.0656960159704515,,,,,,
daily_curve,1.5,55.0,15,0.5,0.3,188,1.0493060145659194,0.06340060462567187,,,,,,
daily_curve,1.5,55.0,15,0.5,0.3,189,1.049826460623484,0.06105866408051508,,,,,,
daily_curve,1.5,55.0,15,0.5,0.3,190,1.0499999999999998,0.05867832176508436,,,,,,
daily_curve,1.5,55.0,15,0.5,0.3,191,1.049826460623484,0.05626802465847358,,,,,,
daily_curve,1.5,55.0,15,0.5,0.3,192,1.0493060145659194,0.0538364788029686,,,,,,
daily_curve,1.5,55.0,15,0.5,0.3,193,1.0484391777589253,0.051392580912229424,,,,,,
daily_curve,1.5,55.0,15,0.5,0.3,194,1.0472268091414234,0.04894534281423246,,,,,,
daily_curve,1.5,55.0,15,0.5,0.3,195,1.0456701092412735,0.04650380976255186,,,,,,
daily_curve,1.5,55.0,15,0.5,0.3,196,1.0437706181941533,0.044076973935425534,,,,,,
daily_curve,1.5,55.0,15,0.5,0.3,197,1.0415302132042652,0.041673684705920255,,,,,,
daily_curve,1.5,55.0,15,0.5,0.3,198,1.0389511054527238,0.0393025574926914,,,,,,
daily_curve,1.5,55.0,15,0.5,0.3,199,1.0360358364607556,0.03697188317404443,,,,,,
daily_curve,1.5,55.0,15,0.5,0.3,200,1.0327872739160842,0.03468954015461723,,,,,,
daily_curve,1.5,55.0,15,0.5,0.3,201,1.029208606972093,0.03246291120314937,,,,,,
daily_curve,1.5,55.0,15,0.5,0.3,202,1.0253033410305539,0.0302988071246012,,,,,,
daily_curve,1.5,55.0,15,0.5,0.3,203,1.0210752920198685,0.028203399188153844,,,,,,
daily_curve,1.5,55.0,15,0.5,0.3,204,1.0165285801818948,0.026182162007485688,,,,,,
daily_curve,1.5,55.0,15,0.5,0.3,205,1.0116676233815214,0.024239828269634778,,,,,,
daily_curve,1.5,55.0,15,0.5,0.3,206,1.00649712995419,0.02238035634715463,,,,,,
daily_curve,1.5,55.0,15,0.5,0.3,207,1.0010220911075824,0.020606911422625718,,,,,,
daily_curve,1.5,55.0,15,0.5,0.3,208,0.9952477728946211,0.018921860325337492,,,,,,
daily_curve,1.5,55.0,15,0.5,0.3,209,0.989179707775862,0.017326779848827245,,,,,,
daily_curve,1.5,55.0,15,0.5,0.3,210,0.9828236857901855,0.015822477906541677,,,,,,
daily_curve,1.5,55.0,15,0.5,0.3,211,0.9761857453535081,0.014409026510898926,,,,,,
daily_curve,1.5,55.0,15,0.5,0.3,212,0.9692721637059675,0.013085805245115267,,,,,,
daily_curve,1.5,55.0,15,0.5,0.3,213,0.9620894470287203,0.011851553649751767,,,,,,
daily_curve,1.5,55.0,15,0.5,0.3,214,0.9546443202521129,0.010704430774677864,,,,,,
daily_curve,1.5,55.0,15,0.5,0.3,215,0.9469437165775468,0.009642080054729218,,,,,,
daily_curve,1.5,55.0,15,0.5,0.3,216,0.93899476673586,0.008661697651657918,,,,,,
daily_curve,1.5,55.0,15,0.5,0.3,217,0.9308047880054771,0.007760102459855034,,,,,,
daily_curve,1.5,55.0,15,0.5,0.3,218,0.9223812730139521,0.0069338060892421005,,,,,,
daily_curve,1.5,55.0,15,0.5,0.3,219,0.9137318783468328,0.006179081303911871,,,,,,
daily_curve,1.5,55.0,15,0.5,0.3,220,0.9048644129880141,0.005492027596550764,,,,,,
daily_curve,1.5,55.0,15,0.5,0.3,221,0.8957868266159235,0.004868632803131656,,,,,,
daily_curve,1.5,55.0,15,0.5,0.3,222,0.8865071977799818,0.004304829897243234,,,,,,
daily_curve,1.5,55.0,15,0.5,0.3,223,0.8770337219818355,0.0037965483373818554,,,,,,
daily_curve,1.5,55.0,15,0.5,0.3,224,0.8673746996858278,0.003339759564055522,,,,,,
daily_curve,1.5,55.0,15,0.5,0.3,225,0.8575385242830881,0.0029305164491181257,,,,,,
daily_curve,1.5,55.0,15,0.5,0.3,226,0.8475336700334749,0.002564986681978021,,,,,,
daily_curve,1.5,55.0,15,0.5,0.3,227,0.8373686800093915,0.002239480232840485,,,,,,
daily_curve,1.5,55.0,15,0.5,0.3,228,0.8270521540652204,0.0019504711604044767,,,,,,
daily_curve,1.5,55.0,15,0.5,0.3,229,0.8165927368557945,0.0016946141304745588,,,,,,
daily_curve,1.5,55.0,15,0.5,0.3,230,0.8059991059269297,0.0014687560840270786,,,,,,
daily_curve,1.5,55.0,15,0.5,0.3,231,0.795279959900598,0.0012699435405828519,,,,,,
daily_curve,1.5,55.0,15,0.5,0.3,232,0.7844440067768234,0.001095426048100423,,,,,,
daily_curve,1.5,55.0,15,0.5,0.3,233,0.7734999523738307,0.0009426562971838193,,,,,,
daily_curve,1.5,55.0,15,0.5,0.3,234,0.7624564889273754,0.000809287408470305,,,,,,
daily_curve,1.5,55.0,15,0.5,0.3,235,0.7513222838695359,0.0006931678808739239,,,,,,
daily_curve,1.5,55.0,15,0.5,0.3,236,0.7401059688065619,0.00059233465792774,,,,,,
daily_curve,1.5,55.0,15,0.5,0.3,237,0.7288161287146295,0.0005050047325485529,,,,,,
daily_curve,1.5,55.0,15,0.5,0.3,238,0.7174612913715941,0.00042956566954510667,,,,,,
daily_curve,1.5,55.0,15,0.5,0.3,239,0.7060499170420083,0.0003645653821593431,,,,,,
daily_curve,1.5,55.0,15,0.5,0.3,240,0.6945903884318433,0.00030870145552808204,,,,,,
daily_curve,1.5,55.0,15,0.5,0.3,241,0.6830910009284746,0.00026081026753388414,,,,,,
daily_curve,1.5,55.0,15,0.5,0.3,242,0.6715599531405871,0.00021985611706620833,,,,,,
daily_curve,1.5,55.0,15,0.5,0.3,243,0.6600053377517453,0.00018492053198515546,,,,,,
daily_curve,1.5,55.0,15,0.5,0.3,244,0.6484351327004142,0.00015519189453294668,,,,,,
daily_curve,1.5,55.0,15,0.5,0.3,245,0.636857192698265,0.00012995549086802782,,,,,,
daily_curve,1.5,55.0,15,0.5,0.3,246,0.6252792410976178,0.00010858406389990805,,,,,,
daily_curve,1.5,55.0,15,0.5,0.3,247,0.6137088621178814,9.05289246742047e-05,,,,,,
daily_curve,1.5,55.0,15,0.5,0.3,248,0.6021534934398649,7.531165705332299e-05,,,,,,
daily_curve,1.5,55.0,15,0.5,0.3,249,0.5906204191758105,6.251643319921119e-05,,,,,,
daily_curve,1.5,55.0,15,0.5,0.3,250,0.5791167632220225,5.178294310959064e-05,,,,,,
daily_curve,1.5,55.0,15,0.5,0.3,251,0.5676494829999287,4.27999299487114e-05,,,,,,
daily_curve,1.5,55.0,15,0.5,0.3,252,0.5562253635904407,3.5299313833503376e-05,,,,,,
daily_curve,1.5,55.0,15,0.5,0.3,253,0.5448510122654603,2.9050879816083786e-05,,,,,,
daily_curve,1.5,55.0,15,0.5,0.3,254,0.5335328534194105,2.3857500741741866e-05,,,,,,
daily_curve,1.5,55.0,15,0.5,0.3,255,0.5222771239026867,1.9550862201400676e-05,,,,,,
daily_curve,1.5,55.0,15,0.5,0.3,256,0.5110898687579702,1.5987654675253538e-05,,,,,,
daily_curve,1.5,55.0,15,0.5,0.3,257,0.49997693735940024,1.3046196954302758e-05,,,,,,
daily_curve,1.5,55.0,15,0.5,0.3,258,0.48894397995368427,1.0623454817615396e-05,,,,,,
daily_curve,1.5,55.0,15,0.5,0.3,259,0.4779964446013187,8.632419545517855e-06,,,,,,
daily_curve,1.5,55.0,15,0.5,0.3,260,0.4671395745152253,6.999812009467199e-06,,,,,,
daily_curve,1.5,55.0,15,0.5,0.3,261,0.45637840579324757,5.664079642531128e-06,,,,,,
daily_curve,1.5,55.0,15,0.5,0.3,262,0.4457177655401416,4.5736554554753894e-06,,,,,,
daily_curve,1.5,55.0,15,0.5,0.3,263,0.4351622703738909,3.685450308155147e-06,,,,,,
daily_curve,1.5,55.0,15,0.5,0.3,264,0.4247163253104271,2.963551802515063e-06,,,,,,
daily_curve,1.5,55.0,15,0.5,0.3,265,0.41438412302009847,2.3781053539728703e-06,,,,,,
daily_curve,1.5,55.0,15,0.5,0.3,266,0.40416964344854395,1.9043551783282098e-06,,,,,,
daily_curve,1.5,55.0,15,0.5,0.3,267,0.39407665379396956,1.5218250503101771e-06,,,,,,
daily_curve,1.5,55.0,15,0.5,0.3,268,0.3841087088321995,1.2136207286905787e-06,,,,,,
daily_curve,1.5,55.0,15,0.5,0.3,269,0.37426915158029905,9.658378615773344e-07,,,,,,
daily_curve,1.5,55.0,15,0.5,0.3,270,0.36456111428901117,7.670609922794114e-07,,,,,,
daily_curve,1.5,55.0,15,0.5,0.3,271,0.35498751975375387,6.079409465842289e-07,,,,,,
daily_curve,1.5,55.0,15,0.5,0.3,272,0.34555108293344744,4.808394160615848e-07,,,,,,
daily_curve,1.5,55.0,15,0.5,0.3,273,0.3362543128660262,3.795309418963555e-07,,,,,,
daily_curve,1.5,55.0,15,0.5,0.3,274,0.32709951486909067,2.989537619679794e-07,,,,,,
daily_curve,1.5,55.0,15,0.5,0.3,275,0.318088793013823,2.350021116592771e-07,,,,,,
daily_curve,1.5,55.0,15,0.5,0.3,276,0.30922405285996996,1.843535777368288e-07,,,,,,
daily_curve,1.5,55.0,15,0.5,0.3,277,0.3005070044394437,1.44325992712524e-07,,,,,,
daily_curve,1.5,55.0,15,0.5,0.3,278,0.29193916547585375,1.1275914812980403e-07,,,,,,
daily_curve,1.5,55.0,15,0.5,0.3,279,0.2835218648271064,8.791729200208209e-08,,,,,,
daily_curve,1.5,55.0,15,0.5,0.3,280,0.27525624613805116,6.840897726068107e-08,,,,,,
daily_curve,1.5,55.0,15,0.5,0.3,281,0.26714327169005153,5.312135331614343e-08,,,,,,
daily_curve,1.5,55.0,15,0.5,0.3,282,0.2591837264342775,4.116644114482426e-08,,,,,,
daily_curve,1.5,55.0,15,0.5,0.3,283,0.2513782221954875,3.1837324665495714e-08,,,,,,
daily_curve,1.5,55.0,15,0.5,0.3,284,0.24372720203306283,2.4572520795906883e-08,,,,,,
daily_curve,1.5,55.0,15,0.5,0.3,285,0.23623094474609124,1.892707857109599e-08,,,,,,
daily_curve,1.5,55.0,15,0.5,0.3,286,0.22888956950936762,1.4549195404001125e-08,,,,,,
daily_curve,1.5,55.0,15,0.5,0.3,287,0.2217030406272735,1.1161347956978318e-08,,,,,,
daily_curve,1.5,55.0,15,0.5,0.3,288,0.21467117239263273,8.545103624690853e-09,,,,,,
daily_curve,1.5,55.0,15,0.5,0.3,289,0.20779363403779536,6.5289258444067855e-09,,,,,,
daily_curve,1.5,55.0,15,0.5,0.3,290,0.20106995476539624,4.97840857427434e-09,,,,,,
daily_curve,1.5,55.0,15,0.5,0.3,291,0.19449952884644095,3.788474534083264e-09,,,,,,
daily_curve,1.5,55.0,15,0.5,0.3,292,0.18808162077362256,2.8771591775722527e-09,,,,,,
daily_curve,1.5,55.0,15,0.5,0.3,293,0.18181537045802507,2.1806686456571356e-09,,,,,,
daily_curve,1.5,55.0,15,0.5,0.3,294,0.17569979845766678,1.6494619003992739e-09,,,,,,
daily_curve,1.5,55.0,15,0.5,0.3,295,0.16973381122663336,1.2451518704992282e-09,,,,,,
daily_curve,1.5,55.0,15,0.5,0.3,296,0.16391620637388546,9.380592969066015e-10,,,,,,
daily_curve,1.5,55.0,15,0.5,0.3,297,0.15824567792116123,7.052882722291542e-10,,,,,,
daily_curve,1.5,55.0,15,0.5,0.3,298,0.15272082154976058,5.619078535801236e-10,,,,,,
daily_curve,1.5,55.0,15,0.5,0.3,299,0.1473401398263657,4.743793136086083e-10,,,,,,
daily_curve,1.5,55.0,15,0.5,0.3,300,0.14210204739844332,3.9968273135571053e-10,,,,,,
daily_curve,1.5,55.0,15,0.5,0.3,301,0.1370048761501692,3.3607283622671957e-10,,,,,,
daily_curve,1.5,55.0,15,0.5,0.3,302,0.13204688031022466,2.820196298713995e-10,,,,,,
daily_curve,1.5,55.0,15,0.5,0.3,303,0.12722624150322767,2.36185293545077e-10,,,,,,
daily_curve,1.5,55.0,15,0.5,0.3,304,0.12254107373698801,1.974027608042661e-10,,,,,,
daily_curve,1.5,55.0,15,0.5,0.3,305,0.11798942831819569,1.6465684371524958e-10,,,,,,
daily_curve,1.5,55.0,15,0.5,0.3,306,0.11356929868959119,1.3706691337489474e-10,,,,,,
daily_curve,1.5,55.0,15,0.5,0.3,307,0.10927862518209329,1.1387035758758657e-10,,,,,,
daily_curve,1.5,55.0,15,0.5,0.3,308,0.10511529967579693,9.440892512202481e-11,,,,,,
daily_curve,1.5,55.0,15,0.5,0.3,309,0.10107717016418637,7.811595814644079e-11,,,,,,
daily_curve,1.5,55.0,15,0.5,0.3,310,0.09716204521634314,6.450451284223391e-11,,,,,,
daily_curve,1.5,55.0,15,0.5,0.3,311,0.0933676983323556,5.315736739675003e-11,,,,,,
daily_curve,1.5,55.0,15,0.5,0.3,312,0.08969187218756373,4.37178071521771e-11,,,,,,
daily_curve,1.5,55.0,15,0.5,0.3,313,0.08613228276169224,3.8113179279264386e-11,,,,,,
daily_curve,1.5,55.0,15,0.5,0.3,314,0.08268662334934193,3.522182545623309e-11,,,,,,
daily_curve,1.5,55.0,15,0.5,0.3,315,0.07935256844871381,3.248390445520499e-11,,,,,,
daily_curve,1.5,55.0,15,0.5,0.3,316,0.07612777752584197,2.989808400855054e-11,,,,,,
daily_curve,1.5,55.0,15,0.5,0.3,317,0.07300989865200062,2.7462254692522947e-11,,,,,,
daily_curve,1.5,55.0,15,0.5,0.3,318,0.06999657201233354,2.517364094956065e-11,,,,,,
daily_curve,1.5,55.0,15,0.5,0.3,319,0.0670854332841233,2.3028912110589772e-11,,,,,,
daily_curve,1.5,55.0,15,0.5,0.3,320,0.06427411688347814,2.1024071372721664e-11,,,,,,
daily_curve,1.5,55.0,15,0.5,0.3,321,0.06156025907956375,1.9154566821555363e-11,,,,,,
daily_curve,1.5,55.0,15,0.5,0.3,322,0.05894150097584041,1.7415846542689906e-11,,,,,,
daily_curve,1.5,55.0,15,0.5,0.3,323,0.05641549135809374,1.580258146560709e-11,,,,,,
daily_curve,1.5,55.0,15,0.5,0.3,324,0.05397988940935423,1.430955354209118e-11,,,,,,
daily_curve,1.5,55.0,15,0.5,0.3,325,0.05163236729210014,1.2930989612414123e-11,,,,,,
daily_curve,1.5,55.0,15,0.5,0.3,326,0.049370612598420315,1.1661338561452794e-11,,,,,,
daily_curve,1.5,55.0,15,0.5,0.3,327,0.04719233066908524,1.0494827229479142e-11,,,,,,
daily_curve,1.5,55.0,15,0.5,0.3,328,0.04509524678272792,1.0011769191464737e-11,,,,,,
daily_curve,1.5,55.0,15,0.5,0.3,329,0.043077108216579535,1.012401273925434e-11,,,,,,
daily_curve,1.5,55.0,15,0.5,0.3,330,0.041135686180429856,1.0216494317205616e-11,,,,,,
daily_curve,1.5,55.0,15,0.5,0.3,331,0.03926877762569749,1.028865881380625e-11,,,,,,
daily_curve,1.5,55.0,15,0.5,0.3,332,0.03747420693169118,1.033984009524147e-11,,,,,,
daily_curve,1.5,55.0,15,0.5,0.3,333,0.03574982747132929,1.0369927139208812e-11,,,,,,
daily_curve,1.5,55.0,15,0.5,0.3,334,0.034093523058752975,1.0378475856498426e-11,,,,,,
daily_curve,1.5,55.0,15,0.5,0.3,335,0.03250320928142617,1.0365708291715237e-11,,,,,,
daily_curve,1.5,55.0,15,0.5,0.3,336,0.0309768347194566,1.033140240025432e-11,,,,,,
daily_curve,1.5,55.0,15,0.5,0.3,337,0.029512382055000768,1.0275780226720599e-11,,,,,,
daily_curve,1.5,55.0,15,0.5,0.3,338,0.028107869074731277,1.0199285860323926e-11,,,,,,
daily_curve,1.5,55.0,15,0.5,0.3,339,0.026761349568447095,1.010236339027415e-11,,,,,,
daily_curve,1.5,55.0,15,0.5,0.3,340,0.025470914126996397,9.98545690578112e-12,,,,,,
daily_curve,1.5,55.0,15,0.5,0.3,341,0.024234690842758918,9.849232540659614e-12,,,,,,
daily_curve,1.5,55.0,15,0.5,0.3,342,0.023050845915999846,9.694689495631792e-12,,,,,,
daily_curve,1.5,55.0,15,0.5,0.3,343,0.021917584170459786,1.0114686865847489e-11,,,,,,
daily_curve,1.5,55.0,15,0.5,0.3,344,0.020833149481588813,1.118583004000584e-11,,,,,,
daily_curve,1.5,55.0,15,0.5,0.3,345,0.01979582512086233,1.2344236743899728e-11,,,,,,
daily_curve,1.5,55.0,15,0.5,0.3,346,0.01880393401963848,1.359412582502273e-11,,,,,,
daily_curve,1.5,55.0,15,0.5,0.3,347,0.0178558389560268,1.4939049997053644e-11,,,,,,
daily_curve,1.5,55.0,15,0.5,0.3,348,0.01694994266824022,1.638245095136881e-11,,,,,,
daily_curve,1.5,55.0,15,0.5,0.3,349,0.016084687897893964,1.7927437312437178e-11,,,,,,
daily_curve,1.5,55.0,15,0.5,0.3,350,0.015258557366699498,1.9576562593215385e-11,,,,,,
daily_curve,1.5,55.0,15,0.5,0.3,351,0.014470073689976824,2.1332269284357608e-11,,,,,,
daily_curve,1.5,55.0,15,0.5,0.3,352,0.013717799230377239,2.3196222720400783e-11,,,,,,
daily_curve,1.5,55.0,15,0.5,0.3,353,0.013000335895169288,2.5169422102067074e-11,,,,,,
daily_curve,1.5,55.0,15,0.5,0.3,354,0.012316324880395371,2.7252533563171255e-11,,,,,,
daily_curve,1.5,55.0,15,0.5,0.3,355,0.01166444636515442,2.944522403680594e-11,,,,,,
daily_curve,1.5,55.0,15,0.5,0.3,356,0.011043419159209217,3.1746494322248964e-11,,,,,,
daily_curve,1.5,55.0,15,0.5,0.3,357,0.010452000307053648,3.4154790107265853e-11,,,,,,
daily_curve,1.5,55.0,15,0.5,0.3,358,0.00988898465150828,3.894740085996773e-11,,,,,,
daily_curve,1.5,55.0,15,0.5,0.3,359,0.009353204359840649,4.70735672664091e-11,,,,,,
daily_curve,1.5,55.0,15,0.5,0.3,360,0.008843528415330973,5.677336378795417e-11,,,,,,
daily_curve,1.5,55.0,15,0.5,0.3,361,0.008358862077125325,6.832512333687646e-11,,,,,,
daily_curve,1.5,55.0,15,0.5,0.3,362,0.007898146311135525,8.205069956801481e-11,,,,,,
daily_curve,1.5,55.0,15,0.5,0.3,363,0.0074603571946609435,9.832179515001371e-11,,,,,,
daily_curve,1.5,55.0,15,0.5,0.3,364,0.00704450529731959,1.1756584594735386e-10,,,,,,
daily_curve,1.5,55.0,15,0.5,0.3,365,0.006649635040787729,1.4027357053691958e-10,,,,,,
daily_curve,1.5,55.0,15,0.5,0.4,1,0.005378420605505343,6.78694878075703e-11,,,,,,
daily_curve,1.5,55.0,15,0.5,0.4,2,0.005073584936931907,8.070111245928047e-11,,,,,,
daily_curve,1.5,55.0,15,0.5,0.4,3,0.0047844447091959135,9.57536272494508e-11,,,,,,
daily_curve,1.5,55.0,15,0.5,0.4,4,0.004510291138729454,1.1337053518190032e-10,,,,,,
daily_curve,1.5,55.0,15,0.5,0.4,5,0.004250441511068128,1.3394119147136507e-10,,,,,,
daily_curve,1.5,55.0,15,0.5,0.4,6,0.004004238563654065,1.5790480034638676e-10,,,,,,
daily_curve,1.5,55.0,15,0.5,0.4,7,0.003771049863259734,1.8575641025364575e-10,,,,,,
daily_curve,1.5,55.0,15,0.5,0.4,8,0.003771049863259734,2.316110636613189e-10,,,,,,
daily_curve,1.5,55.0,15,0.5,0.4,9,0.004004238563654065,3.0608471313087193e-10,,,,,,
daily_curve,1.5,55.0,15,0.5,0.4,10,0.004250441511068128,4.036347922564687e-10,,,,,,
daily_curve,1.5,55.0,15,0.5,0.4,11,0.004510291138729454,5.311283635123232e-10,,,,,,
daily_curve,1.5,55.0,15,0.5,0.4,12,0.0047844447091959135,6.973867039405945e-10,,,,,,
daily_curve,1.5,55.0,15,0.5,0.4,13,0.005073584936931907,9.137144374449235e-10,,,,,,
daily_curve,1.5,55.0,15,0.5,0.4,14,0.005378420605505343,1.1945637812260657e-09,,,,,,
daily_curve,1.5,55.0,15,0.5,0.4,15,0.005699687177818054,1.5583666579388478e-09,,,,,,
daily_curve,1.5,55.0,15,0.5,0.4,16,0.006038147397702506,2.028574308532427e-09,,,,,,
daily_curve,1.5,55.0,15,0.5,0.4,17,0.006394591881137952,2.6349514792300965e-09,,,,,,
daily_curve,1.5,55.0,15,0.5,0.4,18,0.006769839695259022,3.4151856898034794e-09,,,,,,
daily_curve,1.5,55.0,15,0.5,0.4,19,0.007164738923250279,4.4168795287902185e-09,,,,,,
daily_curve,1.5,55.0,15,0.5,0.4,20,0.0075801672131408345,5.7000145714525274e-09,,,,,,
daily_curve,1.5,55.0,15,0.5,0.4,21,0.008017032308434842,7.339985175214281e-09,,,,,,
daily_curve,1.5,55.0,15,0.5,0.4,22,0.008476272558435667,9.431329384135267e-09,,,,,,
daily_curve,1.5,55.0,15,0.5,0.4,23,0.008958857406045984,1.2092298939947455e-08,,,,,,
daily_curve,1.5,55.0,15,0.5,0.4,24,0.009465787850750758,1.547044625738181e-08,,,,,,
daily_curve,1.5,55.0,15,0.5,0.4,25,0.009998096884418075,1.9749432533799904e-08,,,,,,
daily_curve,1.5,55.0,15,0.5,0.4,26,0.010556849897481747,2.5157302352418753e-08,,,,,,
daily_curve,1.5,55.0,15,0.5,0.4,27,0.011143145053002247,3.1976511327691526e-08,,,,,,
daily_curve,1.5,55.0,15,0.5,0.4,28,0.011758113626037634,4.0556044300643634e-08,,,,,,
daily_curve,1.5,55.0,15,0.5,0.4,29,0.01240292030569442,5.1326019212538654e-08,,,,,,
daily_curve,1.5,55.0,15,0.5,0.4,30,0.013078763457170997,6.481523273649259e-08,,,,,,
daily_curve,1.5,55.0,15,0.5,0.4,31,0.01378687534105197,8.167218401577969e-08,,,,,,
daily_curve,1.5,55.0,15,0.5,0.4,32,0.014528522287063046,1.0269018946296171e-07,,,,,,
daily_curve,1.5,55.0,15,0.5,0.4,33,0.015305004819451542,1.2883729760826412e-07,,,,,,
daily_curve,1.5,55.0,15,0.5,0.4,34,0.016117657731118697,1.6129181845681018e-07,,,,,,
daily_curve,1.5,55.0,15,0.5,0.4,35,0.016967850103596284,2.0148439283662611e-07,,,,,,
daily_curve,1.5,55.0,15,0.5,0.4,36,0.01785698526993327,2.511476593358708e-07,,,,,,
daily_curve,1.5,55.0,15,0.5,0.4,37,0.01878650071753696,3.123747139843758e-07,,,,,,
daily_curve,1.5,55.0,15,0.5,0.4,38,0.019757867927999866,3.876877079367347e-07,,,,,,
daily_curve,1.5,55.0,15,0.5,0.4,39,0.020772592150936218,4.801180988334153e-07,,,,,,
daily_curve,1.5,55.0,15,0.5,0.4,40,0.021832212108854054,5.933002418245792e-07,,,,,,
daily_curve,1.5,55.0,15,0.5,0.4,41,0.02293829963009751,7.315801991980564e-07,,,,,,
daily_curve,1.5,55.0,15,0.5,0.4,42,0.024092459206912522,9.001418443954634e-07,,,,,,
daily_curve,1.5,55.0,15,0.5,0.4,43,0.025296327475714947,1.1051525440342047e-06,,,,,,
daily_curve,1.5,55.0,15,0.5,0.4,44,0.026551572616677087,1.3539309153820511e-06,,,,,,
daily_curve,1.5,55.0,15,0.5,0.4,45,0.027859893669793863,1.6551393778874157e-06,,,,,,
daily_curve,1.5,55.0,15,0.5,0.4,46,0.029223019764645405,2.0190044325296697e-06,,,,,,
daily_curve,1.5,55.0,15,0.5,0.4,47,0.030642709261139395,2.4575678235772003e-06,,,,,,
daily_curve,1.5,55.0,15,0.5,0.4,48,0.03212074879859244,2.9849719443975076e-06,,,,,,
daily_curve,1.5,55.0,15,0.5,0.4,49,0.03365895225059785,3.617783041920397e-06,,,,,,
daily_curve,1.5,55.0,15,0.5,0.4,50,0.03525915958322559,4.375355955543725e-06,,,,,,
daily_curve,1.5,55.0,15,0.5,0.4,51,0.036923235614211035,5.280244268157652e-06,,,,,,
daily_curve,1.5,55.0,15,0.5,0.4,52,0.03865306867090965,6.358659867533589e-06,,,,,,
daily_curve,1.5,55.0,15,0.5,0.4,53,0.040450569144930205,7.640985981716142e-06,,,,,,
daily_curve,1.5,55.0,15,0.5,0.4,54,0.04231766794150313,9.162347772040391e-06,,,,,,
daily_curve,1.5,55.0,15,0.5,0.4,55,0.044256314821800126,1.0963244519102133e-05,,,,,,
daily_curve,1.5,55.0,15,0.5,0.4,56,0.04626847663658934,1.30902473199912e-05,,,,,,
daily_curve,1.5,55.0,15,0.5,0.4,57,0.04835613544979464,1.5596766006154006e-05,,,,,,
daily_curve,1.5,55.0,15,0.5,0.4,58,0.05052128655072036,1.8543888694044774e-05,,,,,,
daily_curve,1.5,55.0,15,0.5,0.4,59,0.05276593635391179,2.2001296969054174e-05,,,,,,
daily_curve,1.5,55.0,15,0.5,0.4,60,0.055092100185838405,2.6048259179178856e-05,,,,,,
daily_curve,1.5,55.0,15,0.5,0.4,61,0.05750179995781997,3.077470366086299e-05,,,,,,
daily_curve,1.5,55.0,15,0.5,0.4,62,0.059997061724857324,3.62823729250783e-05,,,,,,
daily_curve,1.5,55.0,15,0.5,0.4,63,0.06257991313028625,4.268605890023203e-05,,,,,,
daily_curve,1.5,55.0,15,0.5,0.4,64,0.06525238073643598,5.011491823803116e-05,,,,,,
daily_curve,1.5,55.0,15,0.5,0.4,65,0.0680164872417547,5.871386544875623e-05,,,,,,
daily_curve,1.5,55.0,15,0.5,0.4,66,0.07087424858515022,6.864504023695872e-05,,,,,,
daily_curve,1.5,55.0,15,0.5,0.4,67,0.07382767093859335,8.008934385606015e-05,,,,,,
daily_curve,1.5,55.0,15,0.5,0.4,68,0.07687874758934034,9.324803760302203e-05,,,,,,
daily_curve,1.5,55.0,15,0.5,0.4,69,0.08002945571344766,0.00010834439473916824,,,,,,
daily_curve,1.5,55.0,15,0.5,0.4,70,0.08328175304257983,0.0001256253951560371,,,,,,
daily_curve,1.5,55.0,15,0.5,0.4,71,0.08663757442644546,0.00014536345003812734,,,,,,
daily_curve,1.5,55.0,15,0.5,0.4,72,0.09009882829354023,0.00016785814161612844,,,,,,
daily_curve,1.5,55.0,15,0.5,0.4,73,0.09366739301322281,0.00019343796089266174,,,,,,
daily_curve,1.5,55.0,15,0.5,0.4,74,0.09734511316250673,0.0002224620239789088,,,,,,
daily_curve,1.5,55.0,15,0.5,0.4,75,0.10113379570131059,0.00025532174545395137,,,,,,
daily_curve,1.5,55.0,15,0.5,0.4,76,0.10503520606027544,0.0002924424449796126,,,,,,
daily_curve,1.5,55.0,15,0.5,0.4,77,0.10905106414562371,0.0003342848613209215,,,,,,
daily_curve,1.5,55.0,15,0.5,0.4,78,0.11318304026590685,0.00038134654598975803,,,,,,
daily_curve,1.5,55.0,15,0.5,0.4,79,0.11743275098585933,0.00043416310698740634,,,,,,
daily_curve,1.5,55.0,15,0.5,0.4,80,0.12180175491295142,0.0004933092716339349,,,,,,
daily_curve,1.5,55.0,15,0.5,0.4,81,0.12629154842259918,0.0005593997362872694,,,,,,
daily_curve,1.5,55.0,15,0.5,0.4,82,0.1309035613283662,0.0006330897699322602,,,,,,
daily_curve,1.5,55.0,15,0.5,0.4,83,0.13563915250385247,0.0007150755381997165,,,,,,
daily_curve,1.5,55.0,15,0.5,0.4,84,0.1404996054633304,0.0008060941144304445,,,,,,
daily_curve,1.5,55.0,15,0.5,0.4,85,0.1454861239085429,0.0009069231449450044,,,,,,
daily_curve,1.5,55.0,15,0.5,0.4,86,0.1505998272494287,0.0010183801367878997,,,,,,
daily_curve,1.5,55.0,15,0.5,0.4,87,0.15584174610687865,0.0011413213378913545,,,,,,
daily_curve,1.5,55.0,15,0.5,0.4,88,0.1612128178059622,0.0012766401818897766,,,,,,
daily_curve,1.5,55.0,15,0.5,0.4,89,0.16671388186837796,0.0014252652727158033,,,,,,
daily_curve,1.5,55.0,15,0.5,0.4,90,0.17234567551319677,0.001588157887634778,,,,,,
daily_curve,1.5,55.0,15,0.5,0.4,91,0.17810882917525317,0.0017663089815002087,,,,,,
daily_curve,1.5,55.0,15,0.5,0.4,92,0.18400386205082805,0.0019607356797379794,,,,,,
daily_curve,1.5,55.0,15,0.5,0.4,93,0.19003117768052016,0.0021724772528326497,,,,,,
daily_curve,1.5,55.0,15,0.5,0.4,94,0.19619105957945798,0.0024025905708565665,,,,,,
daily_curve,1.5,55.0,15,0.5,0.4,95,0.20248366692522107,0.002652145042787768,,,,,,
daily_curve,1.5,55.0,15,0.5,0.4,96,0.20890903031405386,0.002922217051914533,,,,,,
daily_curve,1.5,55.0,15,0.5,0.4,97,0.21546704759613217,0.0032138839054475232,,,,,,
daily_curve,1.5,55.0,15,0.5,0.4,98,0.2221574798008093,0.00352821732343811,,,,,,
daily_curve,1.5,55.0,15,0.5,0.4,99,0.22897994716290132,0.0038662764991300724,,,,,,
daily_curve,1.5,55.0,15,0.5,0.4,100,0.23593392526118673,0.004229100769823857,,,,,,
daily_curve,1.5,55.0,15,0.5,0.4,101,0.24301874128037693,0.004617701944089614,,,,,,
daily_curve,1.5,55.0,15,0.5,0.4,102,0.25023357040787464,0.005033056337589659,,,,,,
daily_curve,1.5,55.0,15,0.5,0.4,103,0.257577432376666,0.005476096575742995,,,,,,
daily_curve,1.5,55.0,15,0.5,0.4,104,0.2650491881656885,0.0059477032268543395,,,,,,
daily_curve,1.5,55.0,15,0.5,0.4,105,0.2726475368689911,0.006448696334019344,,,,,,
daily_curve,1.5,55.0,15,0.5,0.4,106,0.28037101274493487,0.006979826918001919,,,,,,
daily_curve,1.5,55.0,15,0.5,0.4,107,0.28821798245659386,0.007541768526257431,,,,,,
daily_curve,1.5,55.0,15,0.5,0.4,108,0.29618664251438354,0.008135108905272026,,,,,,
daily_curve,1.5,55.0,15,0.5,0.4,109,0.30427501693178904,0.008760341874337718,,,,,,
daily_curve,1.5,55.0,15,0.5,0.4,110,0.31248095510486673,0.009417859478747292,,,,,,
daily_curve,1.5,55.0,15,0.5,0.4,111,0.3208021299259706,0.010107944499145871,,,,,,
daily_curve,1.5,55.0,15,0.5,0.4,112,0.3292360361418853,0.010830763391431963,,,,,,
daily_curve,1.5,55.0,15,0.5,0.4,113,0.33777998896625966,0.011586359728170681,,,,,,
daily_curve,1.5,55.0,15,0.5,0.4,114,0.3464311229558948,0.012374648208029582,,,,,,
daily_curve,1.5,55.0,15,0.5,0.4,115,0.3551863911600844,0.013195409294336935,,,,,,
daily_curve,1.5,55.0,15,0.5,0.4,116,0.3640425645517947,0.014048284537582556,,,,,,
daily_curve,1.5,55.0,15,0.5,0.4,117,0.37299623174904933,0.014932772629656421,,,,,,
daily_curve,1.5,55.0,15,0.5,0.4,118,0.38204379903440705,0.015848226229960516,,,,,,
daily_curve,1.5,55.0,15,0.5,0.4,119,0.3911814906799265,0.0167938495953871,,,,,,
daily_curve,1.5,55.0,15,0.5,0.4,120,0.4004053495844789,0.01776869703767403,,,,,,
daily_curve,1.5,55.0,15,0.5,0.4,121,0.40971123822970174,0.018771672222988367,,,,,,
daily_curve,1.5,55.0,15,0.5,0.4,122,0.4190948399603008,0.019801528319895456,,,,,,
daily_curve,1.5,55.0,15,0.5,0.4,123,0.42855166059377164,0.0208568689933184,,,,,,
daily_curve,1.5,55.0,15,0.5,0.4,124,0.4380770303639745,0.0219361502338129,,,,,,
daily_curve,1.5,55.0,15,0.5,0.4,125,0.4476661062023029,0.023037683003631182,,,,,,
daily_curve,1.5,55.0,15,0.5,0.4,126,0.4573138743594947,0.02415963667374965,,,,,,
daily_curve,1.5,55.0,15,0.5,0.4,127,0.4670151533703945,0.025300043219399937,,,,,,
daily_curve,1.5,55.0,15,0.5,0.4,128,0.47676459736323495,0.02645680213578594,,,,,,
daily_curve,1.5,55.0,15,0.5,0.4,129,0.4865566997142246,0.02762768603064858,,,,,,
daily_curve,1.5,55.0,15,0.5,0.4,130,0.49638579704744795,0.028810346846243617,,,,,,
daily_curve,1.5,55.0,15,0.5,0.4,131,0.5062460735792662,0.030002322660139913,,,,,,
daily_curve,1.5,55.0,15,0.5,0.4,132,0.5161315658055985,0.031201045012073436,,,,,,
daily_curve,1.5,55.0,15,0.5,0.4,133,0.5260361675296127,0.032403846702891204,,,,,,
daily_curve,1.5,55.0,15,0.5,0.4,134,0.5359536352265295,0.03360797001138005,,,,,,
daily_curve,1.5,55.0,15,0.5,0.4,135,0.54587759374137,0.03481057527546527,,,,,,
daily_curve,1.5,55.0,15,0.5,0.4,136,0.5558015423146407,0.03600874978583213,,,,,,
daily_curve,1.5,55.0,15,0.5,0.4,137,0.5657188609300674,0.037199516942412414,,,,,,
daily_curve,1.5,55.0,15,0.5,0.4,138,0.5756228169776462,0.038379845627300235,,,,,,
daily_curve,1.5,55.0,15,0.5,0.4,139,0.5855065722244068,0.039546659751456215,,,,,,
daily_curve,1.5,55.0,15,0.5,0.4,140,0.595363190084437,0.0406968479369062,,,,,,
daily_curve,1.5,55.0,15,0.5,0.4,141,0.6051856431788643,0.041827273300962475,,,,,,
daily_curve,1.5,55.0,15,0.5,0.4,142,0.6149668211756522,0.0429347833141801,,,,,,
daily_curve,1.5,55.0,15,0.5,0.4,143,0.6246995388982539,0.044016219709201554,,,,,,
daily_curve,1.5,55.0,15,0.5,0.4,144,0.6343765446913388,0.04506842842323322,,,,,,
daily_curve,1.5,55.0,15,0.5,0.4,145,0.6439905290310308,0.046088269562524875,,,,,,
daily_curve,1.5,55.0,15,0.5,0.4,146,0.6535341333663217,0.04707262738278373,,,,,,
daily_curve,1.5,55.0,15,0.5,0.4,147,0.6629999591775692,0.04801842028482395,,,,,,
daily_curve,1.5,55.0,15,0.5,0.4,148,0.6723805772372772,0.048922610829838176,,,,,,
daily_curve,1.5,55.0,15,0.5,0.4,149,0.6816685370576554,0.04978221578334974,,,,,,
daily_curve,1.5,55.0,15,0.5,0.4,150,0.6908563765087968,0.05059431620105903,,,,,,
daily_curve,1.5,55.0,15,0.5,0.4,151,0.699936631590681,0.05135606757332556,,,,,,
daily_curve,1.5,55.0,15,0.5,0.4,152,0.7089018463416175,0.05206471004779345,,,,,,
daily_curve,1.5,55.0,15,0.5,0.4,153,0.7177445828651927,0.05271757875158045,,,,,,
daily_curve,1.5,55.0,15,0.5,0.4,154,0.7264574314572642,0.053312114235357644,,,,,,
daily_curve,1.5,55.0,15,0.5,0.4,155,0.7350330208140755,0.0538458730614505,,,,,,
daily_curve,1.5,55.0,15,0.5,0.4,156,0.7434640283021382,0.05431653855663998,,,,,,
daily_curve,1.5,55.0,15,0.5,0.4,157,0.7517431902701448,0.05472193174752782,,,,,,
daily_curve,1.5,55.0,15,0.5,0.4,158,0.7598633123828415,0.05506002249200137,,,,,,
daily_curve,1.5,55.0,15,0.5,0.4,159,0.7678172799565058,0.055328940814380556,,,,,,
daily_curve,1.5,55.0,15,0.5,0.4,160,0.7755980682754408,0.055526988444123626,,,,,,
daily_curve,1.5,55.0,15,0.5,0.4,161,0.7831987528687138,0.05565265054839763,,,,,,
daily_curve,1.5,55.0,15,0.5,0.4,162,0.7906125197262447,0.05570460763730267,,,,,,
daily_curve,1.5,55.0,15,0.5,0.4,163,0.7978326754332661,0.05568174760699496,,,,,,
daily_curve,1.5,55.0,15,0.5,0.4,164,0.8048526572021658,0.055583177870374256,,,,,,
daily_curve,1.5,55.0,15,0.5,0.4,165,0.8116660427807544,0.05540823750738555,,,,,,
daily_curve,1.5,55.0,15,0.5,0.4,166,0.8182665602160968,0.055156509347421,,,,,,
daily_curve,1.5,55.0,15,0.5,0.4,167,0.8246480974531889,0.05482783187496032,,,,,,
daily_curve,1.5,55.0,15,0.5,0.4,168,0.8308047117479722,0.0544223108266817,,,,,,
daily_curve,1.5,55.0,15,0.5,0.4,169,0.8367306388744356,0.053940330324186214,,,,,,
daily_curve,1.5,55.0,15,0.5,0.4,170,0.8424203021058733,0.05338256336166958,,,,,,
daily_curve,1.5,55.0,15,0.5,0.4,171,0.8478683209507388,0.05274998144295562,,,,,,
daily_curve,1.5,55.0,15,0.5,0.4,172,0.8530695196239609,0.052043863138043545,,,,,,
daily_curve,1.5,55.0,15,0.5,0.4,173,0.8580189352350707,0.05126580130661662,,,,,,
daily_curve,1.5,55.0,15,0.5,0.4,174,0.8627118256750201,0.0504177087158616,,,,,,
daily_curve,1.5,55.0,15,0.5,0.4,175,0.8671436771841612,0.049501821763678344,,,,,,
daily_curve,1.5,55.0,15,0.5,0.4,176,0.8713102115844814,0.04852070200719094,,,,,,
daily_curve,1.5,55.0,15,0.5,0.4,177,0.8752073931598873,0.047477235191838996,,,,,,
daily_curve,1.5,55.0,15,0.5,0.4,178,0.8788314351690462,0.04637462747962218,,,,,,
daily_curve,1.5,55.0,15,0.5,0.4,179,0.8821788059760797,0.04521639858770787,,,,,,
daily_curve,1.5,55.0,15,0.5,0.4,180,0.885246234785215,0.04400637157185816,,,,,,
daily_curve,1.5,55.0,15,0.5,0.4,181,0.8880307169663619,0.042748659024065994,,,,,,
daily_curve,1.5,55.0,15,0.5,0.4,182,0.8905295189594775,0.04144764550117275,,,,,,
daily_curve,1.5,55.0,15,0.5,0.4,183,0.8927401827465131,0.04010796606141909,,,,,,
daily_curve,1.5,55.0,15,0.5,0.4,184,0.8946605298807028,0.038734480858667375,,,,,,
daily_curve,1.5,55.0,15,0.5,0.4,185,0.8962886650639487,0.037332245828639254,,,,,,
daily_curve,1.5,55.0,15,0.5,0.4,186,0.8976229792640772,0.035906479596428675,,,,,,
daily_curve,1.5,55.0,15,0.5,0.4,187,0.8986621523647931,0.03446252683754403,,,,,,
daily_curve,1.5,55.0,15,0.5,0.4,188,0.8994051553422167,0.03300581843283912,,,,,,
daily_curve,1.5,55.0,15,0.5,0.4,189,0.8998512519629863,0.031541828867220345,,,,,,
daily_curve,1.5,55.0,15,0.5,0.4,190,0.8999999999999999,0.030076031428762473,,,,,,
daily_curve,1.5,55.0,15,0.5,0.4,191,0.8998512519629863,0.028613851864112583,,,,,,
daily_curve,1.5,55.0,15,0.5,0.4,192,0.8994051553422167,0.02716062123301144,,,,,,
daily_curve,1.5,55.0,15,0.5,0.4,193,0.8986621523647931,0.025721528774585778,,,,,,
daily_curve,1.5,55.0,15,0.5,0.4,194,0.8976229792640772,0.024301575646396567,,,,,,
daily_curve,1.5,55.0,15,0.5,0.4,195,0.8962886650639487,0.022905530420324616,,,,,,
daily_curve,1.5,55.0,15,0.5,0.4,196,0.8946605298807028,0.021537887214494233,,,,,,
daily_curve,1.5,55.0,15,0.5,0.4,197,0.8927401827465131,0.020202827306085136,,,,,,
daily_curve,1.5,55.0,15,0.5,0.4,198,0.8905295189594775,0.018904185005933938,,,,,,
daily_curve,1.5,55.0,15,0.5,0.4,199,0.8880307169663619,0.017645418483720587,,,,,,
daily_curve,1.5,55.0,15,0.5,0.4,200,0.885246234785215,0.016429586115180417,,,,,,
daily_curve,1.5,55.0,15,0.5,0.4,201,0.8821788059760797,0.015259328784469783,,,,,,
daily_curve,1.5,55.0,15,0.5,0.4,202,0.8788314351690462,0.014136858421042509,,,,,,
daily_curve,1.5,55.0,15,0.5,0.4,203,0.8752073931598873,0.01306395288744544,,,,,,
daily_curve,1.5,55.0,15,0.5,0.4,204,0.8713102115844814,0.012041957169145912,,,,,,
daily_curve,1.5,55.0,15,0.5,0.4,205,0.8671436771841612,0.011071790656695168,,,,,,
daily_curve,1.5,55.0,15,0.5,0.4,206,0.8627118256750201,0.010153960160715902,,,,,,
daily_curve,1.5,55.0,15,0.5,0.4,207,0.8580189352350707,0.00928857816716766,,,,,,
daily_curve,1.5,55.0,15,0.5,0.4,208,0.8530695196239609,0.008475385728800133,,,,,,
daily_curve,1.5,55.0,15,0.5,0.4,209,0.8478683209507388,0.007713779302109591,,,,,,
daily_curve,1.5,55.0,15,0.5,0.4,210,0.8424203021058733,0.007002840779515851,,,,,,
daily_curve,1.5,55.0,15,0.5,0.4,211,0.8367306388744356,0.006341369934490082,,,,,,
daily_curve,1.5,55.0,15,0.5,0.4,212,0.8308047117479722,0.005727918492233974,,,,,,
daily_curve,1.5,55.0,15,0.5,0.4,213,0.8246480974531889,0.005160825058320828,,,,,,
daily_curve,1.5,55.0,15,0.5,0.4,214,0.8182665602160968,0.004638250179504366,,,,,,
daily_curve,1.5,55.0,15,0.5,0.4,215,0.8116660427807544,0.004158210871063828,,,,,,
daily_curve,1.5,55.0,15,0.5,0.4,216,0.8048526572021658,0.0037186140194832573,,,,,,
daily_curve,1.5,55.0,15,0.5,0.4,217,0.7978326754332661,0.0033172881537038013,,,,,,
daily_curve,1.5,55.0,15,0.5,0.4,218,0.7906125197262447,0.0029520131684439566,,,,,,
daily_curve,1.5,55.0,15,0.5,0.4,219,0.7831987528687138,0.0026205476752505508,,,,,,
daily_curve,1.5,55.0,15,0.5,0.4,220,0.7755980682754408,0.002320653747544865,,,,,,
daily_curve,1.5,55.0,15,0.5,0.4,221,0.7678172799565058,0.0020501189120250007,,,,,,
daily_curve,1.5,55.0,15,0.5,0.4,222,0.7598633123828415,0.0018067753180717183,,,,,,
daily_curve,1.5,55.0,15,0.5,0.4,223,0.7517431902701448,0.0015885160875602766,,,,,,
daily_curve,1.5,55.0,15,0.5,0.4,224,0.7434640283021382,0.0013933089086156647,,,,,,
daily_curve,1.5,55.0,15,0.5,0.4,225,0.7350330208140755,0.0012192069878002032,,,,,,
daily_curve,1.5,55.0,15,0.5,0.4,226,0.7264574314572642,0.0010643575159233754,,,,,,
daily_curve,1.5,55.0,15,0.5,0.4,227,0.7177445828651927,0.0009270078334285836,,,,,,
daily_curve,1.5,55.0,15,0.5,0.4,228,0.7089018463416175,0.0008055095027768022,,,,,,
daily_curve,1.5,55.0,15,0.5,0.4,229,0.699936631590681,0.0006983205082683464,,,,,,
daily_curve,1.5,55.0,15,0.5,0.4,230,0.6908563765087968,0.0006040058093264022,,,,,,
daily_curve,1.5,55.0,15,0.5,0.4,231,0.6816685370576554,0.0005212364724880292,,,,,,
daily_curve,1.5,55.0,15,0.5,0.4,232,0.6723805772372772,0.00044878760131839,,,,,,
daily_curve,1.5,55.0,15,0.5,0.4,233,0.6629999591775692,0.0003855352732438089,,,,,,
daily_curve,1.5,55.0,15,0.5,0.4,234,0.6535341333663217,0.00033045267891129715,,,,,,
daily_curve,1.5,55.0,15,0.5,0.4,235,0.6439905290310308,0.00028260564403892463,,,,,,
daily_curve,1.5,55.0,15,0.5,0.4,236,0.6343765446913388,0.00024114769664029811,,,,,,
daily_curve,1.5,55.0,15,0.5,0.4,237,0.6246995388982539,0.0002053148246996539,,,,,,
daily_curve,1.5,55.0,15,0.5,0.4,238,0.6149668211756522,0.00017442005142653816,,,,,,
daily_curve,1.5,55.0,15,0.5,0.4,239,0.6051856431788643,0.00014784793761113413,,,,,,
daily_curve,1.5,55.0,15,0.5,0.4,240,0.595363190084437,0.00012504910371646805,,,,,,
daily_curve,1.5,55.0,15,0.5,0.4,241,0.5855065722244068,0.00010553484846353989,,,,,,
daily_curve,1.5,55.0,15,0.5,0.4,242,0.5756228169776462,8.88719259787285e-05,,,,,,
daily_curve,1.5,55.0,15,0.5,0.4,243,0.5657188609300674,7.467753023082668e-05,,,,,,
daily_curve,1.5,55.0,15,0.5,0.4,244,0.5558015423146407,6.26145235235187e-05,,,,,,
daily_curve,1.5,55.0,15,0.5,0.4,245,0.54587759374137,5.238693527120919e-05,,,,,,
daily_curve,1.5,55.0,15,0.5,0.4,246,0.5359536352265295,4.373574812832626e-05,,,,,,
daily_curve,1.5,55.0,15,0.5,0.4,247,0.5260361675296127,3.643498072181117e-05,,,,,,
daily_curve,1.5,55.0,15,0.5,0.4,248,0.5161315658055985,3.028806966609565e-05,,,,,,
daily_curve,1.5,55.0,15,0.5,0.4,249,0.5062460735792662,2.512454813119458e-05,,,,,,
daily_curve,1.5,55.0,15,0.5,0.4,250,0.49638579704744795,2.0797013882356552e-05,,,,,,
daily_curve,1.5,55.0,15,0.5,0.4,251,0.4865566997142246,1.717837630266228e-05,,,,,,
daily_curve,1.5,55.0,15,0.5,0.4,252,0.47676459736323495,1.4159369340238648e-05,,,,,,
daily_curve,1.5,55.0,15,0.5,0.4,253,0.4670151533703945,1.1646315481894653e-05,,,,,,
daily_curve,1.5,55.0,15,0.5,0.4,254,0.4573138743594947,9.559124637736893e-06,,,,,,
daily_curve,1.5,55.0,15,0.5,0.4,255,0.4476661062023029,7.829511135759581e-06,,,,,,
daily_curve,1.5,55.0,15,0.5,0.4,256,0.4380770303639745,6.399411775048769e-06,,,,,,
daily_curve,1.5,55.0,15,0.5,0.4,257,0.42855166059377164,5.219587993821051e-06,,,,,,
daily_curve,1.5,55.0,15,0.5,0.4,258,0.4190948399603008,4.248395600092714e-06,,,,,,
daily_curve,1.5,55.0,15,0.5,0.4,259,0.40971123822970174,3.450706123175884e-06,,,,,,
daily_curve,1.5,55.0,15,0.5,0.4,260,0.4004053495844789,2.7969646146930316e-06,,,,,,
daily_curve,1.5,55.0,15,0.5,0.4,261,0.3911814906799265,2.2623696203094568e-06,,,,,,
daily_curve,1.5,55.0,15,0.5,0.4,262,0.38204379903440705,1.8261619958437336e-06,,,,,,
daily_curve,1.5,55.0,15,0.5,0.4,263,0.37299623174904933,1.471010251608007e-06,,,,,,
daily_curve,1.5,55.0,15,0.5,0.4,264,0.3640425645517947,1.1824811112504108e-06,,,,,,
daily_curve,1.5,55.0,15,0.5,0.4,265,0.3551863911600844,9.485849804535817e-07,,,,,,
daily_curve,1.5,55.0,15,0.5,0.4,266,0.3464311229558948,7.593869891797667e-07,,,,,,
daily_curve,1.5,55.0,15,0.5,0.4,267,0.33777998896625966,6.066752074040949e-07,,,,,,
daily_curve,1.5,55.0,15,0.5,0.4,268,0.3292360361418853,4.836785146844491e-07,,,,,,
daily_curve,1.5,55.0,15,0.5,0.4,269,0.3208021299259706,3.848274314766087e-07,,,,,,
daily_curve,1.5,55.0,15,0.5,0.4,270,0.31248095510486673,3.055519831596243e-07,,,,,,
daily_curve,1.5,55.0,15,0.5,0.4,271,0.30427501693178904,2.4211137383822745e-07,,,,,,
daily_curve,1.5,55.0,15,0.5,0.4,272,0.29618664251438354,1.9145088603345073e-07,,,,,,
daily_curve,1.5,55.0,15,0.5,0.4,273,0.28821798245659386,1.5108200424052143e-07,,,,,,
daily_curve,1.5,55.0,15,0.5,0.4,274,0.28037101274493487,1.1898228124973542e-07,,,,,,
daily_curve,1.5,55.0,15,0.5,0.4,275,0.2726475368689911,9.3511933307866e-08,,,,,,
daily_curve,1.5,55.0,15,0.5,0.4,276,0.2650491881656885,7.33445638667618e-08,,,,,,
daily_curve,1.5,55.0,15,0.5,0.4,277,0.257577432376666,5.7409782261430564e-08,,,,,,
daily_curve,1.5,55.0,15,0.5,0.4,278,0.25023357040787464,4.4845806512761044e-08,,,,,,
daily_curve,1.5,55.0,15,0.5,0.4,279,0.24301874128037693,3.4960417449880765e-08,,,,,,
daily_curve,1.5,55.0,15,0.5,0.4,280,0.23593392526118673,2.719888136937243e-08,,,,,,
daily_curve,1.5,55.0,15,0.5,0.4,281,0.22897994716290132,2.1117667281522756e-08,,,,,,
daily_curve,1.5,55.0,15,0.5,0.4,282,0.2221574798008093,1.6362968091598873e-08,,,,,,
daily_curve,1.5,55.0,15,0.5,0.4,283,0.21546704759613217,1.265319515830754e-08,,,,,,
daily_curve,1.5,55.0,15,0.5,0.4,284,0.20890903031405386,9.764747899154713e-09,,,,,,
daily_curve,1.5,55.0,15,0.5,0.4,285,0.20248366692522107,7.52047490948371e-09,,,,,,
daily_curve,1.5,55.0,15,0.5,0.4,286,0.19619105957945798,5.7803423159086265e-09,,,,,,
daily_curve,1.5,55.0,15,0.5,0.4,287,0.19003117768052016,4.433906686251987e-09,,,,,,
daily_curve,1.5,55.0,15,0.5,0.4,288,0.18400386205082805,3.3942582078339e-09,,,,,,
daily_curve,1.5,55.0,15,0.5,0.4,289,0.17810882917525317,2.593158909824922e-09,,,,,,
daily_curve,1.5,55.0,15,0.5,0.4,290,0.17234567551319677,1.9771511095001415e-09,,,,,,
daily_curve,1.5,55.0,15,0.5,0.4,291,0.16671388186837796,1.5044495649263467e-09,,,,,,
daily_curve,1.5,55.0,15,0.5,0.4,292,0.1612128178059622,1.1424652335279006e-09,,,,,,
daily_curve,1.5,55.0,15,0.5,0.4,293,0.15584174610687865,8.658376238201981e-10,,,,,,
daily_curve,1.5,55.0,15,0.5,0.4,294,0.1505998272494287,6.548750430823702e-10,,,,,,
daily_curve,1.5,55.0,15,0.5,0.4,295,0.1454861239085429,4.943214726438327e-10,,,,,,
daily_curve,1.5,55.0,15,0.5,0.4,296,0.1404996054633304,3.7238312433629517e-10,,,,,,
daily_curve,1.5,55.0,15,0.5,0.4,297,0.13563915250385247,2.799629417182814e-10,,,,,,
daily_curve,1.5,55.0,15,0.5,0.4,298,0.1309035613283662,2.2304802449468752e-10,,,,,,
daily_curve,1.5,55.0,15,0.5,0.4,299,0.12629154842259918,1.8831458614698704e-10,,,,,,
daily_curve,1.5,55.0,15,0.5,0.4,300,0.12180175491295142,1.5867185343410029e-10,,,,,,
daily_curve,1.5,55.0,15,0.5,0.4,301,0.11743275098585933,1.3342760230017348e-10,,,,,,
daily_curve,1.5,55.0,15,0.5,0.4,302,0.11318304026590685,1.119749848399465e-10,,,,,,
daily_curve,1.5,55.0,15,0.5,0.4,303,0.10905106414562371,9.378320342534607e-11,,,,,,
daily_curve,1.5,55.0,15,0.5,0.4,304,0.10503520606027544,7.838951709970843e-11,,,,,,
daily_curve,1.5,55.0,15,0.5,0.4,305,0.10113379570131059,6.539113694969956e-11,,,,,,
daily_curve,1.5,55.0,15,0.5,0.4,306,0.09734511316250673,5.4438675789469926e-11,,,,,,
daily_curve,1.5,55.0,15,0.5,0.4,307,0.09366739301322281,4.522959784480918e-11,,,,,,
daily_curve,1.5,55.0,15,0.5,0.4,308,0.09009882829354023,3.75030007049304e-11,,,,,,
daily_curve,1.5,55.0,15,0.5,0.4,309,0.08663757442644546,3.103373114043961e-11,,,,,,
daily_curve,1.5,55.0,15,0.5,0.4,310,0.08328175304257983,2.5628832389656964e-11,,,,,,
daily_curve,1.5,55.0,15,0.5,0.4,311,0.08002945571344766,2.1122548155005916e-11,,,,,,
daily_curve,1.5,55.0,15,0.5,0.4,312,0.07687874758934034,1.737365806775415e-11,,,,,,
daily_curve,1.5,55.0,15,0.5,0.4,313,0.07382767093859335,1.514810499259056e-11,,,,,,
daily_curve,1.5,55.0,15,0.5,0.4,314,0.07087424858515022,1.4000689496640462e-11,,,,,,
daily_curve,1.5,55.0,15,0.5,0.4,315,0.0680164872417547,1.2914003200137358e-11,,,,,,
daily_curve,1.5,55.0,15,0.5,0.4,316,0.06525238073643598,1.1887602013871401e-11,,,,,,
daily_curve,1.5,55.0,15,0.5,0.4,317,0.06257991313028625,1.0920708781725352e-11,,,,,,
daily_curve,1.5,55.0,15,0.5,0.4,318,0.059997061724857324,1.0012102258372124e-11,,,,,,
daily_curve,1.5,55.0,15,0.5,0.4,319,0.05750179995781997,9.160561198484629e-12,,,,,,
daily_curve,1.5,55.0,15,0.5,0.4,320,0.055092100185838405,8.36442026752593e-12,,,,,,
daily_curve,1.5,55.0,15,0.5,0.4,321,0.05276593635391179,7.622014130959087e-12,,,,,,
daily_curve,1.5,55.0,15,0.5,0.4,322,0.05052128655072036,6.931344387339777e-12,,,,,,
daily_curve,1.5,55.0,15,0.5,0.4,323,0.04835613544979464,6.290523657526137e-12,,,,,,
daily_curve,1.5,55.0,15,0.5,0.4,324,0.04626847663658934,5.697220473166453e-12,,,,,,
daily_curve,1.5,55.0,15,0.5,0.4,325,0.044256314821800126,5.149436432816401e-12,,,,,,
daily_curve,1.5,55.0,15,0.5,0.4,326,0.04231766794150313,4.6448400681242674e-12,,,,,,
daily_curve,1.5,55.0,15,0.5,0.4,327,0.040450569144930205,4.181210933040802e-12,,,,,,
daily_curve,1.5,55.0,15,0.5,0.4,328,0.03865306867090965,3.9895864389905e-12,,,,,,
daily_curve,1.5,55.0,15,0.5,0.4,329,0.036923235614211035,4.0353276276050565e-12,,,,,,
daily_curve,1.5,55.0,15,0.5,0.4,330,0.03525915958322559,4.073297255047237e-12,,,,,,
daily_curve,1.5,55.0,15,0.5,0.4,331,0.03365895225059785,4.103051232107191e-12,,,,,,
daily_curve,1.5,55.0,15,0.5,0.4,332,0.03212074879859244,4.1247005810873816e-12,,,,,,
daily_curve,1.5,55.0,15,0.5,0.4,333,0.030642709261139395,4.1378012127779584e-12,,,,,,
daily_curve,1.5,55.0,15,0.5,0.4,334,0.029223019764645405,4.142575171783847e-12,,,,,,
daily_curve,1.5,55.0,15,0.5,0.4,335,0.027859893669793863,4.1386893911976586e-12,,,,,,
daily_curve,1.5,55.0,15,0.5,0.4,336,0.026551572616677087,4.126365915624319e-12,,,,,,
daily_curve,1.5,55.0,15,0.5,0.4,337,0.025296327475714947,4.105493722761366e-12,,,,,,
daily_curve,1.5,55.0,15,0.5,0.4,338,0.024092459206912522,4.076405879516187e-12,,,,,,
daily_curve,1.5,55.0,15,0.5,0.4,339,0.02293829963009751,4.039102385888782e-12,,,,,,
daily_curve,1.5,55.0,15,0.5,0.4,340,0.021832212108854054,3.993916308786538e-12,,,,,,
daily_curve,1.5,55.0,15,0.5,0.4,341,0.020772592150936218,3.940958670511918e-12,,,,,,
daily_curve,1.5,55.0,15,0.5,0.4,342,0.019757867927999866,3.880673560274772e-12,,,,,,
daily_curve,1.5,55.0,15,0.5,0.4,343,0.01878650071753696,4.050537683042421e-12,,,,,,
daily_curve,1.5,55.0,15,0.5,0.4,344,0.01785698526993327,4.481415238899444e-12,,,,,,
daily_curve,1.5,55.0,15,0.5,0.4,345,0.016967850103596284,4.947819931544473e-12,,,,,,
daily_curve,1.5,55.0,15,0.5,0.4,346,0.016117657731118697,5.451306073211981e-12,,,,,,
daily_curve,1.5,55.0,15,0.5,0.4,347,0.015305004819451542,5.9935389984389076e-12,,,,,,
daily_curve,1.5,55.0,15,0.5,0.4,348,0.014528522287063046,6.575961997157265e-12,,,,,,
daily_curve,1.5,55.0,15,0.5,0.4,349,0.01378687534105197,7.19979631469414e-12,,,,,,
daily_curve,1.5,55.0,15,0.5,0.4,350,0.013078763457170997,7.866374218679084e-12,,,,,,
daily_curve,1.5,55.0,15,0.5,0.4,351,0.01240292030569442,8.576583887531797e-12,,,,,,
daily_curve,1.5,55.0,15,0.5,0.4,352,0.011758113626037634,9.331313499671978e-12,,,,,,
daily_curve,1.5,55.0,15,0.5,0.4,353,0.011143145053002247,1.0131118166611941e-11,,,,,,
daily_curve,1.5,55.0,15,0.5,0.4,354,0.010556849897481747,1.0976330955259073e-11,,,,,,
daily_curve,1.5,55.0,15,0.5,0.4,355,0.009998096884418075,1.1866951865613373e-11,,,,,,
daily_curve,1.5,55.0,15,0.5,0.4,356,0.009465787850750758,1.2802758853069918e-11,,,,,,
daily_curve,1.5,55.0,15,0.5,0.4,357,0.008958857406045984,1.3783196806116393e-11,,,,,,
daily_curve,1.5,55.0,15,0.5,0.4,358,0.008476272558435667,1.5728085500654743e-11,,,,,,
daily_curve,1.5,55.0,15,0.5,0.4,359,0.008017032308434842,1.9023227437742207e-11,,,,,,
daily_curve,1.5,55.0,15,0.5,0.4,360,0.0075801672131408345,2.295996726076055e-11,,,,,,
daily_curve,1.5,55.0,15,0.5,0.4,361,0.007164738923250279,2.76525469189437e-11,,,,,,
daily_curve,1.5,55.0,15,0.5,0.4,362,0.006769839695259022,3.3233416019129436e-11,,,,,,
daily_curve,1.5,55.0,15,0.5,0.4,363,0.006394591881137952,3.985556329411111e-11,,,,,,
daily_curve,1.5,55.0,15,0.5,0.4,364,0.006038147397702506,4.7695625227106575e-11,,,,,,
daily_curve,1.5,55.0,15,0.5,0.4,365,0.005699687177818054,5.695610649780747e-11,,,,,,
daily_curve,1.5,55.0,15,0.5,0.5,1,0.004482017171254453,2.329758608254906e-11,,,,,,
daily_curve,1.5,55.0,15,0.5,0.5,2,0.004227987447443256,2.7727375950803435e-11,,,,,,
daily_curve,1.5,55.0,15,0.5,0.5,3,0.003987037257663261,3.2929770021894456e-11,,,,,,
daily_curve,1.5,55.0,15,0.5,0.5,4,0.0037585759489412113,3.902544953859888e-11,,,,,,
daily_curve,1.5,55.0,15,0.5,0.5,5,0.0035420345925567735,4.615174908906283e-11,,,,,,
daily_curve,1.5,55.0,15,0.5,0.5,6,0.0033368654697117205,5.446354478522153e-11,,,,,,
daily_curve,1.5,55.0,15,0.5,0.5,7,0.003142541552716445,6.413602982036082e-11,,,,,,
daily_curve,1.5,55.0,15,0.5,0.5,8,0.003142541552716445,8.005285323520184e-11,,,,,,
daily_curve,1.5,55.0,15,0.5,0.5,9,0.0033368654697117205,1.059082821441848e-10,,,,,,
daily_curve,1.5,55.0,15,0.5,0.5,10,0.0035420345925567735,1.398168247845888e-10,,,,,,
daily_curve,1.5,55.0,15,0.5,0.5,11,0.0037585759489412113,1.8418921943208488e-10,,,,,,
daily_curve,1.5,55.0,15,0.5,0.5,12,0.003987037257663261,2.4212776228438315e-10,,,,,,
daily_curve,1.5,55.0,15,0.5,0.5,13,0.004227987447443256,3.1761382413009187e-10,,,,,,
daily_curve,1.5,55.0,15,0.5,0.5,14,0.004482017171254453,4.1574643727670946e-10,,,,,,
daily_curve,1.5,55.0,15,0.5,0.5,15,0.0047497393148483785,5.430395022543166e-10,,,,,,
daily_curve,1.5,55.0,15,0.5,0.5,16,0.005031789498085422,7.077953778633628e-10,,,,,,
daily_curve,1.5,55.0,15,0.5,0.5,17,0.00532882656761496,9.205702866665888e-10,,,,,,
daily_curve,1.5,55.0,15,0.5,0.5,18,0.005641533079382519,1.1947550726532086e-09,,,,,,
daily_curve,1.5,55.0,15,0.5,0.5,19,0.005970615769375232,1.5472950698480759e-09,,,,,,
daily_curve,1.5,55.0,15,0.5,0.5,20,0.0063168060109506955,1.9995834987796e-09,,,,,,
daily_curve,1.5,55.0,15,0.5,0.5,21,0.0066808602570290355,2.5785633628316873e-09,,,,,,
daily_curve,1.5,55.0,15,0.5,0.5,22,0.007063560465363057,3.3180869163373927e-09,,,,,,
daily_curve,1.5,55.0,15,0.5,0.5,23,0.00746571450503832,4.260585217963353e-09,,,,,,
daily_curve,1.5,55.0,15,0.5,0.5,24,0.007888156542292298,5.45911427174417e-09,,,,,,
daily_curve,1.5,55.0,15,0.5,0.5,25,0.008331747403681729,6.979856359556891e-09,,,,,,
daily_curve,1.5,55.0,15,0.5,0.5,26,0.008797374914568123,8.905168047412815e-09,,,,,,
daily_curve,1.5,55.0,15,0.5,0.5,27,0.009285954210835206,1.1337285998891389e-08,,,,,,
daily_curve,1.5,55.0,15,0.5,0.5,28,0.009798428021698028,1.4402818493408631e-08,,,,,,
daily_curve,1.5,55.0,15,0.5,0.5,29,0.010335766921412018,1.8258175638052876e-08,,,,,,
daily_curve,1.5,55.0,15,0.5,0.5,30,0.010898969547642499,2.3096114132314938e-08,,,,,,
daily_curve,1.5,55.0,15,0.5,0.5,31,0.011489062784209976,2.9153606084797445e-08,,,,,,
daily_curve,1.5,55.0,15,0.5,0.5,32,0.012107101905885872,3.6721270912920545e-08,,,,,,
daily_curve,1.5,55.0,15,0.5,0.5,33,0.012754170682876285,4.615464976875927e-08,,,,,,
daily_curve,1.5,55.0,15,0.5,0.5,34,0.013431381442598915,5.78876433454667e-08,,,,,,
daily_curve,1.5,55.0,15,0.5,0.5,35,0.014139875086330238,7.244848343468391e-08,,,,,,
daily_curve,1.5,55.0,15,0.5,0.5,36,0.014880821058277724,9.047866023070839e-08,,,,,,
daily_curve,1.5,55.0,15,0.5,0.5,37,0.015655417264614134,1.1275528777332511e-07,,,,,,
daily_curve,1.5,55.0,15,0.5,0.5,38,0.01646488993999989,1.402174542031176e-07,,,,,,
daily_curve,1.5,55.0,15,0.5,0.5,39,0.017310493459113514,1.739971756675729e-07,,,,,,
daily_curve,1.5,55.0,15,0.5,0.5,40,0.018193510090711712,2.1545565054292837e-07,,,,,,
daily_curve,1.5,55.0,15,0.5,0.5,41,0.019115249691747927,2.6622559323730144e-07,,,,,,
daily_curve,1.5,55.0,15,0.5,0.5,42,0.02007704933909377,3.282605186560872e-07,,,,,,
daily_curve,1.5,55.0,15,0.5,0.5,43,0.021080272896429122,4.038919442228561e-07,,,,,,
daily_curve,1.5,55.0,15,0.5,0.5,44,0.022126310513897574,4.958955750478111e-07,,,,,,
daily_curve,1.5,55.0,15,0.5,0.5,45,0.023216578058161554,6.075676473038527e-07,,,,,,
daily_curve,1.5,55.0,15,0.5,0.5,46,0.02435251647053784,7.428127116737571e-07,,,,,,
daily_curve,1.5,55.0,15,0.5,0.5,47,0.025535591050949498,9.062442504204071e-07,,,,,,
daily_curve,1.5,55.0,15,0.5,0.5,48,0.0267672906654937,1.1032996340976098e-06,,,,,,
daily_curve,1.5,55.0,15,0.5,0.5,49,0.02804912687549821,1.3403710364956467e-06,,,,,,
daily_curve,1.5,55.0,15,0.5,0.5,50,0.02938263298602133,1.6249540296664478e-06,,,,,,
daily_curve,1.5,55.0,15,0.5,0.5,51,0.030769363011842528,1.965815686233441e-06,,,,,,
daily_curve,1.5,55.0,15,0.5,0.5,52,0.032210890559091376,2.3731841054530634e-06,,,,,,
daily_curve,1.5,55.0,15,0.5,0.5,53,0.033708807620775175,2.858961358653822e-06,,,,,,
daily_curve,1.5,55.0,15,0.5,0.5,54,0.03526472328458594,3.436961911740255e-06,,,,,,
daily_curve,1.5,55.0,15,0.5,0.5,55,0.036880262351500104,4.123178624859669e-06,,,,,,
daily_curve,1.5,55.0,15,0.5,0.5,56,0.03855706386382445,4.93607844154198e-06,,,,,,
daily_curve,1.5,55.0,15,0.5,0.5,57,0.040296779541495534,5.896929868298706e-06,,,,,,
daily_curve,1.5,55.0,15,0.5,0.5,58,0.0421010721256003,7.03016429037806e-06,,,,,,
daily_curve,1.5,55.0,15,0.5,0.5,59,0.043971613628259826,8.363773080333203e-06,,,,,,
daily_curve,1.5,55.0,15,0.5,0.5,60,0.04591008348819867,9.929742313952161e-06,,,,,,
daily_curve,1.5,55.0,15,0.5,0.5,61,0.04791816663151664,1.176452671725059e-05,,,,,,
daily_curve,1.5,55.0,15,0.5,0.5,62,0.049997551437381105,1.3909564217096104e-05,,,,,,
daily_curve,1.5,55.0,15,0.5,0.5,63,0.05214992760857188,1.6411832157392503e-05,,,,,,
daily_curve,1.5,55.0,15,0.5,0.5,64,0.054376983947029986,1.9324445858059924e-05,,,,,,
daily_curve,1.5,55.0,15,0.5,0.5,65,0.056680406034795586,2.270729974340746e-05,,,,,,
daily_curve,1.5,55.0,15,0.5,0.5,66,0.059061873820958524,2.6627750737251432e-05,,,,,,
daily_curve,1.5,55.0,15,0.5,0.5,67,0.06152305911549446,3.116134301461848e-05,,,,,,
daily_curve,1.5,55.0,15,0.5,0.5,68,0.06406562299111696,3.639257251342176e-05,,,,,,
daily_curve,1.5,55.0,15,0.5,0.5,69,0.06669121309453972,4.241568884688629e-05,,,,,,
daily_curve,1.5,55.0,15,0.5,0.5,70,0.06940146086881653,4.933553140995528e-05,,,,,,
daily_curve,1.5,55.0,15,0.5,0.5,71,0.07219797868870455,5.726839556141616e-05,,,,,,
daily_curve,1.5,55.0,15,0.5,0.5,72,0.07508235691128352,6.634292377194484e-05,,,,,,
daily_curve,1.5,55.0,15,0.5,0.5,73,0.07805616084435235,7.670101558532316e-05,,,,,,
daily_curve,1.5,55.0,15,0.5,0.5,74,0.08112092763542228,8.849874913829936e-05,,,,,,
daily_curve,1.5,55.0,15,0.5,0.5,75,0.0842781630844255,0.00010190730584613839,,,,,,
daily_curve,1.5,55.0,15,0.5,0.5,76,0.08752933838356287,0.00011711388869461992,,,,,,
daily_curve,1.5,55.0,15,0.5,0.5,77,0.09087588678801976,0.00013432262340706824,,,,,,
daily_curve,1.5,55.0,15,0.5,0.5,78,0.09431920022158904,0.00015375543058493424,,,,,,
daily_curve,1.5,55.0,15,0.5,0.5,79,0.09786062582154945,0.00017565285579090872,,,,,,
daily_curve,1.5,55.0,15,0.5,0.5,80,0.10150146242745953,0.00020027484345508384,,,,,,
daily_curve,1.5,55.0,15,0.5,0.5,81,0.10524295701883266,0.00022790143948225872,,,,,,
daily_curve,1.5,55.0,15,0.5,0.5,82,0.10908630110697184,0.0002588334065344311,,,,,,
daily_curve,1.5,55.0,15,0.5,0.5,83,0.11303262708654374,0.00029339273518724784,,,,,,
daily_curve,1.5,55.0,15,0.5,0.5,84,0.11708300455277533,0.000331923033540793,,,,,,
daily_curve,1.5,55.0,15,0.5,0.5,85,0.12123843659045241,0.00037478977743088393,,,,,,
daily_curve,1.5,55.0,15,0.5,0.5,86,0.12549985604119057,0.00042238040315856207,,,,,,
daily_curve,1.5,55.0,15,0.5,0.5,87,0.1298681217557322,0.000475104224661127,,,,,,
daily_curve,1.5,55.0,15,0.5,0.5,88,0.13434401483830183,0.000533392157313739,,,,,,
daily_curve,1.5,55.0,15,0.5,0.5,89,0.13892823489031497,0.0005976962310872969,,,,,,
daily_curve,1.5,55.0,15,0.5,0.5,90,0.14362139626099732,0.0006684888766215202,,,,,,
daily_curve,1.5,55.0,15,0.5,0.5,91,0.14842402431271098,0.0007462619689136973,,,,,,
daily_curve,1.5,55.0,15,0.5,0.5,92,0.15333655170902338,0.0008315256147706229,,,,,,
daily_curve,1.5,55.0,15,0.5,0.5,93,0.1583593147337668,0.0009248066719507175,,,,,,
daily_curve,1.5,55.0,15,0.5,0.5,94,0.16349254964954832,0.0010266469899984365,,,,,,
daily_curve,1.5,55.0,15,0.5,0.5,95,0.1687363891043509,0.001137601365175711,,,,,,
daily_curve,1.5,55.0,15,0.5,0.5,96,0.1740908585950449,0.0012582352045668044,,,,,,
daily_curve,1.5,55.0,15,0.5,0.5,97,0.1795558729967768,0.0013891218973947073,,,,,,
daily_curve,1.5,55.0,15,0.5,0.5,98,0.1851312331673411,0.001530839894773095,,,,,,
daily_curve,1.5,55.0,15,0.5,0.5,99,0.1908166226357511,0.0016839695025229195,,,,,,
daily_curve,1.5,55.0,15,0.5,0.5,100,0.1966116043843223,0.0018490893952477494,,,,,,
daily_curve,1.5,55.0,15,0.5,0.5,101,0.20251561773364746,0.0020267728635465776,,,,,,
daily_curve,1.5,55.0,15,0.5,0.5,102,0.20852797533989556,0.0022175838100042533,,,,,,
daily_curve,1.5,55.0,15,0.5,0.5,103,0.21464786031388838,0.002422072513362794,,,,,,
daily_curve,1.5,55.0,15,0.5,0.5,104,0.22087432347140712,0.0026407711840069625,,,,,,
daily_curve,1.5,55.0,15,0.5,0.5,105,0.2272062807241593,0.0028741893375172634,,,,,,
daily_curve,1.5,55.0,15,0.5,0.5,106,0.23364251062077906,0.0031228090164964195,,,,,,
daily_curve,1.5,55.0,15,0.5,0.5,107,0.24018165204716158,0.0033870798941051383,,,,,,
daily_curve,1.5,55.0,15,0.5,0.5,108,0.24682220209531963,0.003667414295683291,,,,,,
daily_curve,1.5,55.0,15,0.5,0.5,109,0.2535625141098242,0.00396418217743344,,,,,,
daily_curve,1.5,55.0,15,0.5,0.5,110,0.2604007959207223,0.0042777061033503205,,,,,,
daily_curve,1.5,55.0,15,0.5,0.5,111,0.2673351082716422,0.004608256263347932,,,,,,
daily_curve,1.5,55.0,15,0.5,0.5,112,0.2743633634515711,0.00495604557682372,,,,,,
daily_curve,1.5,55.0,15,0.5,0.5,113,0.2814833241385497,0.005321224926686963,,,,,,
daily_curve,1.5,55.0,15,0.5,0.5,114,0.2886926024632457,0.005703878569122911,,,,,,
daily_curve,1.5,55.0,15,0.5,0.5,115,0.29598865930007034,0.006104019764080593,,,,,,
daily_curve,1.5,55.0,15,0.5,0.5,116,0.3033688037931622,0.006521586670633073,,,,,,
daily_curve,1.5,55.0,15,0.5,0.5,117,0.3108301931242078,0.006956438549988175,,,,,,
daily_curve,1.5,55.0,15,0.5,0.5,118,0.31836983252867257,0.007408352317040179,,,,,,
daily_curve,1.5,55.0,15,0.5,0.5,119,0.32598457556660543,0.007877019478970682,,,,,,
daily_curve,1.5,55.0,15,0.5,0.5,120,0.3336711246537324,0.008362043496575766,,,,,,
daily_curve,1.5,55.0,15,0.5,0.5,121,0.3414260318580848,0.00886293760075707,,,,,,
daily_curve,1.5,55.0,15,0.5,0.5,122,0.34924569996691734,0.009379123093023134,,,,,,
daily_curve,1.5,55.0,15,0.5,0.5,123,0.35712638382814305,0.00990992815496039,,,,,,
daily_curve,1.5,55.0,15,0.5,0.5,124,0.36506419196997875,0.01045458718752057,,,,,,
daily_curve,1.5,55.0,15,0.5,0.5,125,0.3730550885019191,0.011012240696694708,,,,,,
daily_curve,1.5,55.0,15,0.5,0.5,126,0.38109489529957896,0.011581935737780213,,,,,,
daily_curve,1.5,55.0,15,0.5,0.5,127,0.3891792944753288,0.012162626926057518,,,,,,
daily_curve,1.5,55.0,15,0.5,0.5,128,0.39730383113602913,0.012753178017356426,,,,,,
daily_curve,1.5,55.0,15,0.5,0.5,129,0.40546391642852053,0.013352364057762744,,,,,,
daily_curve,1.5,55.0,15,0.5,0.5,130,0.4136548308728733,0.013958874097663387,,,,,,
daily_curve,1.5,55.0,15,0.5,0.5,131,0.4218717279827219,0.014571314461502283,,,,,,
daily_curve,1.5,55.0,15,0.5,0.5,132,0.4301096381713321,0.01518821256106817,,,,,,
daily_curve,1.5,55.0,15,0.5,0.5,133,0.4383634729413439,0.015808021236901726,,,,,,
daily_curve,1.5,55.0,15,0.5,0.5,134,0.44662802935544127,0.016429123609517315,,,,,,
daily_curve,1.5,55.0,15,0.5,0.5,135,0.45489799478447507,0.017049838419610164,,,,,,
daily_curve,1.5,55.0,15,0.5,0.5,136,0.4631679519288673,0.01766842583427186,,,,,,
daily_curve,1.5,55.0,15,0.5,0.5,137,0.4714323841083895,0.018283093694462793,,,,,,
daily_curve,1.5,55.0,15,0.5,0.5,138,0.47968568081470514,0.0188920041775833,,,,,,
daily_curve,1.5,55.0,15,0.5,0.5,139,0.487922143520339,0.019493280847924455,,,,,,
daily_curve,1.5,55.0,15,0.5,0.5,140,0.49613599173703093,0.020085016067033834,,,,,,
daily_curve,1.5,55.0,15,0.5,0.5,141,0.5043213693157202,0.020665278735561787,,,,,,
daily_curve,1.5,55.0,15,0.5,0.5,142,0.5124723509797101,0.02123212233791627,,,,,,
daily_curve,1.5,55.0,15,0.5,0.5,143,0.5205829490818783,0.02178359326098822,,,,,,
daily_curve,1.5,55.0,15,0.5,0.5,144,0.5286471205761156,0.022317739358260646,,,,,,
daily_curve,1.5,55.0,15,0.5,0.5,145,0.5366587741925257,0.022832618730710297,,,,,,
daily_curve,1.5,55.0,15,0.5,0.5,146,0.5446117778052681,0.023326308695986397,,,,,,
daily_curve,1.5,55.0,15,0.5,0.5,147,0.5524999659813077,0.023796914917324608,,,,,,
daily_curve,1.5,55.0,15,0.5,0.5,148,0.560317147697731,0.024242580663467295,,,,,,
daily_curve,1.5,55.0,15,0.5,0.5,149,0.5680571142147128,0.024661496170417907,,,,,,
daily_curve,1.5,55.0,15,0.5,0.5,150,0.5757136470906641,0.025051908075109264,,,,,,
daily_curve,1.5,55.0,15,0.5,0.5,151,0.5832805263255675,0.025412128889922836,,,,,,
daily_curve,1.5,55.0,15,0.5,0.5,152,0.5907515386180145,0.02574054648541957,,,,,,
daily_curve,1.5,55.0,15,0.5,0.5,153,0.598120485720994,0.026035633546558468,,,,,,
daily_curve,1.5,55.0,15,0.5,0.5,154,0.6053811928810535,0.026295956965060485,,,,,,
daily_curve,1.5,55.0,15,0.5,0.5,155,0.6125275173450629,0.026520187127386685,,,,,,
daily_curve,1.5,55.0,15,0.5,0.5,156,0.6195533569184485,0.026707107054029455,,,,,,
daily_curve,1.5,55.0,15,0.5,0.5,157,0.626452658558454,0.026855621341473568,,,,,,
daily_curve,1.5,55.0,15,0.5,0.5,158,0.6332194269857013,0.02696476485329946,,,,,,
daily_curve,1.5,55.0,15,0.5,0.5,159,0.6398477332970882,0.027033711101525637,,,,,,
daily_curve,1.5,55.0,15,0.5,0.5,160,0.6463317235628673,0.027061780253515133,,,,,,
daily_curve,1.5,55.0,15,0.5,0.5,161,0.6526656273905949,0.02704844669370532,,,,,,
daily_curve,1.5,55.0,15,0.5,0.5,162,0.6588437664385373,0.026993346063224788,,,,,,
daily_curve,1.5,55.0,15,0.5,0.5,163,0.6648605628610551,0.026896281694308022,,,,,,
daily_curve,1.5,55.0,15,0.5,0.5,164,0.6707105476684715,0.026757230350543892,,,,,,
daily_curve,1.5,55.0,15,0.5,0.5,165,0.676388368983962,0.026576347178645654,,,,,,
daily_curve,1.5,55.0,15,0.5,0.5,166,0.6818888001800807,0.026353969772903385,,,,,,
daily_curve,1.5,55.0,15,0.5,0.5,167,0.6872067478776575,0.026090621250106305,,,,,,
daily_curve,1.5,55.0,15,0.5,0.5,168,0.6923372597899768,0.025787012230832018,,,,,,
daily_curve,1.5,55.0,15,0.5,0.5,169,0.697275532395363,0.025444041622976865,,,,,,
daily_curve,1.5,55.0,15,0.5,0.5,170,0.7020169184215611,0.025062796105589702,,,,,,
daily_curve,1.5,55.0,15,0.5,0.5,171,0.7065569341256157,0.024644548215856932,,,,,,
daily_curve,1.5,55.0,15,0.5,0.5,172,0.7108912663533008,0.024190752949763916,,,,,,
daily_curve,1.5,55.0,15,0.5,0.5,173,0.7150157793625589,0.023703042797856178,,,,,,
daily_curve,1.5,55.0,15,0.5,0.5,174,0.7189265213958501,0.0231832211518187,,,,,,
daily_curve,1.5,55.0,15,0.5,0.5,175,0.722619730986801,0.0226332540354508,,,,,,
daily_curve,1.5,55.0,15,0.5,0.5,176,0.7260918429870679,0.02205526013503023,,,,,,
daily_curve,1.5,55.0,15,0.5,0.5,177,0.7293394942999061,0.0214514991289394,,,,,,
daily_curve,1.5,55.0,15,0.5,0.5,178,0.7323595293075384,0.020824358344498917,,,,,,
daily_curve,1.5,55.0,15,0.5,0.5,179,0.7351490049800664,0.020176337800796862,,,,,,
daily_curve,1.5,55.0,15,0.5,0.5,180,0.7377051956543459,0.019510033729323584,,,,,,
daily_curve,1.5,55.0,15,0.5,0.5,181,0.7400255974719683,0.018828120698660578,,,,,,
daily_curve,1.5,55.0,15,0.5,0.5,182,0.7421079324662313,0.01813333250439686,,,,,,
daily_curve,1.5,55.0,15,0.5,0.5,183,0.7439501522887609,0.017428442019812862,,,,,,
daily_curve,1.5,55.0,15,0.5,0.5,184,0.7455504415672524,0.016716240235500335,,,,,,
daily_curve,1.5,55.0,15,0.5,0.5,185,0.7469072208866239,0.015999514745754784,,,,,,
daily_curve,1.5,55.0,15,0.5,0.5,186,0.748019149386731,0.015281027965042604,,,,,,
daily_curve,1.5,55.0,15,0.5,0.5,187,0.7488851269706609,0.014563495377905245,,,,,,
daily_curve,1.5,55.0,15,0.5,0.5,188,0.7495042961185139,0.013849564139240544,,,,,,
daily_curve,1.5,55.0,15,0.5,0.5,189,0.7498760433024886,0.013141792348068115,,,,,,
daily_curve,1.5,55.0,15,0.5,0.5,190,0.75,0.012442629315977283,,,,,,
daily_curve,1.5,55.0,15,0.5,0.5,191,0.7498760433024886,0.011754397141050532,,,,,,
daily_curve,1.5,55.0,15,0.5,0.5,192,0.7495042961185139,0.011079273879099016,,,,,,
daily_curve,1.5,55.0,15,0.5,0.5,193,0.7488851269706609,0.010419278576800806,,,,,,
daily_curve,1.5,55.0,15,0.5,0.5,194,0.748019149386731,0.009776258396413828,,,,,,
daily_curve,1.5,55.0,15,0.5,0.5,195,0.7469072208866239,0.009151878020122406,,,,,,
daily_curve,1.5,55.0,15,0.5,0.5,196,0.7455504415672524,0.008547611475003825,,,,,,
daily_curve,1.5,55.0,15,0.5,0.5,197,0.7439501522887609,0.007964736468599076,,,,,,
daily_curve,1.5,55.0,15,0.5,0.5,198,0.7421079324662313,0.007404331271800402,,,,,,
daily_curve,1.5,55.0,15,0.5,0.5,199,0.7400255974719683,0.006867274132027146,,,,,,
daily_curve,1.5,55.0,15,0.5,0.5,200,0.7377051956543459,0.006354245147216386,,,,,,
daily_curve,1.5,55.0,15,0.5,0.5,201,0.7351490049800664,0.005865730481736997,,,,,,
daily_curve,1.5,55.0,15,0.5,0.5,202,0.7323595293075384,0.005402028760483235,,,,,,
daily_curve,1.5,55.0,15,0.5,0.5,203,0.7293394942999061,0.004963259438445555,,,,,,
daily_curve,1.5,55.0,15,0.5,0.5,204,0.7260918429870679,0.004549372911045846,,,,,,
daily_curve,1.5,55.0,15,0.5,0.5,205,0.722619730986801,0.004160162106157217,,,,,,
daily_curve,1.5,55.0,15,0.5,0.5,206,0.7189265213958501,0.0037952752824275127,,,,,,
daily_curve,1.5,55.0,15,0.5,0.5,207,0.7150157793625589,0.0034542297503075137,,,,,,
daily_curve,1.5,55.0,15,0.5,0.5,208,0.7108912663533008,0.003136426231816314,,,,,,
daily_curve,1.5,55.0,15,0.5,0.5,209,0.7065569341256157,0.0028411635819854952,,,,,,
daily_curve,1.5,55.0,15,0.5,0.5,210,0.7020169184215611,0.0025676536083731882,,,,,,
daily_curve,1.5,55.0,15,0.5,0.5,211,0.697275532395363,0.002315035744033467,,,,,,
daily_curve,1.5,55.0,15,0.5,0.5,212,0.6923372597899768,0.002082391352840607,,,,,,
daily_curve,1.5,55.0,15,0.5,0.5,213,0.6872067478776575,0.001868757472934024,,,,,,
daily_curve,1.5,55.0,15,0.5,0.5,214,0.6818888001800807,0.0016731398331554237,,,,,,
daily_curve,1.5,55.0,15,0.5,0.5,215,0.676388368983962,0.0014945250075989458,,,,,,
daily_curve,1.5,55.0,15,0.5,0.5,216,0.6707105476684715,0.0013318916037684536,,,,,,
daily_curve,1.5,55.0,15,0.5,0.5,217,0.6648605628610551,0.0011842204094533182,,,,,,
daily_curve,1.5,55.0,15,0.5,0.5,218,0.6588437664385373,0.001050503451529461,,,,,,
daily_curve,1.5,55.0,15,0.5,0.5,219,0.6526656273905949,0.0009297519458580927,,,,,,
daily_curve,1.5,55.0,15,0.5,0.5,220,0.6463317235628673,0.0008210031408247831,,,,,,
daily_curve,1.5,55.0,15,0.5,0.5,221,0.6398477332970882,0.0007233260775394434,,,,,,
daily_curve,1.5,55.0,15,0.5,0.5,222,0.6332194269857013,0.0006358263071053472,,,,,,
daily_curve,1.5,55.0,15,0.5,0.5,223,0.626452658558454,0.0005576496196316727,,,,,,
daily_curve,1.5,55.0,15,0.5,0.5,224,0.6195533569184485,0.00048798485084955434,,,,,,
daily_curve,1.5,55.0,15,0.5,0.5,225,0.6125275173450629,0.0004260658404365847,,,,,,
daily_curve,1.5,55.0,15,0.5,0.5,226,0.6053811928810535,0.00037117262167984943,,,,,,
daily_curve,1.5,55.0,15,0.5,0.5,227,0.598120485720994,0.00032263192514814243,,,,,,
daily_curve,1.5,55.0,15,0.5,0.5,228,0.5907515386180145,0.0002798170799142019,,,,,,
daily_curve,1.5,55.0,15,0.5,0.5,229,0.5832805263255675,0.00024214739485672876,,,,,,
daily_curve,1.5,55.0,15,0.5,0.5,230,0.5757136470906641,0.0002090870999976735,,,,,,
daily_curve,1.5,55.0,15,0.5,0.5,231,0.5680571142147128,0.00018014392399667845,,,,,,
daily_curve,1.5,55.0,15,0.5,0.5,232,0.560317147697731,0.00015486737912051574,,,,,,
daily_curve,1.5,55.0,15,0.5,0.5,233,0.5524999659813077,0.00013284681949354837,,,,,,
daily_curve,1.5,55.0,15,0.5,0.5,234,0.5446117778052681,0.00011370933246268589,,,,,,
daily_curve,1.5,55.0,15,0.5,0.5,235,0.5366587741925257,9.711751668750601e-05,,,,,,
daily_curve,1.5,55.0,15,0.5,0.5,236,0.5286471205761156,8.276719426758561e-05,,,,,,
daily_curve,1.5,55.0,15,0.5,0.5,237,0.5205829490818783,7.038509801504667e-05,,,,,,
daily_curve,1.5,55.0,15,0.5,0.5,238,0.5124723509797101,5.9726568973461625e-05,,,,,,
daily_curve,1.5,55.0,15,0.5,0.5,239,0.5043213693157202,5.0573293588818125e-05,,,,,,
daily_curve,1.5,55.0,15,0.5,0.5,240,0.49613599173703093,4.273110461716634e-05,,,,,,
daily_curve,1.5,55.0,15,0.5,0.5,241,0.487922143520339,3.602786496104127e-05,,,,,,
daily_curve,1.5,55.0,15,0.5,0.5,242,0.47968568081470514,3.03114491935208e-05,,,,,,
daily_curve,1.5,55.0,15,0.5,0.5,243,0.4714323841083895,2.5447833565617195e-05,,,,,,
daily_curve,1.5,55.0,15,0.5,0.5,244,0.4631679519288673,2.1319301806044244e-05,,,,,,
daily_curve,1.5,55.0,15,0.5,0.5,245,0.45489799478447507,1.7822771000486348e-05,,,,,,
daily_curve,1.5,55.0,15,0.5,0.5,246,0.44662802935544127,1.4868239251786264e-05,,,,,,
daily_curve,1.5,55.0,15,0.5,0.5,247,0.4383634729413439,1.2377354665638052e-05,,,,,,
daily_curve,1.5,55.0,15,0.5,0.5,248,0.4301096381713321,1.0282103424685829e-05,,,,,,
daily_curve,1.5,55.0,15,0.5,0.5,249,0.4218717279827219,8.523613294952881e-06,,,,,,
daily_curve,1.5,55.0,15,0.5,0.5,250,0.4136548308728733,7.0510678006341365e-06,,,,,,
daily_curve,1.5,55.0,15,0.5,0.5,251,0.40546391642852053,5.820725479277478e-06,,,,,,
daily_curve,1.5,55.0,15,0.5,0.5,252,0.39730383113602913,4.79503805095316e-06,,,,,,
daily_curve,1.5,55.0,15,0.5,0.5,253,0.3891792944753288,3.9418609709684915e-06,,,,,,
daily_curve,1.5,55.0,15,0.5,0.5,254,0.38109489529957896,3.23374964483758e-06,,,,,,
daily_curve,1.5,55.0,15,0.5,0.5,255,0.3730550885019191,2.6473345496880185e-06,,,,,,
daily_curve,1.5,55.0,15,0.5,0.5,256,0.36506419196997875,2.162768591662534e-06,,,,,,
daily_curve,1.5,55.0,15,0.5,0.5,257,0.35712638382814305,1.7632402070644204e-06,,,,,,
daily_curve,1.5,55.0,15,0.5,0.5,258,0.34924569996691734,1.4345459771192282e-06,,,,,,
daily_curve,1.5,55.0,15,0.5,0.5,259,0.3414260318580848,1.1647168335349178e-06,,,,,,
daily_curve,1.5,55.0,15,0.5,0.5,260,0.3336711246537324,9.436922880912135e-07,,,,,,
daily_curve,1.5,55.0,15,0.5,0.5,261,0.32598457556660543,7.630374936340445e-07,,,,,,
daily_curve,1.5,55.0,15,0.5,0.5,262,0.31836983252867257,6.156983338723165e-07,,,,,,
daily_curve,1.5,55.0,15,0.5,0.5,263,0.3108301931242078,4.957901305058243e-07,,,,,,
daily_curve,1.5,55.0,15,0.5,0.5,264,0.3033688037931622,3.9841594556833115e-07,,,,,,
daily_curve,1.5,55.0,15,0.5,0.5,265,0.29598865930007034,3.1951082990477886e-07,,,,,,
daily_curve,1.5,55.0,15,0.5,0.5,266,0.2886926024632457,2.557087332988317e-07,,,,,,
daily_curve,1.5,55.0,15,0.5,0.5,267,0.2814833241385497,2.0422912661022252e-07,,,,,,
daily_curve,1.5,55.0,15,0.5,0.5,268,0.2743633634515711,1.627807123538716e-07,,,,,,
daily_curve,1.5,55.0,15,0.5,0.5,269,0.2673351082716422,1.29479891697315e-07,,,,,,
daily_curve,1.5,55.0,15,0.5,0.5,270,0.2604007959207223,1.0278193052215556e-07,,,,,,
daily_curve,1.5,55.0,15,0.5,0.5,271,0.2535625141098242,8.142301644031846e-08,,,,,,
daily_curve,1.5,55.0,15,0.5,0.5,272,0.24682220209531963,6.437162336503377e-08,,,,,,
daily_curve,1.5,55.0,15,0.5,0.5,273,0.24018165204716158,5.078780573875008e-08,,,,,,
daily_curve,1.5,55.0,15,0.5,0.5,274,0.23364251062077906,3.998922437631336e-08,,,,,,
daily_curve,1.5,55.0,15,0.5,0.5,275,0.2272062807241593,3.1422870416797366e-08,,,,,,
daily_curve,1.5,55.0,15,0.5,0.5,276,0.22087432347140712,2.4641596874097615e-08,,,,,,
daily_curve,1.5,55.0,15,0.5,0.5,277,0.21464786031388838,1.9284692176491092e-08,,,,,,
daily_curve,1.5,55.0,15,0.5,0.5,278,0.20852797533989556,1.506184488242468e-08,,,,,,
daily_curve,1.5,55.0,15,0.5,0.5,279,0.20251561773364746,1.173994124137323e-08,,,,,,
daily_curve,1.5,55.0,15,0.5,0.5,280,0.1966116043843223,9.132225975427843e-09,,,,,,
daily_curve,1.5,55.0,15,0.5,0.5,281,0.1908166226357511,7.089424935990962e-09,,,,,,
daily_curve,1.5,55.0,15,0.5,0.5,282,0.1851312331673411,5.492494348224852e-09,,,,,,
daily_curve,1.5,55.0,15,0.5,0.5,283,0.1795558729967768,4.2467148686498035e-09,,,,,,
daily_curve,1.5,55.0,15,0.5,0.5,284,0.1740908585950449,3.276891313852559e-09,,,,,,
daily_curve,1.5,55.0,15,0.5,0.5,285,0.1687363891043509,2.523463327186448e-09,,,,,,
daily_curve,1.5,55.0,15,0.5,0.5,286,0.16349254964954832,1.9393604500095307e-09,,,,,,
daily_curve,1.5,55.0,15,0.5,0.5,287,0.1583593147337668,1.4874663722963533e-09,,,,,,
daily_curve,1.5,55.0,15,0.5,0.5,288,0.15333655170902338,1.138579563964015e-09,,,,,,
daily_curve,1.5,55.0,15,0.5,0.5,289,0.14842402431271098,8.697765840892657e-10,,,,,,
daily_curve,1.5,55.0,15,0.5,0.5,290,0.14362139626099732,6.631024618286574e-10,,,,,,
daily_curve,1.5,55.0,15,0.5,0.5,291,0.13892823489031497,5.045248663293478e-10,,,,,,
daily_curve,1.5,55.0,15,0.5,0.5,292,0.13434401483830183,3.831015504829338e-10,,,,,,
daily_curve,1.5,55.0,15,0.5,0.5,293,0.1298681217557322,2.9031876902507747e-10,,,,,,
daily_curve,1.5,55.0,15,0.5,0.5,294,0.12549985604119057,2.1956680917867288e-10,,,,,,
daily_curve,1.5,55.0,15,0.5,0.5,295,0.12123843659045241,1.6572532235414883e-10,,,,,,
daily_curve,1.5,55.0,15,0.5,0.5,296,0.11708300455277533,1.2483669653562401e-10,,,,,,
daily_curve,1.5,55.0,15,0.5,0.5,297,0.11303262708654374,9.384837351689157e-11,,,,,,
daily_curve,1.5,55.0,15,0.5,0.5,298,0.10908630110697184,7.476941288331318e-11,,,,,,
daily_curve,1.5,55.0,15,0.5,0.5,299,0.10524295701883266,6.312983469314304e-11,,,,,,
daily_curve,1.5,55.0,15,0.5,0.5,300,0.10150146242745953,5.319578111340206e-11,,,,,,
daily_curve,1.5,55.0,15,0.5,0.5,301,0.09786062582154945,4.473532655424606e-11,,,,,,
daily_curve,1.5,55.0,15,0.5,0.5,302,0.09431920022158904,3.754530020216862e-11,,,,,,
daily_curve,1.5,55.0,15,0.5,0.5,303,0.09087588678801976,3.1447844328624797e-11,,,,,,
daily_curve,1.5,55.0,15,0.5,0.5,304,0.08752933838356287,2.6287860777074457e-11,,,,,,
daily_curve,1.5,55.0,15,0.5,0.5,305,0.0842781630844255,2.1930568472328105e-11,,,,,,
daily_curve,1.5,55.0,15,0.5,0.5,306,0.08112092763542228,1.825894990759025e-11,,,,,,
daily_curve,1.5,55.0,15,0.5,0.5,307,0.07805616084435235,1.5171530698410152e-11,,,,,,
daily_curve,1.5,55.0,15,0.5,0.5,308,0.07508235691128352,1.2580825270447349e-11,,,,,,
daily_curve,1.5,55.0,15,0.5,0.5,309,0.07219797868870455,1.0411671524934718e-11,,,,,,
daily_curve,1.5,55.0,15,0.5,0.5,310,0.06940146086881653,8.59923243723415e-12,,,,,,
daily_curve,1.5,55.0,15,0.5,0.5,311,0.06669121309453972,7.087996856114387e-12,,,,,,
daily_curve,1.5,55.0,15,0.5,0.5,312,0.06406562299111696,5.830669280726397e-12,,,,,,
daily_curve,1.5,55.0,15,0.5,0.5,313,0.06152305911549446,5.084377363573367e-12,,,,,,
daily_curve,1.5,55.0,15,0.5,0.5,314,0.059061873820958524,4.699796107843213e-12,,,,,,
daily_curve,1.5,55.0,15,0.5,0.5,315,0.056680406034795586,4.335642955766161e-12,,,,,,
daily_curve,1.5,55.0,15,0.5,0.5,316,0.054376983947029986,3.991584840434825e-12,,,,,,
daily_curve,1.5,55.0,15,0.5,0.5,317,0.05214992760857188,3.66739971724428e-12,,,,,,
daily_curve,1.5,55.0,15,0.5,0.5,318,0.049997551437381105,3.362865541589599e-12,,,,,,
daily_curve,1.5,55.0,15,0.5,0.5,319,0.04791816663151664,3.077316179656009e-12,,,,,,
daily_curve,1.5,55.0,15,0.5,0.5,320,0.04591008348819867,2.8103075422336588e-12,,,,,,
daily_curve,1.5,55.0,15,0.5,0.5,321,0.043971613628259826,2.561284517810236e-12,,,,,,
daily_curve,1.5,55.0,15,0.5,0.5,322,0.0421010721256003,2.3296919948734285e-12,,,,,,
daily_curve,1.5,55.0,15,0.5,0.5,323,0.040296779541495534,2.1146417950035357e-12,,,,,,
daily_curve,1.5,55.0,15,0.5,0.5,324,0.03855706386382445,1.915578806688245e-12,,,,,,
daily_curve,1.5,55.0,15,0.5,0.5,325,0.036880262351500104,1.7317258738103192e-12,,,,,,
daily_curve,1.5,55.0,15,0.5,0.5,326,0.03526472328458594,1.5624168625549828e-12,,,,,,
daily_curve,1.5,55.0,15,0.5,0.5,327,0.033708807620775175,1.4067635945025359e-12,,,,,,
daily_curve,1.5,55.0,15,0.5,0.5,328,0.032210890559091376,1.3425927036792018e-12,,,,,,
daily_curve,1.5,55.0,15,0.5,0.5,329,0.030769363011842528,1.358357870628879e-12,,,,,,
daily_curve,1.5,55.0,15,0.5,0.5,330,0.02938263298602133,1.3714585023194559e-12,,,,,,
daily_curve,1.5,55.0,15,0.5,0.5,331,0.02804912687549821,1.3818945987509323e-12,,,,,,
daily_curve,1.5,55.0,15,0.5,0.5,332,0.0267672906654937,1.389555137620846e-12,,,,,,
daily_curve,1.5,55.0,15,0.5,0.5,333,0.025535591050949498,1.394329096626734e-12,,,,,,
daily_curve,1.5,55.0,15,0.5,0.5,334,0.02435251647053784,1.3963274980710594e-12,,,,,,
daily_curve,1.5,55.0,15,0.5,0.5,335,0.023216578058161554,1.3955503419538218e-12,,,,,,
daily_curve,1.5,55.0,15,0.5,0.5,336,0.022126310513897574,1.3917755836700962e-12,,,,,,
daily_curve,1.5,55.0,15,0.5,0.5,337,0.021080272896429122,1.3852252678248078e-12,,,,,,
daily_curve,1.5,55.0,15,0.5,0.5,338,0.02007704933909377,1.3758993944179565e-12,,,,,,
daily_curve,1.5,55.0,15,0.5,0.5,339,0.019115249691747927,1.3637979634495423e-12,,,,,,
daily_curve,1.5,55.0,15,0.5,0.5,340,0.018193510090711712,1.3490319972220277e-12,,,,,,
daily_curve,1.5,55.0,15,0.5,0.5,341,0.017310493459113514,1.3317125180378753e-12,,,,,,
daily_curve,1.5,55.0,15,0.5,0.5,342,0.01646488993999989,1.311839525897085e-12,,,,,,
daily_curve,1.5,55.0,15,0.5,0.5,343,0.015655417264614134,1.3699041900849807e-12,,,,,,
daily_curve,1.5,55.0,15,0.5,0.5,344,0.014880821058277724,1.5162315847305763e-12,,,,,,
daily_curve,1.5,55.0,15,0.5,0.5,345,0.014139875086330238,1.6748824549495112e-12,,,,,,
daily_curve,1.5,55.0,15,0.5,0.5,346,0.013431381442598915,1.846189867649173e-12,,,,,,
daily_curve,1.5,55.0,15,0.5,0.5,347,0.012754170682876285,2.0308199566443363e-12,,,,,,
daily_curve,1.5,55.0,15,0.5,0.5,348,0.012107101905885872,2.229216811144852e-12,,,,,,
daily_curve,1.5,55.0,15,0.5,0.5,349,0.011489062784209976,2.4420465649654943e-12,,,,,,
daily_curve,1.5,55.0,15,0.5,0.5,350,0.010898969547642499,2.669531262711189e-12,,,,,,
daily_curve,1.5,55.0,15,0.5,0.5,351,0.010335766921412018,2.912226015894248e-12,,,,,,
daily_curve,1.5,55.0,15,0.5,0.5,352,0.009798428021698028,3.170352869119597e-12,,,,,,
daily_curve,1.5,55.0,15,0.5,0.5,353,0.009285954210835206,3.4441338669921606e-12,,,,,,
daily_curve,1.5,55.0,15,0.5,0.5,354,0.008797374914568123,3.733791054116864e-12,,,,,,
daily_curve,1.5,55.0,15,0.5,0.5,355,0.008331747403681729,4.039324430493707e-12,,,,,,
daily_curve,1.5,55.0,15,0.5,0.5,356,0.007888156542292298,4.36073399612269e-12,,,,,,
daily_curve,1.5,55.0,15,0.5,0.5,357,0.00746571450503832,4.69790872870135e-12,,,,,,
daily_curve,1.5,55.0,15,0.5,0.5,358,0.007063560465363057,5.364597654988756e-12,,,,,,
daily_curve,1.5,55.0,15,0.5,0.5,359,0.0066808602570290355,6.493139359520228e-12,,,,,,
daily_curve,1.5,55.0,15,0.5,0.5,360,0.0063168060109506955,7.842615445952106e-12,,,,,,
daily_curve,1.5,55.0,15,0.5,0.5,361,0.005970615769375232,9.45277189856597e-12,,,,,,
daily_curve,1.5,55.0,15,0.5,0.5,362,0.005641533079382519,1.136946092827884e-11,,,,,,
daily_curve,1.5,55.0,15,0.5,0.5,363,0.00532882656761496,1.3646084262575187e-11,,,,,,
daily_curve,1.5,55.0,15,0.5,0.5,364,0.005031789498085422,1.634403723471678e-11,,,,,,
daily_curve,1.5,55.0,15,0.5,0.5,365,0.0047497393148483785,1.9534152073674704e-11,,,,,,
daily_curve,2.5,55.0,15,0.5,0.0,1,0.014940057237514844,2.426095468965883e-08,,,,,,
daily_curve,2.5,55.0,15,0.5,0.0,2,0.014093291491477521,2.8588867495571435e-08,,,,,,
daily_curve,2.5,55.0,15,0.5,0.0,3,0.013290124192210869,3.360859557322016e-08,,,,,,
daily_curve,2.5,55.0,15,0.5,0.0,4,0.012528586496470704,3.941535264839757e-08,,,,,,
daily_curve,2.5,55.0,15,0.5,0.0,5,0.011806781975189244,4.61147015018426e-08,,,,,,
daily_curve,2.5,55.0,15,0.5,0.0,6,0.011122884899039068,5.3823212997627934e-08,,,,,,
daily_curve,2.5,55.0,15,0.5,0.0,7,0.010475138509054816,6.266908825214301e-08,,,,,,
daily_curve,2.5,55.0,15,0.5,0.0,8,0.010475138509054816,7.731953244327627e-08,,,,,,
daily_curve,2.5,55.0,15,0.5,0.0,9,0.011122884899039068,1.0108214898441048e-07,,,,,,
daily_curve,2.5,55.0,15,0.5,0.0,10,0.011806781975189244,1.318272558892275e-07,,,,,,
daily_curve,2.5,55.0,15,0.5,0.0,11,0.012528586496470704,1.7150579378899522e-07,,,,,,
daily_curve,2.5,55.0,15,0.5,0.0,12,0.013290124192210869,2.2258329546165356e-07,,,,,,
daily_curve,2.5,55.0,15,0.5,0.0,13,0.014093291491477521,2.8816676622689386e-07,,,,,,
daily_curve,2.5,55.0,15,0.5,0.0,14,0.014940057237514844,3.7216039017184954e-07,,,,,,
daily_curve,2.5,55.0,15,0.5,0.0,15,0.015832464382827927,4.794559679277555e-07,,,,,,
daily_curve,2.5,55.0,15,0.5,0.0,16,0.01677263166028474,6.16165030553617e-07,,,,,,
daily_curve,2.5,55.0,15,0.5,0.0,17,0.0177627552253832,7.899007666845037e-07,,,,,,
daily_curve,2.5,55.0,15,0.5,0.0,18,0.018805110264608394,1.0101192522427027e-06,,,,,,
daily_curve,2.5,55.0,15,0.5,0.0,19,0.019902052564584105,1.2885309830235059e-06,,,,,,
daily_curve,2.5,55.0,15,0.5,0.0,20,0.021056020036502317,1.6395954050008044e-06,,,,,,
daily_curve,2.5,55.0,15,0.5,0.0,21,0.022269534190096783,2.081113009366753e-06,,,,,,
daily_curve,2.5,55.0,15,0.5,0.0,22,0.02354520155121019,2.634931608902491e-06,,,,,,
daily_curve,2.5,55.0,15,0.5,0.0,23,0.0248857150167944,3.327785645157455e-06,,,,,,
daily_curve,2.5,55.0,15,0.5,0.0,24,0.026293855140974327,4.192289772775304e-06,,,,,,
daily_curve,2.5,55.0,15,0.5,0.0,25,0.027772491345605766,5.268110506717605e-06,,,,,,
daily_curve,2.5,55.0,15,0.5,0.0,26,0.029324583048560414,6.603342393218803e-06,,,,,,
daily_curve,2.5,55.0,15,0.5,0.0,27,0.030953180702784022,8.256117903004956e-06,,,,,,
daily_curve,2.5,55.0,15,0.5,0.0,28,0.03266142673899343,1.0296483034966109e-05,,,,,,
daily_curve,2.5,55.0,15,0.5,0.0,29,0.03445255640470672,1.280857336061203e-05,,,,,,
daily_curve,2.5,55.0,15,0.5,0.0,30,0.03632989849214166,1.589312787786401e-05,,,,,,
daily_curve,2.5,55.0,15,0.5,0.0,31,0.03829687594736658,1.9670380470460103e-05,,,,,,
daily_curve,2.5,55.0,15,0.5,0.0,32,0.04035700635295291,2.4283370875233246e-05,,,,,,
daily_curve,2.5,55.0,15,0.5,0.0,33,0.04251390227625429,2.9901718712310732e-05,,,,,,
daily_curve,2.5,55.0,15,0.5,0.0,34,0.04477127147532972,3.672590518488672e-05,,,,,,
daily_curve,2.5,55.0,15,0.5,0.0,35,0.047132916954434126,4.499210734021375e-05,,,,,,
daily_curve,2.5,55.0,15,0.5,0.0,36,0.04960273686092574,5.497762911488291e-05,,,,,,
daily_curve,2.5,55.0,15,0.5,0.0,37,0.05218472421538044,6.70069715833499e-05,,,,,,
daily_curve,2.5,55.0,15,0.5,0.0,38,0.0548829664666663,8.14585816686364e-05,,,,,,
daily_curve,2.5,55.0,15,0.5,0.0,39,0.05770164486371171,9.87723138675678e-05,,,,,,
daily_curve,2.5,55.0,15,0.5,0.0,40,0.0606450336357057,0.00011945763307064095,,,,,,
daily_curve,2.5,55.0,15,0.5,0.0,41,0.0637174989724931,0.00014410257812547123,,,,,,
daily_curve,2.5,55.0,15,0.5,0.0,42,0.06692349779697923,0.0001733834952216684,,,,,,
daily_curve,2.5,55.0,15,0.5,0.0,43,0.07026757632143041,0.0002080755373141674,,,,,,
daily_curve,2.5,55.0,15,0.5,0.0,44,0.07375436837965858,0.000249063910524816,,,,,,
daily_curve,2.5,55.0,15,0.5,0.0,45,0.07738859352720519,0.00029735583071655025,,,,,,
daily_curve,2.5,55.0,15,0.5,0.0,46,0.0811750549017928,0.0003540931332077779,,,,,,
daily_curve,2.5,55.0,15,0.5,0.0,47,0.08511863683649833,0.00042056545595736683,,,,,,
daily_curve,2.5,55.0,15,0.5,0.0,48,0.08922430221831235,0.0004982238916685366,,,,,,
daily_curve,2.5,55.0,15,0.5,0.0,49,0.09349708958499403,0.0005886949773779016,,,,,,
daily_curve,2.5,55.0,15,0.5,0.0,50,0.09794210995340444,0.0006937948615893808,,,,,,
daily_curve,2.5,55.0,15,0.5,0.0,51,0.10256454337280842,0.0008155434593576372,,,,,,
daily_curve,2.5,55.0,15,0.5,0.0,52,0.10736963519697126,0.0009561783755202002,,,,,,
daily_curve,2.5,55.0,15,0.5,0.0,53,0.11236269206925059,0.0011181683462613279,,,,,,
daily_curve,2.5,55.0,15,0.5,0.0,54,0.11754907761528648,0.0013042259201881956,,,,,,
daily_curve,2.5,55.0,15,0.5,0.0,55,0.12293420783833367,0.0015173190730813912,,,,,,
daily_curve,2.5,55.0,15,0.5,0.0,56,0.12852354621274817,0.0017606814264902182,,,,,,
daily_curve,2.5,55.0,15,0.5,0.0,57,0.1343225984716518,0.002037820720504069,,,,,,
daily_curve,2.5,55.0,15,0.5,0.0,58,0.1403369070853343,0.0023525251765160737,,,,,,
daily_curve,2.5,55.0,15,0.5,0.0,59,0.14657204542753277,0.0027088673777896366,,,,,,
daily_curve,2.5,55.0,15,0.5,0.0,60,0.15303361162732892,0.0031112052952934066,,,,,,
daily_curve,2.5,55.0,15,0.5,0.0,61,0.1597272221050555,0.0035641800946708546,,,,,,
daily_curve,2.5,55.0,15,0.5,0.0,62,0.16665850479127037,0.0040727103782957075,,,,,,
daily_curve,2.5,55.0,15,0.5,0.0,63,0.17383309202857294,0.004641982544920986,,,,,,
daily_curve,2.5,55.0,15,0.5,0.0,64,0.18125661315676664,0.0052774369889689865,,,,,,
daily_curve,2.5,55.0,15,0.5,0.0,65,0.18893468678265193,0.005984749912279375,,,,,,
daily_curve,2.5,55.0,15,0.5,0.0,66,0.19687291273652843,0.00676981058303272,,,,,,
daily_curve,2.5,55.0,15,0.5,0.0,67,0.20507686371831485,0.007638693949090114,,,,,,
daily_curve,2.5,55.0,15,0.5,0.0,68,0.2135520766370565,0.008597628595249374,,,,,,
daily_curve,2.5,55.0,15,0.5,0.0,69,0.22230404364846576,0.009652960124553522,,,,,,
daily_curve,2.5,55.0,15,0.5,0.0,70,0.23133820289605508,0.010811110141035196,,,,,,
daily_curve,2.5,55.0,15,0.5,0.0,71,0.24065992896234847,0.012078531112937774,,,,,,
daily_curve,2.5,55.0,15,0.5,0.0,72,0.2502745230376118,0.01346165749895989,,,,,,
daily_curve,2.5,55.0,15,0.5,0.0,73,0.26018720281450786,0.0149668536225388,,,,,,
daily_curve,2.5,55.0,15,0.5,0.0,74,0.2704030921180743,0.016600358877513877,,,,,,
daily_curve,2.5,55.0,15,0.5,0.0,75,0.2809272102814183,0.018368230939467378,,,,,,
daily_curve,2.5,55.0,15,0.5,0.0,76,0.29176446127854294,0.020276287737393317,,,,,,
daily_curve,2.5,55.0,15,0.5,0.0,77,0.30291962262673255,0.02233004900699287,,,,,,
daily_curve,2.5,55.0,15,0.5,0.0,78,0.3143973340719635,0.024534678297024493,,,,,,
daily_curve,2.5,55.0,15,0.5,0.0,79,0.3262020860718315,0.026894926331311075,,,,,,
daily_curve,2.5,55.0,15,0.5,0.0,80,0.33833820809153176,0.029415076639368154,,,,,,
daily_curve,2.5,55.0,15,0.5,0.0,81,0.35080985672944215,0.032098894356912044,,,,,,
daily_curve,2.5,55.0,15,0.5,0.0,82,0.3636210036899062,0.03494957906326257,,,,,,
daily_curve,2.5,55.0,15,0.5,0.0,83,0.37677542362181243,0.037969722466143385,,,,,,
daily_curve,2.5,55.0,15,0.5,0.0,84,0.39027668184258446,0.04116127166672978,,,,,,
daily_curve,2.5,55.0,15,0.5,0.0,85,0.4041281219681747,0.04452549864087085,,,,,,
daily_curve,2.5,55.0,15,0.5,0.0,86,0.4183328534706353,0.04806297645885571,,,,,,
daily_curve,2.5,55.0,15,0.5,0.0,87,0.432893739185774,0.05177356263914357,,,,,,
daily_curve,2.5,55.0,15,0.5,0.0,88,0.44781338279433947,0.055656389894885305,,,,,,
daily_curve,2.5,55.0,15,0.5,0.0,89,0.4630941163010499,0.05970986438991921,,,,,,
daily_curve,2.5,55.0,15,0.5,0.0,90,0.4787379875366577,0.06393167147748913,,,,,,
daily_curve,2.5,55.0,15,0.5,0.0,91,0.49474674770903665,0.0683187887544413,,,,,,
daily_curve,2.5,55.0,15,0.5,0.0,92,0.5111218390300779,0.07286750613017079,,,,,,
daily_curve,2.5,55.0,15,0.5,0.0,93,0.5278643824458894,0.07757345248678815,,,,,,
daily_curve,2.5,55.0,15,0.5,0.0,94,0.5449751654984945,0.08243162839807006,,,,,,
daily_curve,2.5,55.0,15,0.5,0.0,95,0.5624546303478363,0.08743644428231001,,,,,,
daily_curve,2.5,55.0,15,0.5,0.0,96,0.5803028619834829,0.09258176329009227,,,,,,
daily_curve,2.5,55.0,15,0.5,0.0,97,0.5985195766559227,0.0978609481734356,,,,,,
daily_curve,2.5,55.0,15,0.5,0.0,98,0.6171041105578036,0.10326691134810928,,,,,,
daily_curve,2.5,55.0,15,0.5,0.0,99,0.6360554087858371,0.108792167345935,,,,,,
daily_curve,2.5,55.0,15,0.5,0.0,100,0.6553720146144076,0.11442888685764852,,,,,,
daily_curve,2.5,55.0,15,0.5,0.0,101,0.6750520591121583,0.12016895158791574,,,,,,
daily_curve,2.5,55.0,15,0.5,0.0,102,0.6950932511329853,0.12600400918048305,,,,,,
daily_curve,2.5,55.0,15,0.5,0.0,103,0.7154928677129613,0.13192552752093822,,,,,,
daily_curve,2.5,55.0,15,0.5,0.0,104,0.7362477449046905,0.13792484778470215,,,,,,
daily_curve,2.5,55.0,15,0.5,0.0,105,0.757354269080531,0.14399323566612776,,,,,,
daily_curve,2.5,55.0,15,0.5,0.0,106,0.7788083687359303,0.1501219302983947,,,,,,
daily_curve,2.5,55.0,15,0.5,0.0,107,0.800605506823872,0.15630219045082017,,,,,,
daily_curve,2.5,55.0,15,0.5,0.0,108,0.8227406736510655,0.16252533766800792,,,,,,
daily_curve,2.5,55.0,15,0.5,0.0,109,0.8452083803660806,0.16878279609191005,,,,,,
daily_curve,2.5,55.0,15,0.5,0.0,110,0.8680026530690743,0.1750661287816263,,,,,,
daily_curve,2.5,55.0,15,0.5,0.0,111,0.8911170275721407,0.18136707041521505,,,,,,
daily_curve,2.5,55.0,15,0.5,0.0,112,0.9145445448385703,0.18767755632177474,,,,,,
daily_curve,2.5,55.0,15,0.5,0.0,113,0.9382777471284989,0.1939897478497974,,,,,,
daily_curve,2.5,55.0,15,0.5,0.0,114,0.9623086748774856,0.2002960541287393,,,,,,
daily_curve,2.5,55.0,15,0.5,0.0,115,0.9866288643335677,0.20658915032464986,,,,,,
daily_curve,2.5,55.0,15,0.5,0.0,116,1.0112293459772075,0.21286199252749782,,,,,,
daily_curve,2.5,55.0,15,0.5,0.0,117,1.0361006437473594,0.21910782943770446,,,,,,
daily_curve,2.5,55.0,15,0.5,0.0,118,1.0612327750955752,0.2253202110426381,,,,,,
daily_curve,2.5,55.0,15,0.5,0.0,119,1.086615251888685,0.23149299449090166,,,,,,
daily_curve,2.5,55.0,15,0.5,0.0,120,1.1122370821791079,0.23762034738365512,,,,,,
daily_curve,2.5,55.0,15,0.5,0.0,121,1.1380867728602826,0.24369674870857294,,,,,,
daily_curve,2.5,55.0,15,0.5,0.0,122,1.1641523332230577,0.24971698764393313,,,,,,
daily_curve,2.5,55.0,15,0.5,0.0,123,1.1904212794271434,0.25567616045840724,,,,,,
daily_curve,2.5,55.0,15,0.5,0.0,124,1.2168806398999292,0.26156966572697415,,,,,,
daily_curve,2.5,55.0,15,0.5,0.0,125,1.2435169616730637,0.26739319807560025,,,,,,
daily_curve,2.5,55.0,15,0.5,0.0,126,1.2703163176652632,0.273142740657464,,,,,,
daily_curve,2.5,55.0,15,0.5,0.0,127,1.2972643149177627,0.2788145565520448,,,,,,
daily_curve,2.5,55.0,15,0.5,0.0,128,1.3243461037867639,0.284405179265811,,,,,,
daily_curve,2.5,55.0,15,0.5,0.0,129,1.3515463880950684,0.2899114024999043,,,,,,
daily_curve,2.5,55.0,15,0.5,0.0,130,1.378849436242911,0.29533026933649764,,,,,,
daily_curve,2.5,55.0,15,0.5,0.0,131,1.4062390932757396,0.30065906098166295,,,,,,
daily_curve,2.5,55.0,15,0.5,0.0,132,1.43369879390444,0.30589528518889786,,,,,,
daily_curve,2.5,55.0,15,0.5,0.0,133,1.4612115764711464,0.31103666447409395,,,,,,
daily_curve,2.5,55.0,15,0.5,0.0,134,1.488760097851471,0.31608112421986134,,,,,,
daily_curve,2.5,55.0,15,0.5,0.0,135,1.5163266492815834,0.3210267807548567,,,,,,
daily_curve,2.5,55.0,15,0.5,0.0,136,1.5438931730962244,0.32587192948219756,,,,,,
daily_curve,2.5,55.0,15,0.5,0.0,137,1.5714412803612985,0.33061503312021,,,,,,
daily_curve,2.5,55.0,15,0.5,0.0,138,1.5989522693823504,0.33525471010872554,,,,,,
daily_curve,2.5,55.0,15,0.5,0.0,139,1.6264071450677966,0.3397897232248869,,,,,,
daily_curve,2.5,55.0,15,0.5,0.0,140,1.6537866391234366,0.3442189684439584,,,,,,
daily_curve,2.5,55.0,15,0.5,0.0,141,1.6810712310524005,0.34854146407294984,,,,,,
daily_curve,2.5,55.0,15,0.5,0.0,142,1.7082411699323672,0.35275634017790336,,,,,,
daily_curve,2.5,55.0,15,0.5,0.0,143,1.7352764969395946,0.35686282831945204,,,,,,
daily_curve,2.5,55.0,15,0.5,0.0,144,1.7621570685870522,0.36086025160567137,,,,,,
daily_curve,2.5,55.0,15,0.5,0.0,145,1.7888625806417524,0.36474801506627696,,,,,,
daily_curve,2.5,55.0,15,0.5,0.0,146,1.815372592684227,0.36852559634782156,,,,,,
daily_curve,2.5,55.0,15,0.5,0.0,147,1.841666553271026,0.37219253672566466,,,,,,
daily_curve,2.5,55.0,15,0.5,0.0,148,1.8677238256591033,0.3757484324250724,,,,,,
daily_curve,2.5,55.0,15,0.5,0.0,149,1.8935237140490426,0.3791929262408167,,,,,,
daily_curve,2.5,55.0,15,0.5,0.0,150,1.9190454903022136,0.38252569944202086,,,,,,
daily_curve,2.5,55.0,15,0.5,0.0,151,1.9442684210852248,0.38574646394670764,,,,,,
daily_curve,2.5,55.0,15,0.5,0.0,152,1.9691717953933818,0.38885495474849896,,,,,,
daily_curve,2.5,55.0,15,0.5,0.0,153,1.9937349524033132,0.39185092257615006,,,,,,
daily_curve,2.5,55.0,15,0.5,0.0,154,2.017937309603512,0.3947341267650425,,,,,,
daily_curve,2.5,55.0,15,0.5,0.0,155,2.0417583911502097,0.39750432831836446,,,,,,
daily_curve,2.5,55.0,15,0.5,0.0,156,2.065177856394828,0.4001612831344561,,,,,,
daily_curve,2.5,55.0,15,0.5,0.0,157,2.08817552852818,0.40270473537563833,,,,,,
daily_curve,2.5,55.0,15,0.5,0.0,158,2.110731423285671,0.4051344109527729,,,,,,
daily_curve,2.5,55.0,15,0.5,0.0,159,2.132825777656961,0.4074500110987703,,,,,,
daily_curve,2.5,55.0,15,0.5,0.0,160,2.154439078542891,0.40965120600326743,,,,,,
daily_curve,2.5,55.0,15,0.5,0.0,161,2.1755520913019826,0.4117376284797003,,,,,,
daily_curve,2.5,55.0,15,0.5,0.0,162,2.1961458881284575,0.4137088676349939,,,,,,
daily_curve,2.5,55.0,15,0.5,0.0,163,2.216201876203517,0.4155644625110607,,,,,,
daily_curve,2.5,55.0,15,0.5,0.0,164,2.2357018255615717,0.41730389566622383,,,,,,
daily_curve,2.5,55.0,15,0.5,0.0,165,2.2546278966132065,0.418926586663562,,,,,,
daily_curve,2.5,55.0,15,0.5,0.0,166,2.2729626672669356,0.4204318854319975,,,,,,
daily_curve,2.5,55.0,15,0.5,0.0,167,2.2906891595921914,0.42181906546471115,,,,,,
daily_curve,2.5,55.0,15,0.5,0.0,168,2.3077908659665893,0.42308731681818423,,,,,,
daily_curve,2.5,55.0,15,0.5,0.0,169,2.3242517746512097,0.4242357388738327,,,,,,
daily_curve,2.5,55.0,15,0.5,0.0,170,2.340056394738537,0.42526333282283746,,,,,,
daily_curve,2.5,55.0,15,0.5,0.0,171,2.355189780418719,0.4261689938334088,,,,,,
daily_curve,2.5,55.0,15,0.5,0.0,172,2.3696375545110024,0.42695150285838335,,,,,,
daily_curve,2.5,55.0,15,0.5,0.0,173,2.3833859312085295,0.4276095180397992,,,,,,
daily_curve,2.5,55.0,15,0.5,0.0,174,2.396421737986167,0.4281415656659696,,,,,,
daily_curve,2.5,55.0,15,0.5,0.0,175,2.4087324366226697,0.42854603063569097,,,,,,
daily_curve,2.5,55.0,15,0.5,0.0,176,2.420306143290226,0.4288211463836499,,,,,,
daily_curve,2.5,55.0,15,0.5,0.0,177,2.4311316476663536,0.4289649842210086,,,,,,
daily_curve,2.5,55.0,15,0.5,0.0,178,2.4411984310251285,0.42897544204568283,,,,,,
daily_curve,2.5,55.0,15,0.5,0.0,179,2.450496683266888,0.42885023237823294,,,,,,
daily_curve,2.5,55.0,15,0.5,0.0,180,2.4590173188478195,0.4285868696818027,,,,,,
daily_curve,2.5,55.0,15,0.5,0.0,181,2.466751991573228,0.428182656928527,,,,,,
daily_curve,2.5,55.0,15,0.5,0.0,182,2.473693108220771,0.42763467138066635,,,,,,
daily_curve,2.5,55.0,15,0.5,0.0,183,2.4798338409625362,0.4269397495629538,,,,,,
daily_curve,2.5,55.0,15,0.5,0.0,184,2.485168138557508,0.42609447141383816,,,,,,
daily_curve,2.5,55.0,15,0.5,0.0,185,2.489690736288746,0.42509514361826617,,,,,,
daily_curve,2.5,55.0,15,0.5,0.0,186,2.493397164622437,0.4239377821442376,,,,,,
daily_curve,2.5,55.0,15,0.5,0.0,187,2.49628375656887,0.42261809403071426,,,,,,
daily_curve,2.5,55.0,15,0.5,0.0,188,2.4983476537283797,0.4211314585068654,,,,,,
daily_curve,2.5,55.0,15,0.5,0.0,189,2.499586811008295,0.4194729075636443,,,,,,
daily_curve,2.5,55.0,15,0.5,0.0,190,2.5,0.4176371061501698,,,,,,
daily_curve,2.5,55.0,15,0.5,0.0,191,2.499586811008295,0.4156183322314797,,,,,,
daily_curve,2.5,55.0,15,0.5,0.0,192,2.4983476537283797,0.41341045702344115,,,,,,
daily_curve,2.5,55.0,15,0.5,0.0,193,2.49628375656887,0.4110069258178183,,,,,,
daily_curve,2.5,55.0,15,0.5,0.0,194,2.493397164622437,0.4084007399289473,,,,,,
daily_curve,2.5,55.0,15,0.5,0.0,195,2.489690736288746,0.4055844404367568,,,,,,
daily_curve,2.5,55.0,15,0.5,0.0,196,2.485168138557508,0.40255009457289614,,,,,,
daily_curve,2.5,55.0,15,0.5,0.0,197,2.4798338409625362,0.3992892858015492,,,,,,
daily_curve,2.5,55.0,15,0.5,0.0,198,2.473693108220771,0.39579310888821695,,,,,,
daily_curve,2.5,55.0,15,0.5,0.0,199,2.466751991573228,0.3920521715320623,,,,,,
daily_curve,2.5,55.0,15,0.5,0.0,200,2.4590173188478195,0.3880566044633321,,,,,,
daily_curve,2.5,55.0,15,0.5,0.0,201,2.450496683266888,0.3837960822784173,,,,,,
daily_curve,2.5,55.0,15,0.5,0.0,202,2.4411984310251285,0.37925985770051296,,,,,,
daily_curve,2.5,55.0,15,0.5,0.0,203,2.4311316476663536,0.37443681240919724,,,,,,
daily_curve,2.5,55.0,15,0.5,0.0,204,2.420306143290226,0.3693155280679996,,,,,,
daily_curve,2.5,55.0,15,0.5,0.0,205,2.4087324366226697,0.3638843816783569,,,,,,
daily_curve,2.5,55.0,15,0.5,0.0,206,2.396421737986167,0.35813166987469147,,,,,,
daily_curve,2.5,55.0,15,0.5,0.0,207,2.3833859312085295,0.3520457672093622,,,,,,
daily_curve,2.5,55.0,15,0.5,0.0,208,2.3696375545110024,0.34561532380267934,,,,,,
daily_curve,2.5,55.0,15,0.5,0.0,209,2.355189780418719,0.33882950787737354,,,,,,
daily_curve,2.5,55.0,15,0.5,0.0,210,2.340056394738537,0.3316782985620297,,,,,,
daily_curve,2.5,55.0,15,0.5,0.0,211,2.3242517746512097,0.32415283381319904,,,,,,
daily_curve,2.5,55.0,15,0.5,0.0,212,2.3077908659665893,0.31624581722703793,,,,,,
daily_curve,2.5,55.0,15,0.5,0.0,213,2.2906891595921914,0.30795198572542004,,,,,,
daily_curve,2.5,55.0,15,0.5,0.0,214,2.2729626672669356,0.2992686374371828,,,,,,
daily_curve,2.5,55.0,15,0.5,0.0,215,2.2546278966132065,0.29019621539121143,,,,,,
daily_curve,2.5,55.0,15,0.5,0.0,216,2.2357018255615717,0.2807389377721299,,,,,,
daily_curve,2.5,55.0,15,0.5,0.0,217,2.216201876203517,0.27090545941838906,,,,,,
daily_curve,2.5,55.0,15,0.5,0.0,218,2.1961458881284575,0.26070954205463104,,,,,,
daily_curve,2.5,55.0,15,0.5,0.0,219,2.1755520913019826,0.25017070272405917,,,,,,
daily_curve,2.5,55.0,15,0.5,0.0,220,2.154439078542891,0.23931480155087348,,,,,,
daily_curve,2.5,55.0,15,0.5,0.0,221,2.132825777656961,0.22817452214128053,,,,,,
daily_curve,2.5,55.0,15,0.5,0.0,222,2.110731423285671,0.21678969175347818,,,,,,
daily_curve,2.5,55.0,15,0.5,0.0,223,2.08817552852818,0.20520738521943116,,,,,,
daily_curve,2.5,55.0,15,0.5,0.0,224,2.065177856394828,0.19348175799916778,,,,,,
daily_curve,2.5,55.0,15,0.5,0.0,225,2.0417583911502097,0.1816735611091086,,,,,,
daily_curve,2.5,55.0,15,0.5,0.0,226,2.017937309603512,0.16984930499483253,,,,,,
daily_curve,2.5,55.0,15,0.5,0.0,227,1.9937349524033132,0.15808006094472005,,,,,,
daily_curve,2.5,55.0,15,0.5,0.0,228,1.9691717953933818,0.14643991647896826,,,,,,
daily_curve,2.5,55.0,15,0.5,0.0,229,1.9442684210852248,0.1350041330935997,,,,,,
daily_curve,2.5,55.0,15,0.5,0.0,230,1.9190454903022136,0.12384708730591576,,,,,,
daily_curve,2.5,55.0,15,0.5,0.0,231,1.8935237140490426,0.11304010473343884,,,,,,
daily_curve,2.5,55.0,15,0.5,0.0,232,1.8677238256591033,0.1026493173110884,,,,,,
daily_curve,2.5,55.0,15,0.5,0.0,233,1.841666553271026,0.09273368175960528,,,,,,
daily_curve,2.5,55.0,15,0.5,0.0,234,1.815372592684227,0.08334329071279267,,,,,,
daily_curve,2.5,55.0,15,0.5,0.0,235,1.7888625806417524,0.0745180864209759,,,,,,
daily_curve,2.5,55.0,15,0.5,0.0,236,1.7621570685870522,0.06628705308530447,,,,,,
daily_curve,2.5,55.0,15,0.5,0.0,237,1.7352764969395946,0.05866792216749117,,,,,,
daily_curve,2.5,55.0,15,0.5,0.0,238,1.7082411699323672,0.051667381226102926,,,,,,
daily_curve,2.5,55.0,15,0.5,0.0,239,1.6810712310524005,0.045281736805592776,,,,,,
daily_curve,2.5,55.0,15,0.5,0.0,240,1.6537866391234366,0.03949795047319926,,,,,,
daily_curve,2.5,55.0,15,0.5,0.0,241,1.6264071450677966,0.03429494726436644,,,,,,
daily_curve,2.5,55.0,15,0.5,0.0,242,1.5989522693823504,0.029645088428471356,,,,,,
daily_curve,2.5,55.0,15,0.5,0.0,243,1.5714412803612985,0.025515704377961024,,,,,,
daily_curve,2.5,55.0,15,0.5,0.0,244,1.5438931730962244,0.021870596637599826,,,,,,
daily_curve,2.5,55.0,15,0.5,0.0,245,1.5163266492815834,0.018671436161404986,,,,,,
daily_curve,2.5,55.0,15,0.5,0.0,246,1.488760097851471,0.015879006395377315,,,,,,
daily_curve,2.5,55.0,15,0.5,0.0,247,1.4612115764711464,0.013454260151493203,,,,,,
daily_curve,2.5,55.0,15,0.5,0.0,248,1.43369879390444,0.011359177717310098,,,,,,
daily_curve,2.5,55.0,15,0.5,0.0,249,1.4062390932757396,0.009557428478581653,,,,,,
daily_curve,2.5,55.0,15,0.5,0.0,250,1.378849436242911,0.008014849242708011,,,,,,
daily_curve,2.5,55.0,15,0.5,0.0,251,1.3515463880950684,0.006699759547505013,,,,,,
daily_curve,2.5,55.0,15,0.5,0.0,252,1.3243461037867639,0.005583138016001188,,,,,,
daily_curve,2.5,55.0,15,0.5,0.0,253,1.2972643149177627,0.0046386849486155235,,,,,,
daily_curve,2.5,55.0,15,0.5,0.0,254,1.2703163176652632,0.0038427955432774885,,,,,,
daily_curve,2.5,55.0,15,0.5,0.0,255,1.2435169616730637,0.0031744660607486708,,,,,,
daily_curve,2.5,55.0,15,0.5,0.0,256,1.2168806398999292,0.0026151524584084873,,,,,,
daily_curve,2.5,55.0,15,0.5,0.0,257,1.1904212794271434,0.0021485979272695133,,,,,,
daily_curve,2.5,55.0,15,0.5,0.0,258,1.1641523332230577,0.001760642688001579,,,,,,
daily_curve,2.5,55.0,15,0.5,0.0,259,1.1380867728602826,0.0014390265302109961,,,,,,
daily_curve,2.5,55.0,15,0.5,0.0,260,1.1122370821791079,0.0011731920282929131,,,,,,
daily_curve,2.5,55.0,15,0.5,0.0,261,1.086615251888685,0.0009540941869365938,,,,,,
daily_curve,2.5,55.0,15,0.5,0.0,262,1.0612327750955752,0.0007740204662683992,,,,,,
daily_curve,2.5,55.0,15,0.5,0.0,263,1.0361006437473594,0.0006264236893033237,,,,,,
daily_curve,2.5,55.0,15,0.5,0.0,264,1.0112293459772075,0.0005057692058137997,,,,,,
daily_curve,2.5,55.0,15,0.5,0.0,265,0.9866288643335677,0.00040739683282642325,,,,,,
daily_curve,2.5,55.0,15,0.5,0.0,266,0.9623086748774856,0.0003273974674058433,,,,,,
daily_curve,2.5,55.0,15,0.5,0.0,267,0.9382777471284989,0.0002625038292448645,,,,,,
daily_curve,2.5,55.0,15,0.5,0.0,268,0.9145445448385703,0.00020999450022374244,,,,,,
daily_curve,2.5,55.0,15,0.5,0.0,269,0.8911170275721407,0.00016761025216927017,,,,,,
daily_curve,2.5,55.0,15,0.5,0.0,270,0.8680026530690743,0.00013348156449299875,,,,,,
daily_curve,2.5,55.0,15,0.5,0.0,271,0.8452083803660806,0.00010606620730246874,,,,,,
daily_curve,2.5,55.0,15,0.5,0.0,272,0.8227406736510655,8.409578457679867e-05,,,,,,
daily_curve,2.5,55.0,15,0.5,0.0,273,0.800605506823872,6.6530181657809e-05,,,,,,
daily_curve,2.5,55.0,15,0.5,0.0,274,0.7788083687359303,5.251893052449219e-05,,,,,,
daily_curve,2.5,55.0,15,0.5,0.0,275,0.757354269080531,4.136858673431387e-05,,,,,,
daily_curve,2.5,55.0,15,0.5,0.0,276,0.7362477449046905,3.2515297323620906e-05,,,,,,
daily_curve,2.5,55.0,15,0.5,0.0,277,0.7154928677129613,2.5501824975959764e-05,,,,,,
daily_curve,2.5,55.0,15,0.5,0.0,278,0.6950932511329853,1.9958377278972428e-05,,,,,,
daily_curve,2.5,55.0,15,0.5,0.0,279,0.6750520591121583,1.55866689038886e-05,,,,,,
daily_curve,2.5,55.0,15,0.5,0.0,280,0.6553720146144076,1.2146717799810247e-05,,,,,,
daily_curve,2.5,55.0,15,0.5,0.0,281,0.6360554087858371,9.445943350949726e-06,,,,,,
daily_curve,2.5,55.0,15,0.5,0.0,282,0.6171041105578036,7.3301946627024606e-06,,,,,,
daily_curve,2.5,55.0,15,0.5,0.0,283,0.5985195766559227,5.676390787967556e-06,,,,,,
daily_curve,2.5,55.0,15,0.5,0.0,284,0.5803028619834829,4.3865020478150996e-06,,,,,,
daily_curve,2.5,55.0,15,0.5,0.0,285,0.5624546303478363,3.3826430292371867e-06,,,,,,
daily_curve,2.5,55.0,15,0.5,0.0,286,0.5449751654984945,2.603083835706066e-06,,,,,,
daily_curve,2.5,55.0,15,0.5,0.0,287,0.5278643824458894,1.9990172266393103e-06,,,,,,
daily_curve,2.5,55.0,15,0.5,0.0,288,0.5111218390300779,1.531945920452138e-06,,,,,,
daily_curve,2.5,55.0,15,0.5,0.0,289,0.49474674770903665,1.1715770578124562e-06,,,,,,
daily_curve,2.5,55.0,15,0.5,0.0,290,0.4787379875366577,8.941301004039559e-07,,,,,,
daily_curve,2.5,55.0,15,0.5,0.0,291,0.4630941163010499,6.809807165941706e-07,,,,,,
daily_curve,2.5,55.0,15,0.5,0.0,292,0.44781338279433947,5.175768861276353e-07,,,,,,
daily_curve,2.5,55.0,15,0.5,0.0,293,0.432893739185774,3.9257489803379286e-07,,,,,,
daily_curve,2.5,55.0,15,0.5,0.0,294,0.4183328534706353,2.971524579731266e-07,,,,,,
daily_curve,2.5,55.0,15,0.5,0.0,295,0.4041281219681747,2.244640281423571e-07,,,,,,
daily_curve,2.5,55.0,15,0.5,0.0,296,0.39027668184258446,1.6921007151005085e-07,,,,,,
daily_curve,2.5,55.0,15,0.5,0.0,297,0.37677542362181243,1.272972540711237e-07,,,,,,
daily_curve,2.5,55.0,15,0.5,0.0,298,0.3636210036899062,1.0142052797590395e-07,,,,,,
daily_curve,2.5,55.0,15,0.5,0.0,299,0.35080985672944215,8.557533004438511e-08,,,,,,
daily_curve,2.5,55.0,15,0.5,0.0,300,0.33833820809153176,7.20588635427788e-08,,,,,,
daily_curve,2.5,55.0,15,0.5,0.0,301,0.3262020860718315,6.055378709568515e-08,,,,,,
daily_curve,2.5,55.0,15,0.5,0.0,302,0.3143973340719635,5.0781931992816e-08,,,,,,
daily_curve,2.5,55.0,15,0.5,0.0,303,0.30291962262673255,4.250010821049699e-08,,,,,,
daily_curve,2.5,55.0,15,0.5,0.0,304,0.29176446127854294,3.54962622628463e-08,,,,,,
daily_curve,2.5,55.0,15,0.5,0.0,305,0.2809272102814183,2.9585970007239837e-08,,,,,,
daily_curve,2.5,55.0,15,0.5,0.0,306,0.2704030921180743,2.4609251192408976e-08,,,,,,
daily_curve,2.5,55.0,15,0.5,0.0,307,0.26018720281450786,2.0427684654933387e-08,,,,,,
daily_curve,2.5,55.0,15,0.5,0.0,308,0.2502745230376118,1.6921808732028865e-08,,,,,,
daily_curve,2.5,55.0,15,0.5,0.0,309,0.24065992896234847,1.398878524128122e-08,,,,,,
daily_curve,2.5,55.0,15,0.5,0.0,310,0.23133820289605508,1.1540310040913937e-08,,,,,,
daily_curve,2.5,55.0,15,0.5,0.0,311,0.22230404364846576,9.500748743285214e-09,,,,,,
daily_curve,2.5,55.0,15,0.5,0.0,312,0.2135520766370565,7.805481039291351e-09,,,,,,
daily_curve,2.5,55.0,15,0.5,0.0,313,0.20507686371831485,6.797246099310428e-09,,,,,,
daily_curve,2.5,55.0,15,0.5,0.0,314,0.19687291273652843,6.2741477568906134e-09,,,,,,
daily_curve,2.5,55.0,15,0.5,0.0,315,0.18893468678265193,5.779248080095556e-09,,,,,,
daily_curve,2.5,55.0,15,0.5,0.0,316,0.18125661315676664,5.3122809484662525e-09,,,,,,
daily_curve,2.5,55.0,15,0.5,0.0,317,0.17383309202857294,4.872839021174968e-09,,,,,,
daily_curve,2.5,55.0,15,0.5,0.0,318,0.16665850479127037,4.460387725835346e-09,,,,,,
daily_curve,2.5,55.0,15,0.5,0.0,319,0.1597272221050555,4.074279580379425e-09,,,,,,
daily_curve,2.5,55.0,15,0.5,0.0,320,0.15303361162732892,3.7137682928900517e-09,,,,,,
daily_curve,2.5,55.0,15,0.5,0.0,321,0.14657204542753277,3.3780229724555966e-09,,,,,,
daily_curve,2.5,55.0,15,0.5,0.0,322,0.1403369070853343,3.0661417849131567e-09,,,,,,
daily_curve,2.5,55.0,15,0.5,0.0,323,0.1343225984716518,2.777165053480246e-09,,,,,,
daily_curve,2.5,55.0,15,0.5,0.0,324,0.12852354621274817,2.510087804274974e-09,,,,,,
daily_curve,2.5,55.0,15,0.5,0.0,325,0.12293420783833367,2.2638715346801064e-09,,,,,,
daily_curve,2.5,55.0,15,0.5,0.0,326,0.11754907761528648,2.0374556486402184e-09,,,,,,
daily_curve,2.5,55.0,15,0.5,0.0,327,0.11236269206925059,1.82976755969122e-09,,,,,,
daily_curve,2.5,55.0,15,0.5,0.0,328,0.10736963519697126,1.7417007835973664e-09,,,,,,
daily_curve,2.5,55.0,15,0.5,0.0,329,0.10256454337280842,1.7571897270585168e-09,,,,,,
daily_curve,2.5,55.0,15,0.5,0.0,330,0.09794210995340444,1.7690012787952014e-09,,,,,,
daily_curve,2.5,55.0,15,0.5,0.0,331,0.09349708958499403,1.7770502847014313e-09,,,,,,
daily_curve,2.5,55.0,15,0.5,0.0,332,0.08922430221831235,1.78127512739934e-09,,,,,,
daily_curve,2.5,55.0,15,0.5,0.0,333,0.08511863683649833,1.7816386144176022e-09,,,,,,
daily_curve,2.5,55.0,15,0.5,0.0,334,0.0811750549017928,1.7781283112583424e-09,,,,,,
daily_curve,2.5,55.0,15,0.5,0.0,335,0.07738859352720519,1.7707572075309486e-09,,,,,,
daily_curve,2.5,55.0,15,0.5,0.0,336,0.07375436837965858,1.7595633838851654e-09,,,,,,
daily_curve,2.5,55.0,15,0.5,0.0,337,0.07026757632143041,1.7446095679218843e-09,,,,,,
daily_curve,2.5,55.0,15,0.5,0.0,338,0.06692349779697923,1.7259830231708406e-09,,,,,,
daily_curve,2.5,55.0,15,0.5,0.0,339,0.0637174989724931,1.7037943278452872e-09,,,,,,
daily_curve,2.5,55.0,15,0.5,0.0,340,0.0606450336357057,1.678176486663574e-09,,,,,,
daily_curve,2.5,55.0,15,0.5,0.0,341,0.05770164486371171,1.6492837096038215e-09,,,,,,
daily_curve,2.5,55.0,15,0.5,0.0,342,0.0548829664666663,1.6172891914578713e-09,,,,,,
daily_curve,2.5,55.0,15,0.5,0.0,343,0.05218472421538044,1.6807891745074244e-09,,,,,,
daily_curve,2.5,55.0,15,0.5,0.0,344,0.04960273686092574,1.8512681387861107e-09,,,,,,
daily_curve,2.5,55.0,15,0.5,0.0,345,0.047132916954434126,2.0344739226629827e-09,,,,,,
daily_curve,2.5,55.0,15,0.5,0.0,346,0.04477127147532972,2.2307914404606777e-09,,,,,,
daily_curve,2.5,55.0,15,0.5,0.0,347,0.04251390227625429,2.4405470977484356e-09,,,,,,
daily_curve,2.5,55.0,15,0.5,0.0,348,0.04035700635295291,2.6639992434240867e-09,,,,,,
daily_curve,2.5,55.0,15,0.5,0.0,349,0.03829687594736658,2.9013292879298547e-09,,,,,,
daily_curve,2.5,55.0,15,0.5,0.0,350,0.03632989849214166,3.1526318222674377e-09,,,,,,
daily_curve,2.5,55.0,15,0.5,0.0,351,0.03445255640470672,3.417905736213811e-09,,,,,,
daily_curve,2.5,55.0,15,0.5,0.0,352,0.03266142673899343,3.6970456696039378e-09,,,,,,
daily_curve,2.5,55.0,15,0.5,0.0,353,0.030953180702784022,3.989833130546572e-09,,,,,,
daily_curve,2.5,55.0,15,0.5,0.0,354,0.029324583048560414,4.295929167952295e-09,,,,,,
daily_curve,2.5,55.0,15,0.5,0.0,355,0.027772491345605766,4.614867599173067e-09,,,,,,
daily_curve,2.5,55.0,15,0.5,0.0,356,0.026293855140974327,4.946049014797893e-09,,,,,,
daily_curve,2.5,55.0,15,0.5,0.0,357,0.0248857150167944,5.288736004693817e-09,,,,,,
daily_curve,2.5,55.0,15,0.5,0.0,358,0.02354520155121019,5.992915719232883e-09,,,,,,
daily_curve,2.5,55.0,15,0.5,0.0,359,0.022269534190096783,7.196387263874726e-09,,,,,,
daily_curve,2.5,55.0,15,0.5,0.0,360,0.021056020036502317,8.621384384177588e-09,,,,,,
daily_curve,2.5,55.0,15,0.5,0.0,361,0.019902052564584105,1.0304404329808392e-08,,,,,,
daily_curve,2.5,55.0,15,0.5,0.0,362,0.018805110264608394,1.2287101447405746e-08,,,,,,
daily_curve,2.5,55.0,15,0.5,0.0,363,0.0177627552253832,1.4616855170679344e-08,,,,,,
daily_curve,2.5,55.0,15,0.5,0.0,364,0.01677263166028474,1.7347370984133192e-08,,,,,,
daily_curve,2.5,55.0,15,0.5,0.0,365,0.015832464382827927,2.0539311695877416e-08,,,,,,
daily_curve,2.5,55.0,15,0.5,0.1,1,0.01344605151376336,1.3391321163069847e-08,,,,,,
daily_curve,2.5,55.0,15,0.5,0.1,2,0.012683962342329769,1.5801476682675286e-08,,,,,,
daily_curve,2.5,55.0,15,0.5,0.1,3,0.011961111772989783,1.8601682083563276e-08,,,,,,
daily_curve,2.5,55.0,15,0.5,0.1,4,0.011275727846823635,2.1846640274603146e-08,,,,,,
daily_curve,2.5,55.0,15,0.5,0.1,5,0.01062610377767032,2.5597208019867423e-08,,,,,,
daily_curve,2.5,55.0,15,0.5,0.1,6,0.010010596409135162,2.992083147912439e-08,,,,,,
daily_curve,2.5,55.0,15,0.5,0.1,7,0.009427624658149334,3.4891967759520526e-08,,,,,,
daily_curve,2.5,55.0,15,0.5,0.1,8,0.009427624658149334,4.311683632352015e-08,,,,,,
daily_curve,2.5,55.0,15,0.5,0.1,9,0.010010596409135162,5.645931200337628e-08,,,,,,
daily_curve,2.5,55.0,15,0.5,0.1,10,0.01062610377767032,7.375440658208277e-08,,,,,,
daily_curve,2.5,55.0,15,0.5,0.1,11,0.011275727846823635,9.611733864378635e-08,,,,,,
daily_curve,2.5,55.0,15,0.5,0.1,12,0.011961111772989783,1.2496102130832298e-07,,,,,,
daily_curve,2.5,55.0,15,0.5,0.1,13,0.012683962342329769,1.6207057262906943e-07,,,,,,
daily_curve,2.5,55.0,15,0.5,0.1,14,0.01344605151376336,2.0969509062496172e-07,,,,,,
daily_curve,2.5,55.0,15,0.5,0.1,15,0.014249217944545135,2.706603244861938e-07,,,,,,
daily_curve,2.5,55.0,15,0.5,0.1,16,0.015095368494256266,3.4850654140328174e-07,,,,,,
daily_curve,2.5,55.0,15,0.5,0.1,17,0.01598647970284488,4.476566649591618e-07,,,,,,
daily_curve,2.5,55.0,15,0.5,0.1,18,0.016924599238147556,5.736206362128016e-07,,,,,,
daily_curve,2.5,55.0,15,0.5,0.1,19,0.017911847308125697,7.332429590167777e-07,,,,,,
daily_curve,2.5,55.0,15,0.5,0.1,20,0.018950418032852086,9.350015183207105e-07,,,,,,
daily_curve,2.5,55.0,15,0.5,0.1,21,0.020042580771087105,1.1893670354146124e-06,,,,,,
daily_curve,2.5,55.0,15,0.5,0.1,22,0.02119068139608917,1.5092339358258045e-06,,,,,,
daily_curve,2.5,55.0,15,0.5,0.1,23,0.02239714351511496,1.910434970664454e-06,,,,,,
daily_curve,2.5,55.0,15,0.5,0.1,24,0.023664469626876895,2.412353641956244e-06,,,,,,
daily_curve,2.5,55.0,15,0.5,0.1,25,0.02499524221104519,3.038650339792781e-06,,,,,,
daily_curve,2.5,55.0,15,0.5,0.1,26,0.026392124743704372,3.8181200913145474e-06,,,,,,
daily_curve,2.5,55.0,15,0.5,0.1,27,0.02785786263250562,4.785701937182196e-06,,,,,,
daily_curve,2.5,55.0,15,0.5,0.1,28,0.029395284065094087,5.983662165531811e-06,,,,,,
daily_curve,2.5,55.0,15,0.5,0.1,29,0.03100730076423605,7.462975917360559e-06,,,,,,
daily_curve,2.5,55.0,15,0.5,0.1,30,0.03269690864292749,9.28493399299235e-06,,,,,,
daily_curve,2.5,55.0,15,0.5,0.1,31,0.03446718835262993,1.1523003977775836e-05,,,,,,
daily_curve,2.5,55.0,15,0.5,0.1,32,0.03632130571765762,1.4264977017619529e-05,,,,,,
daily_curve,2.5,55.0,15,0.5,0.1,33,0.03826251204862886,1.761543361611384e-05,,,,,,
daily_curve,2.5,55.0,15,0.5,0.1,34,0.04029414432779675,2.169856362699285e-05,,,,,,
daily_curve,2.5,55.0,15,0.5,0.1,35,0.04241962525899071,2.6661377055758884e-05,,,,,,
daily_curve,2.5,55.0,15,0.5,0.1,36,0.04464246317483317,3.267734325718141e-05,,,,,,
daily_curve,2.5,55.0,15,0.5,0.1,37,0.046966251793842395,3.995049648575222e-05,,,,,,
daily_curve,2.5,55.0,15,0.5,0.1,38,0.049394669819999674,4.872004538092334e-05,,,,,,
daily_curve,2.5,55.0,15,0.5,0.1,39,0.05193148037734054,5.926552269519547e-05,,,,,,
daily_curve,2.5,55.0,15,0.5,0.1,40,0.05458053027213513,7.19125092364381e-05,,,,,,
daily_curve,2.5,55.0,15,0.5,0.1,41,0.05734574907524379,8.70389624364476e-05,,,,,,
daily_curve,2.5,55.0,15,0.5,0.1,42,0.06023114801728131,0.00010508217500193595,,,,,,
daily_curve,2.5,55.0,15,0.5,0.1,43,0.06324081868928737,0.00012654638259546047,,,,,,
daily_curve,2.5,55.0,15,0.5,0.1,44,0.06637893154169272,0.00015201103128392734,,,,,,
daily_curve,2.5,55.0,15,0.5,0.1,45,0.06964973417448467,0.00018213970545166713,,,,,,
daily_curve,2.5,55.0,15,0.5,0.1,46,0.07305754941161352,0.00021768970489455253,,,,,,
daily_curve,2.5,55.0,15,0.5,0.1,47,0.0766067731528485,0.00025952224583802863,,,,,,
daily_curve,2.5,55.0,15,0.5,0.1,48,0.08030187199648112,0.0003086132446216139,,,,,,
daily_curve,2.5,55.0,15,0.5,0.1,49,0.08414738062649463,0.00036606462480559543,,,,,,
daily_curve,2.5,55.0,15,0.5,0.1,50,0.08814789895806399,0.00043311606858575935,,,,,,
daily_curve,2.5,55.0,15,0.5,0.1,51,0.09230808903552758,0.000511157111812377,,,,,,
daily_curve,2.5,55.0,15,0.5,0.1,52,0.09663267167727414,0.0006017394588635483,,,,,,
daily_curve,2.5,55.0,15,0.5,0.1,53,0.10112642286232554,0.0007065893694648828,,,,,,
daily_curve,2.5,55.0,15,0.5,0.1,54,0.10579416985375784,0.0008276199447052601,,,,,,
daily_curve,2.5,55.0,15,0.5,0.1,55,0.11064078705450031,0.0009669431145193919,,,,,,
daily_curve,2.5,55.0,15,0.5,0.1,56,0.11567119159147335,0.00112688110440895,,,,,,
daily_curve,2.5,55.0,15,0.5,0.1,57,0.12089033862448662,0.0013099771358773271,,,,,,
daily_curve,2.5,55.0,15,0.5,0.1,58,0.1263032163768009,0.0015190050937591293,,,,,,
daily_curve,2.5,55.0,15,0.5,0.1,59,0.1319148408847795,0.0017569778751937992,,,,,,
daily_curve,2.5,55.0,15,0.5,0.1,60,0.13773025046459603,0.002027154120347374,,,,,,
daily_curve,2.5,55.0,15,0.5,0.1,61,0.14375449989454994,0.002333043015055436,,,,,,
daily_curve,2.5,55.0,15,0.5,0.1,62,0.14999265431214334,0.002678406851287396,,,,,,
daily_curve,2.5,55.0,15,0.5,0.1,63,0.15644978282571564,0.00306726103361199,,,,,,
daily_curve,2.5,55.0,15,0.5,0.1,64,0.16313095184108997,0.003503871229491584,,,,,,
daily_curve,2.5,55.0,15,0.5,0.1,65,0.17004121810438674,0.003992747378971373,,,,,,
daily_curve,2.5,55.0,15,0.5,0.1,66,0.1771856214628756,0.004538634305688682,,,,,,
daily_curve,2.5,55.0,15,0.5,0.1,67,0.18456917734648337,0.00514649870646644,,,,,,
daily_curve,2.5,55.0,15,0.5,0.1,68,0.19219686897335087,0.005821512341184665,,,,,,
daily_curve,2.5,55.0,15,0.5,0.1,69,0.20007363928361918,0.0065690312979550525,,,,,,
daily_curve,2.5,55.0,15,0.5,0.1,70,0.20820438260644958,0.007394571270408323,,,,,,
daily_curve,2.5,55.0,15,0.5,0.1,71,0.21659393606611363,0.008303778853301247,,,,,,
daily_curve,2.5,55.0,15,0.5,0.1,72,0.2252470707338506,0.009302398938546452,,,,,,
daily_curve,2.5,55.0,15,0.5,0.1,73,0.23416848253305708,0.010396238374654976,,,,,,
daily_curve,2.5,55.0,15,0.5,0.1,74,0.24336278290626687,0.011591126136678231,,,,,,
daily_curve,2.5,55.0,15,0.5,0.1,75,0.2528344892532765,0.012892870338955476,,,,,,
daily_curve,2.5,55.0,15,0.5,0.1,76,0.26258801515068864,0.014307212506995848,,,,,,
daily_curve,2.5,55.0,15,0.5,0.1,77,0.27262766036405933,0.015839779605187232,,,,,,
daily_curve,2.5,55.0,15,0.5,0.1,78,0.28295760066476716,0.017496034391156323,,,,,,
daily_curve,2.5,55.0,15,0.5,0.1,79,0.29358187746464837,0.019281224732965008,,,,,,
daily_curve,2.5,55.0,15,0.5,0.1,80,0.3045043872823786,0.021200332579484282,,,,,,
daily_curve,2.5,55.0,15,0.5,0.1,81,0.31572887105649794,0.023258023315018694,,,,,,
daily_curve,2.5,55.0,15,0.5,0.1,82,0.32725890332091556,0.02545859625467961,,,,,,
daily_curve,2.5,55.0,15,0.5,0.1,83,0.3390978812596312,0.027805937045645823,,,,,,
daily_curve,2.5,55.0,15,0.5,0.1,84,0.351249013658326,0.03030347273034284,,,,,,
daily_curve,2.5,55.0,15,0.5,0.1,85,0.36371530977135724,0.03295413020032323,,,,,,
daily_curve,2.5,55.0,15,0.5,0.1,86,0.37649956812357177,0.03576029872443942,,,,,,
daily_curve,2.5,55.0,15,0.5,0.1,87,0.3896043652671966,0.03872379717262364,,,,,,
daily_curve,2.5,55.0,15,0.5,0.1,88,0.40303204451490554,0.041845846478657966,,,,,,
daily_curve,2.5,55.0,15,0.5,0.1,89,0.4167847046709449,0.04512704779375376,,,,,,
daily_curve,2.5,55.0,15,0.5,0.1,90,0.43086418878299193,0.048567366680075774,,,,,,
daily_curve,2.5,55.0,15,0.5,0.1,91,0.445272072938133,0.05216612358243722,,,,,,
daily_curve,2.5,55.0,15,0.5,0.1,92,0.46000965512707015,0.05592199070045778,,,,,,
daily_curve,2.5,55.0,15,0.5,0.1,93,0.47507794420130045,0.05983299526584418,,,,,,
daily_curve,2.5,55.0,15,0.5,0.1,94,0.49047764894864504,0.06389652911348154,,,,,,
daily_curve,2.5,55.0,15,0.5,0.1,95,0.5062091673130527,0.068109364323931,,,,,,
daily_curve,2.5,55.0,15,0.5,0.1,96,0.5222725757851346,0.07246767461170955,,,,,,
daily_curve,2.5,55.0,15,0.5,0.1,97,0.5386676189903304,0.07696706204098536,,,,,,
daily_curve,2.5,55.0,15,0.5,0.1,98,0.5553936995020232,0.08160258857023328,,,,,,
daily_curve,2.5,55.0,15,0.5,0.1,99,0.5724498679072534,0.08636881186160317,,,,,,
daily_curve,2.5,55.0,15,0.5,0.1,100,0.5898348131529669,0.09125982474035865,,,,,,
daily_curve,2.5,55.0,15,0.5,0.1,101,0.6075468532009425,0.0962692976552626,,,,,,
daily_curve,2.5,55.0,15,0.5,0.1,102,0.6255839260196867,0.10139052347220567,,,,,,
daily_curve,2.5,55.0,15,0.5,0.1,103,0.6439435809416652,0.10661646393014812,,,,,,
daily_curve,2.5,55.0,15,0.5,0.1,104,0.6626229704142215,0.11193979709959323,,,,,,
daily_curve,2.5,55.0,15,0.5,0.1,105,0.6816188421724779,0.11735296520797012,,,,,,
daily_curve,2.5,55.0,15,0.5,0.1,106,0.7009275318623372,0.12284822223181335,,,,,,
daily_curve,2.5,55.0,15,0.5,0.1,107,0.7205449561414848,0.12841768070063053,,,,,,
daily_curve,2.5,55.0,15,0.5,0.1,108,0.740466606285959,0.1340533572098742,,,,,,
daily_curve,2.5,55.0,15,0.5,0.1,109,0.7606875423294726,0.13974721619847885,,,,,,
daily_curve,2.5,55.0,15,0.5,0.1,110,0.7812023877621669,0.14549121160800949,,,,,,
daily_curve,2.5,55.0,15,0.5,0.1,111,0.8020053248149267,0.1512773261037812,,,,,,
daily_curve,2.5,55.0,15,0.5,0.1,112,0.8230900903547133,0.15709760760160507,,,,,,
daily_curve,2.5,55.0,15,0.5,0.1,113,0.844449972415649,0.1629442029056548,,,,,,
daily_curve,2.5,55.0,15,0.5,0.1,114,0.866077807389737,0.16880938832202041,,,,,,
daily_curve,2.5,55.0,15,0.5,0.1,115,0.8879659779002109,0.17468559716780863,,,,,,
daily_curve,2.5,55.0,15,0.5,0.1,116,0.9101064113794868,0.18056544414636255,,,,,,
daily_curve,2.5,55.0,15,0.5,0.1,117,0.9324905793726235,0.1864417466047371,,,,,,
daily_curve,2.5,55.0,15,0.5,0.1,118,0.9551094975860177,0.19230754272963602,,,,,,
daily_curve,2.5,55.0,15,0.5,0.1,119,0.9779537266998164,0.19815610677242768,,,,,,
daily_curve,2.5,55.0,15,0.5,0.1,120,1.001013373961197,0.2039809614226269,,,,,,
daily_curve,2.5,55.0,15,0.5,0.1,121,1.0242780955742543,0.20977588747250597,,,,,,
daily_curve,2.5,55.0,15,0.5,0.1,122,1.047737099900752,0.21553493093355292,,,,,,
daily_curve,2.5,55.0,15,0.5,0.1,123,1.071379151484429,0.22125240777868538,,,,,,
daily_curve,2.5,55.0,15,0.5,0.1,124,1.0951925759099363,0.22692290649286972,,,,,,
daily_curve,2.5,55.0,15,0.5,0.1,125,1.1191652655057573,0.23254128861954726,,,,,,
daily_curve,2.5,55.0,15,0.5,0.1,126,1.1432846858987369,0.23810268749153174,,,,,,
daily_curve,2.5,55.0,15,0.5,0.1,127,1.1675378834259864,0.2436025053332591,,,,,,
daily_curve,2.5,55.0,15,0.5,0.1,128,1.1919114934080874,0.24903640891697454,,,,,,
daily_curve,2.5,55.0,15,0.5,0.1,129,1.2163917492855616,0.2544003239490239,,,,,,
daily_curve,2.5,55.0,15,0.5,0.1,130,1.2409644926186199,0.2596904283543605,,,,,,
daily_curve,2.5,55.0,15,0.5,0.1,131,1.2656151839481657,0.2649031446180231,,,,,,
daily_curve,2.5,55.0,15,0.5,0.1,132,1.2903289145139962,0.270035131332079,,,,,,
daily_curve,2.5,55.0,15,0.5,0.1,133,1.3150904188240318,0.27508327408563227,,,,,,
daily_curve,2.5,55.0,15,0.5,0.1,134,1.3398840880663239,0.2800446758242784,,,,,,
daily_curve,2.5,55.0,15,0.5,0.1,135,1.3646939843534251,0.2849166467940296,,,,,,
daily_curve,2.5,55.0,15,0.5,0.1,136,1.389503855786602,0.2896966941734823,,,,,,
daily_curve,2.5,55.0,15,0.5,0.1,137,1.4142971523251686,0.2943825114869558,,,,,,
daily_curve,2.5,55.0,15,0.5,0.1,138,1.4390570424441154,0.2989719678806714,,,,,,
daily_curve,2.5,55.0,15,0.5,0.1,139,1.463766430561017,0.30346309733382015,,,,,,
daily_curve,2.5,55.0,15,0.5,0.1,140,1.488407975211093,0.30785408786668844,,,,,,
daily_curve,2.5,55.0,15,0.5,0.1,141,1.5129641079471605,0.3121432707988916,,,,,,
daily_curve,2.5,55.0,15,0.5,0.1,142,1.5374170529391304,0.31632911010226816,,,,,,
daily_curve,2.5,55.0,15,0.5,0.1,143,1.5617488472456351,0.320410191885089,,,,,,
daily_curve,2.5,55.0,15,0.5,0.1,144,1.585941361728347,0.3243852140369635,,,,,,
daily_curve,2.5,55.0,15,0.5,0.1,145,1.6099763225775772,0.32825297605715764,,,,,,
daily_curve,2.5,55.0,15,0.5,0.1,146,1.6338353334158044,0.3320123690829436,,,,,,
daily_curve,2.5,55.0,15,0.5,0.1,147,1.6574998979439233,0.33566236612907996,,,,,,
daily_curve,2.5,55.0,15,0.5,0.1,148,1.680951443093193,0.3392020125445082,,,,,,
daily_curve,2.5,55.0,15,0.5,0.1,149,1.7041713426441385,0.3426304166878408,,,,,,
daily_curve,2.5,55.0,15,0.5,0.1,150,1.7271409412719922,0.34594674081915,,,,,,
daily_curve,2.5,55.0,15,0.5,0.1,151,1.7498415789767023,0.3491501922019222,,,,,,
daily_curve,2.5,55.0,15,0.5,0.1,152,1.7722546158540438,0.3522400144057648,,,,,,
daily_curve,2.5,55.0,15,0.5,0.1,153,1.794361457162982,0.3552154787975237,,,,,,
daily_curve,2.5,55.0,15,0.5,0.1,154,1.8161435786431608,0.3580758762058345,,,,,,
daily_curve,2.5,55.0,15,0.5,0.1,155,1.8375825520351887,0.3608205087417675,,,,,,
daily_curve,2.5,55.0,15,0.5,0.1,156,1.8586600707553453,0.3634486817560959,,,,,,
daily_curve,2.5,55.0,15,0.5,0.1,157,1.879357975675362,0.3659596959117942,,,,,,
daily_curve,2.5,55.0,15,0.5,0.1,158,1.8996582809571039,0.36835283934862806,,,,,,
daily_curve,2.5,55.0,15,0.5,0.1,159,1.9195431998912649,0.3706273799151072,,,,,,
daily_curve,2.5,55.0,15,0.5,0.1,160,1.9389951706886017,0.3727825574416227,,,,,,
daily_curve,2.5,55.0,15,0.5,0.1,161,1.9579968821717844,0.3748175760272554,,,,,,
daily_curve,2.5,55.0,15,0.5,0.1,162,1.9765312993156117,0.3767315963115241,,,,,,
daily_curve,2.5,55.0,15,0.5,0.1,163,1.9945816885831655,0.378523727701227,,,,,,
daily_curve,2.5,55.0,15,0.5,0.1,164,2.012131643005415,0.3801930205215234,,,,,,
daily_curve,2.5,55.0,15,0.5,0.1,165,2.029165106951886,0.38173845805950846,,,,,,
daily_curve,2.5,55.0,15,0.5,0.1,166,2.045666400540242,0.38315894846777954,,,,,,
daily_curve,2.5,55.0,15,0.5,0.1,167,2.0616202436329725,0.38445331649488135,,,,,,
daily_curve,2.5,55.0,15,0.5,0.1,168,2.0770117793699305,0.38562029500912154,,,,,,
daily_curve,2.5,55.0,15,0.5,0.1,169,2.0918265971860888,0.3866585162820776,,,,,,
daily_curve,2.5,55.0,15,0.5,0.1,170,2.1060507552646834,0.38756650299827544,,,,,,
daily_curve,2.5,55.0,15,0.5,0.1,171,2.1196708023768474,0.38834265895806663,,,,,,
daily_curve,2.5,55.0,15,0.5,0.1,172,2.1326737990599023,0.3889852594417894,,,,,,
daily_curve,2.5,55.0,15,0.5,0.1,173,2.1450473380876764,0.38949244120500115,,,,,,
daily_curve,2.5,55.0,15,0.5,0.1,174,2.1567795641875502,0.3898621920770766,,,,,,
daily_curve,2.5,55.0,15,0.5,0.1,175,2.1678591929604027,0.39009234013899596,,,,,,
daily_curve,2.5,55.0,15,0.5,0.1,176,2.1782755289612035,0.3901805424609388,,,,,,
daily_curve,2.5,55.0,15,0.5,0.1,177,2.1880184828997185,0.39012427338667144,,,,,,
daily_curve,2.5,55.0,15,0.5,0.1,178,2.197078587922616,0.3899208123600232,,,,,,
daily_curve,2.5,55.0,15,0.5,0.1,179,2.2054470149401992,0.3895672312994518,,,,,,
daily_curve,2.5,55.0,15,0.5,0.1,180,2.2131155869630375,0.38906038154031164,,,,,,
daily_curve,2.5,55.0,15,0.5,0.1,181,2.220076792415905,0.3883968803816147,,,,,,
daily_curve,2.5,55.0,15,0.5,0.1,182,2.226323797398694,0.38757309729554257,,,,,,
daily_curve,2.5,55.0,15,0.5,0.1,183,2.2318504568662827,0.3865851398846304,,,,,,
daily_curve,2.5,55.0,15,0.5,0.1,184,2.236651324701757,0.38542883970440533,,,,,,
daily_curve,2.5,55.0,15,0.5,0.1,185,2.2407216626598716,0.384099738109554,,,,,,
daily_curve,2.5,55.0,15,0.5,0.1,186,2.244057448160193,0.38259307233075146,,,,,,
daily_curve,2.5,55.0,15,0.5,0.1,187,2.246655380911983,0.3809037620487059,,,,,,
daily_curve,2.5,55.0,15,0.5,0.1,188,2.248512888355542,0.3790263968034885,,,,,,
daily_curve,2.5,55.0,15,0.5,0.1,189,2.2496281299074656,0.3769552246627853,,,,,,
daily_curve,2.5,55.0,15,0.5,0.1,190,2.25,0.3746841426744064,,,,,,
daily_curve,2.5,55.0,15,0.5,0.1,191,2.2496281299074656,0.37220668974842785,,,,,,
daily_curve,2.5,55.0,15,0.5,0.1,192,2.248512888355542,0.3695160427549534,,,,,,
daily_curve,2.5,55.0,15,0.5,0.1,193,2.246655380911983,0.36660501678675983,,,,,,
daily_curve,2.5,55.0,15,0.5,0.1,194,2.244057448160193,0.3634660707238512,,,,,,
daily_curve,2.5,55.0,15,0.5,0.1,195,2.2407216626598716,0.36009131945039075,,,,,,
daily_curve,2.5,55.0,15,0.5,0.1,196,2.236651324701757,0.35647255431382396,,,,,,
daily_curve,2.5,55.0,15,0.5,0.1,197,2.2318504568662827,0.35260127367996574,,,,,,
daily_curve,2.5,55.0,15,0.5,0.1,198,2.226323797398694,0.34846872572289445,,,,,,
daily_curve,2.5,55.0,15,0.5,0.1,199,2.220076792415905,0.3440659658880837,,,,,,
daily_curve,2.5,55.0,15,0.5,0.1,200,2.2131155869630375,0.3393839317705293,,,,,,
daily_curve,2.5,55.0,15,0.5,0.1,201,2.2054470149401992,0.3344135384403921,,,,,,
daily_curve,2.5,55.0,15,0.5,0.1,202,2.197078587922616,0.32914579750356143,,,,,,
daily_curve,2.5,55.0,15,0.5,0.1,203,2.1880184828997185,0.3235719633715184,,,,,,
daily_curve,2.5,55.0,15,0.5,0.1,204,2.1782755289612035,0.3176837102915875,,,,,,
daily_curve,2.5,55.0,15,0.5,0.1,205,2.1678591929604027,0.31147334360094936,,,,,,
daily_curve,2.5,55.0,15,0.5,0.1,206,2.1567795641875502,0.30493404834882654,,,,,,
daily_curve,2.5,55.0,15,0.5,0.1,207,2.1450473380876764,0.2980601778018346,,,,,,
daily_curve,2.5,55.0,15,0.5,0.1,208,2.1326737990599023,0.29084758331798977,,,,,,
daily_curve,2.5,55.0,15,0.5,0.1,209,2.1196708023768474,0.2832939855500103,,,,,,
daily_curve,2.5,55.0,15,0.5,0.1,210,2.1060507552646834,0.27539938482576487,,,,,,
daily_curve,2.5,55.0,15,0.5,0.1,211,2.0918265971860888,0.26716650577631595,,,,,,
daily_curve,2.5,55.0,15,0.5,0.1,212,2.0770117793699305,0.25860126779764403,,,,,,
daily_curve,2.5,55.0,15,0.5,0.1,213,2.0616202436329725,0.24971326875723465,,,,,,
daily_curve,2.5,55.0,15,0.5,0.1,214,2.045666400540242,0.24051626459522724,,,,,,
daily_curve,2.5,55.0,15,0.5,0.1,215,2.029165106951886,0.2310286223442959,,,,,,
daily_curve,2.5,55.0,15,0.5,0.1,216,2.012131643005415,0.22127371897170178,,,,,,
daily_curve,2.5,55.0,15,0.5,0.1,217,1.9945816885831655,0.2112802538631462,,,,,,
daily_curve,2.5,55.0,15,0.5,0.1,218,1.9765312993156117,0.20108243941224946,,,,,,
daily_curve,2.5,55.0,15,0.5,0.1,219,1.9579968821717844,0.19072003286505368,,,,,,
daily_curve,2.5,55.0,15,0.5,0.1,220,1.9389951706886017,0.18023817415208077,,,,,,
daily_curve,2.5,55.0,15,0.5,0.1,221,1.9195431998912649,0.16968699969387935,,,,,,
daily_curve,2.5,55.0,15,0.5,0.1,222,1.8996582809571039,0.1591210116114986,,,,,,
daily_curve,2.5,55.0,15,0.5,0.1,223,1.879357975675362,0.14859819549416997,,,,,,
daily_curve,2.5,55.0,15,0.5,0.1,224,1.8586600707553453,0.13817889734661826,,,,,,
daily_curve,2.5,55.0,15,0.5,0.1,225,1.8375825520351887,0.12792449031871522,,,,,,
daily_curve,2.5,55.0,15,0.5,0.1,226,1.8161435786431608,0.1178958823739934,,,,,,
daily_curve,2.5,55.0,15,0.5,0.1,227,1.794361457162982,0.10815193471957252,,,,,,
daily_curve,2.5,55.0,15,0.5,0.1,228,1.7722546158540438,0.09874787494755455,,,,,,
daily_curve,2.5,55.0,15,0.5,0.1,229,1.7498415789767023,0.08973379604212117,,,,,,
daily_curve,2.5,55.0,15,0.5,0.1,230,1.7271409412719922,0.0811533310548862,,,,,,
daily_curve,2.5,55.0,15,0.5,0.1,231,1.7041713426441385,0.07304258286205212,,,,,,
daily_curve,2.5,55.0,15,0.5,0.1,232,1.680951443093193,0.06542936985590808,,,,,,
daily_curve,2.5,55.0,15,0.5,0.1,233,1.6574998979439233,0.058332823823884605,,,,,,
daily_curve,2.5,55.0,15,0.5,0.1,234,1.6338353334158044,0.051763348680094357,,,,,,
daily_curve,2.5,55.0,15,0.5,0.1,235,1.6099763225775772,0.045722921554150586,,,,,,
daily_curve,2.5,55.0,15,0.5,0.1,236,1.585941361728347,0.04020569418493869,,,,,,
daily_curve,2.5,55.0,15,0.5,0.1,237,1.5617488472456351,0.035198835021436725,,,,,,
daily_curve,2.5,55.0,15,0.5,0.1,238,1.5374170529391304,0.030683542216250803,,,,,,
daily_curve,2.5,55.0,15,0.5,0.1,239,1.5129641079471605,0.02663615496277061,,,,,,
daily_curve,2.5,55.0,15,0.5,0.1,240,1.488407975211093,0.023029294517265098,,,,,,
daily_curve,2.5,55.0,15,0.5,0.1,241,1.463766430561017,0.019832975209824966,,,,,,
daily_curve,2.5,55.0,15,0.5,0.1,242,1.4390570424441154,0.01701563790588534,,,,,,
daily_curve,2.5,55.0,15,0.5,0.1,243,1.4142971523251686,0.014545071876310267,,,,,,
daily_curve,2.5,55.0,15,0.5,0.1,244,1.389503855786602,0.012389204287606703,,,,,,
daily_curve,2.5,55.0,15,0.5,0.1,245,1.3646939843534251,0.010516748372806473,,,,,,
daily_curve,2.5,55.0,15,0.5,0.1,246,1.3398840880663239,0.008897711082619053,,,,,,
daily_curve,2.5,55.0,15,0.5,0.1,247,1.3150904188240318,0.007503768354946372,,,,,,
daily_curve,2.5,55.0,15,0.5,0.1,248,1.2903289145139962,0.006308521113921439,,,,,,
daily_curve,2.5,55.0,15,0.5,0.1,249,1.2656151839481657,0.0052876479729686565,,,,,,
daily_curve,2.5,55.0,15,0.5,0.1,250,1.2409644926186199,0.004418971746683487,,,,,,
daily_curve,2.5,55.0,15,0.5,0.1,251,1.2163917492855616,0.0036824566905886424,,,,,,
daily_curve,2.5,55.0,15,0.5,0.1,252,1.1919114934080874,0.0030601522861063435,,,,,,
daily_curve,2.5,55.0,15,0.5,0.1,253,1.1675378834259864,0.002536097718986552,,,,,,
daily_curve,2.5,55.0,15,0.5,0.1,254,1.1432846858987369,0.0020961992440818866,,,,,,
daily_curve,2.5,55.0,15,0.5,0.1,255,1.1191652655057573,0.0017280905988794615,,,,,,
daily_curve,2.5,55.0,15,0.5,0.1,256,1.0951925759099363,0.001420984669519898,,,,,,
daily_curve,2.5,55.0,15,0.5,0.1,257,1.071379151484429,0.001165522819077669,,,,,,
daily_curve,2.5,55.0,15,0.5,0.1,258,1.047737099900752,0.0009536267092307149,,,,,,
daily_curve,2.5,55.0,15,0.5,0.1,259,1.0242780955742543,0.0007783561025086483,,,,,,
daily_curve,2.5,55.0,15,0.5,0.1,260,1.001013373961197,0.0006337750210037019,,,,,,
daily_curve,2.5,55.0,15,0.5,0.1,261,0.9779537266998164,0.0005148277431706871,,,,,,
daily_curve,2.5,55.0,15,0.5,0.1,262,0.9551094975860177,0.0004172254198662184,,,,,,
daily_curve,2.5,55.0,15,0.5,0.1,263,0.9324905793726235,0.0003373435576167205,,,,,,
daily_curve,2.5,55.0,15,0.5,0.1,264,0.9101064113794868,0.0002721302243610113,,,,,,
daily_curve,2.5,55.0,15,0.5,0.1,265,0.8879659779002109,0.00021902455516342734,,,,,,
daily_curve,2.5,55.0,15,0.5,0.1,266,0.866077807389737,0.0001758849497002224,,,,,,
daily_curve,2.5,55.0,15,0.5,0.1,267,0.844449972415649,0.00014092623968553486,,,,,,
daily_curve,2.5,55.0,15,0.5,0.1,268,0.8230900903547133,0.00011266504587736925,,,,,,
daily_curve,2.5,55.0,15,0.5,0.1,269,0.8020053248149267,8.987252684278246e-05,,,,,,
daily_curve,2.5,55.0,15,0.5,0.1,270,0.7812023877621669,7.153373387491779e-05,,,,,,
daily_curve,2.5,55.0,15,0.5,0.1,271,0.7606875423294726,5.681281925118409e-05,,,,,,
daily_curve,2.5,55.0,15,0.5,0.1,272,0.740466606285959,4.5023391307186245e-05,,,,,,
daily_curve,2.5,55.0,15,0.5,0.1,273,0.7205449561414848,3.5603364122782644e-05,,,,,,
daily_curve,2.5,55.0,15,0.5,0.1,274,0.7009275318623372,2.8093707874710105e-05,,,,,,
daily_curve,2.5,55.0,15,0.5,0.1,275,0.6816188421724779,2.2120565104422063e-05,,,,,,
daily_curve,2.5,55.0,15,0.5,0.1,276,0.6626229704142215,1.738025614017591e-05,,,,,,
daily_curve,2.5,55.0,15,0.5,0.1,277,0.6439435809416652,1.3626752240258888e-05,,,,,,
daily_curve,2.5,55.0,15,0.5,0.1,278,0.6255839260196867,1.0661246756638043e-05,,,,,,
daily_curve,2.5,55.0,15,0.5,0.1,279,0.6075468532009425,8.323502207474576e-06,,,,,,
daily_curve,2.5,55.0,15,0.5,0.1,280,0.5898348131529669,6.484694358599441e-06,,,,,,
daily_curve,2.5,55.0,15,0.5,0.1,281,0.5724498679072534,5.0415132019088205e-06,,,,,,
daily_curve,2.5,55.0,15,0.5,0.1,282,0.5553936995020232,3.911315211158062e-06,,,,,,
daily_curve,2.5,55.0,15,0.5,0.1,283,0.5386676189903304,3.0281516648633655e-06,,,,,,
daily_curve,2.5,55.0,15,0.5,0.1,284,0.5222725757851346,2.339524436956175e-06,,,,,,
daily_curve,2.5,55.0,15,0.5,0.1,285,0.5062091673130527,1.8037437772289167e-06,,,,,,
daily_curve,2.5,55.0,15,0.5,0.1,286,0.49047764894864504,1.3877825830732604e-06,,,,,,
daily_curve,2.5,55.0,15,0.5,0.1,287,0.47507794420130045,1.0655388124058973e-06,,,,,,
daily_curve,2.5,55.0,15,0.5,0.1,288,0.46000965512707015,8.164323399562079e-07,,,,,,
daily_curve,2.5,55.0,15,0.5,0.1,289,0.445272072938133,6.242750106855155e-07,,,,,,
daily_curve,2.5,55.0,15,0.5,0.1,290,0.43086418878299193,4.7636317823673835e-07,,,,,,
daily_curve,2.5,55.0,15,0.5,0.1,291,0.4167847046709449,3.6275088122206256e-07,,,,,,
daily_curve,2.5,55.0,15,0.5,0.1,292,0.40303204451490554,2.756692519811921e-07,,,,,,
daily_curve,2.5,55.0,15,0.5,0.1,293,0.3896043652671966,2.090639589225063e-07,,,,,,
daily_curve,2.5,55.0,15,0.5,0.1,294,0.37649956812357177,1.582276456524312e-07,,,,,,
daily_curve,2.5,55.0,15,0.5,0.1,295,0.36371530977135724,1.195086154481828e-07,,,,,,
daily_curve,2.5,55.0,15,0.5,0.1,296,0.351249013658326,9.008053480918932e-08,,,,,,
daily_curve,2.5,55.0,15,0.5,0.1,297,0.3390978812596312,6.776083838477831e-08,,,,,,
daily_curve,2.5,55.0,15,0.5,0.1,298,0.32725890332091556,5.398630220643241e-08,,,,,,
daily_curve,2.5,55.0,15,0.5,0.1,299,0.31572887105649794,4.555613764001265e-08,,,,,,
daily_curve,2.5,55.0,15,0.5,0.1,300,0.3045043872823786,3.836440576332478e-08,,,,,,
daily_curve,2.5,55.0,15,0.5,0.1,301,0.29358187746464837,3.224240152643887e-08,,,,,,
daily_curve,2.5,55.0,15,0.5,0.1,302,0.28295760066476716,2.704223878158274e-08,,,,,,
daily_curve,2.5,55.0,15,0.5,0.1,303,0.27262766036405933,2.2634622509620783e-08,,,,,,
daily_curve,2.5,55.0,15,0.5,0.1,304,0.26258801515068864,1.8906806675822452e-08,,,,,,
daily_curve,2.5,55.0,15,0.5,0.1,305,0.2528344892532765,1.5760731275626938e-08,,,,,,
daily_curve,2.5,55.0,15,0.5,0.1,306,0.24336278290626687,1.3111328356352203e-08,,,,,,
daily_curve,2.5,55.0,15,0.5,0.1,307,0.23416848253305708,1.0884990353510204e-08,,,,,,
daily_curve,2.5,55.0,15,0.5,0.1,308,0.2252470707338506,9.018187530074329e-09,,,,,,
daily_curve,2.5,55.0,15,0.5,0.1,309,0.21659393606611363,7.456227302249374e-09,,,,,,
daily_curve,2.5,55.0,15,0.5,0.1,310,0.20820438260644958,6.152143683380018e-09,,,,,,
daily_curve,2.5,55.0,15,0.5,0.1,311,0.20007363928361918,5.065706076834431e-09,,,,,,
daily_curve,2.5,55.0,15,0.5,0.1,312,0.19219686897335087,4.162539868346471e-09,,,,,,
daily_curve,2.5,55.0,15,0.5,0.1,313,0.18456917734648337,3.6255484170411023e-09,,,,,,
daily_curve,2.5,55.0,15,0.5,0.1,314,0.1771856214628756,3.347212285120804e-09,,,,,,
daily_curve,2.5,55.0,15,0.5,0.1,315,0.17004121810438674,3.0838398501487063e-09,,,,,,
daily_curve,2.5,55.0,15,0.5,0.1,316,0.16313095184108997,2.8352923342467307e-09,,,,,,
daily_curve,2.5,55.0,15,0.5,0.1,317,0.15644978282571564,2.6013554643711245e-09,,,,,,
daily_curve,2.5,55.0,15,0.5,0.1,318,0.14999265431214334,2.381747687962843e-09,,,,,,
daily_curve,2.5,55.0,15,0.5,0.1,319,0.14375449989454994,2.176127389397209e-09,,,,,,
daily_curve,2.5,55.0,15,0.5,0.1,320,0.13773025046459603,1.9841003284781777e-09,,,,,,
daily_curve,2.5,55.0,15,0.5,0.1,321,0.1319148408847795,1.8052275230218129e-09,,,,,,
daily_curve,2.5,55.0,15,0.5,0.1,322,0.1263032163768009,1.6390320212167353e-09,,,,,,
daily_curve,2.5,55.0,15,0.5,0.1,323,0.12089033862448662,1.4850062290960864e-09,,,,,,
daily_curve,2.5,55.0,15,0.5,0.1,324,0.11567119159147335,1.3426183498310706e-09,,,,,,
daily_curve,2.5,55.0,15,0.5,0.1,325,0.11064078705450031,1.2113187120021962e-09,,,,,,
daily_curve,2.5,55.0,15,0.5,0.1,326,0.10579416985375784,1.0905456537813052e-09,,,,,,
daily_curve,2.5,55.0,15,0.5,0.1,327,0.10112642286232554,9.79731074046697e-10,,,,,,
daily_curve,2.5,55.0,15,0.5,0.1,328,0.09663267167727414,9.329241823508028e-10,,,,,,
daily_curve,2.5,55.0,15,0.5,0.1,329,0.09230808903552758,9.415862534112307e-10,,,,,,
daily_curve,2.5,55.0,15,0.5,0.1,330,0.08814789895806399,9.482987728404169e-10,,,,,,
daily_curve,2.5,55.0,15,0.5,0.1,331,0.08414738062649463,9.530141120706048e-10,,,,,,
daily_curve,2.5,55.0,15,0.5,0.1,332,0.08030187199648112,9.556976321434263e-10,,,,,,
daily_curve,2.5,55.0,15,0.5,0.1,333,0.0766067731528485,9.563270175760863e-10,,,,,,
daily_curve,2.5,55.0,15,0.5,0.1,334,0.07305754941161352,9.548934976066903e-10,,,,,,
daily_curve,2.5,55.0,15,0.5,0.1,335,0.06964973417448467,9.514012910827319e-10,,,,,,
daily_curve,2.5,55.0,15,0.5,0.1,336,0.06637893154169272,9.458680505503025e-10,,,,,,
daily_curve,2.5,55.0,15,0.5,0.1,337,0.06324081868928737,9.383247512317894e-10,,,,,,
daily_curve,2.5,55.0,15,0.5,0.1,338,0.06023114801728131,9.288150248920601e-10,,,,,,
daily_curve,2.5,55.0,15,0.5,0.1,339,0.05734574907524379,9.173949377938584e-10,,,,,,
daily_curve,2.5,55.0,15,0.5,0.1,340,0.05458053027213513,9.04132879675501e-10,,,,,,
daily_curve,2.5,55.0,15,0.5,0.1,341,0.05193148037734054,8.891080094386439e-10,,,,,,
daily_curve,2.5,55.0,15,0.5,0.1,342,0.049394669819999674,8.724102551482815e-10,,,,,,
daily_curve,2.5,55.0,15,0.5,0.1,343,0.046966251793842395,9.072558260214691e-10,,,,,,
daily_curve,2.5,55.0,15,0.5,0.1,344,0.04464246317483317,9.999520100834047e-10,,,,,,
daily_curve,2.5,55.0,15,0.5,0.1,345,0.04241962525899071,1.0996773491811496e-09,,,,,,
daily_curve,2.5,55.0,15,0.5,0.1,346,0.04029414432779675,1.206662103570011e-09,,,,,,
daily_curve,2.5,55.0,15,0.5,0.1,347,0.03826251204862886,1.321106779528236e-09,,,,,,
daily_curve,2.5,55.0,15,0.5,0.1,348,0.03632130571765762,1.4431769113087967e-09,,,,,,
daily_curve,2.5,55.0,15,0.5,0.1,349,0.03446718835262993,1.5729978430911729e-09,,,,,,
daily_curve,2.5,55.0,15,0.5,0.1,350,0.03269690864292749,1.7106499550223475e-09,,,,,,
daily_curve,2.5,55.0,15,0.5,0.1,351,0.03100730076423605,1.8561632231239855e-09,,,,,,
daily_curve,2.5,55.0,15,0.5,0.1,352,0.029395284065094087,2.0095125563557303e-09,,,,,,
daily_curve,2.5,55.0,15,0.5,0.1,353,0.02785786263250562,2.1706126895892908e-09,,,,,,
daily_curve,2.5,55.0,15,0.5,0.1,354,0.026392124743704372,2.3393139647609473e-09,,,,,,
daily_curve,2.5,55.0,15,0.5,0.1,355,0.02499524221104519,2.5153985561132686e-09,,,,,,
daily_curve,2.5,55.0,15,0.5,0.1,356,0.023664469626876895,2.698576584414525e-09,,,,,,
daily_curve,2.5,55.0,15,0.5,0.1,357,0.02239714351511496,2.8884832303788244e-09,,,,,,
daily_curve,2.5,55.0,15,0.5,0.1,358,0.02119068139608917,3.276505289306897e-09,,,,,,
daily_curve,2.5,55.0,15,0.5,0.1,359,0.020042580771087105,3.938722459295718e-09,,,,,,
daily_curve,2.5,55.0,15,0.5,0.1,360,0.018950418032852086,4.723888724633696e-09,,,,,,
daily_curve,2.5,55.0,15,0.5,0.1,361,0.017911847308125697,5.652508794362632e-09,,,,,,
daily_curve,2.5,55.0,15,0.5,0.1,362,0.016924599238147556,6.748041014859041e-09,,,,,,
daily_curve,2.5,55.0,15,0.5,0.1,363,0.01598647970284488,8.03723365638831e-09,,,,,,
daily_curve,2.5,55.0,15,0.5,0.1,364,0.015095368494256266,9.550485846610002e-09,,,,,,
daily_curve,2.5,55.0,15,0.5,0.1,365,0.014249217944545135,1.1322227599919188e-08,,,,,,
daily_curve,2.5,55.0,15,0.5,0.2,1,0.011952045790011877,6.863675072743547e-09,,,,,,
daily_curve,2.5,55.0,15,0.5,0.2,2,0.011274633193182018,8.110071170186473e-09,,,,,,
daily_curve,2.5,55.0,15,0.5,0.2,3,0.010632099353768696,9.560685687581838e-09,,,,,,
daily_curve,2.5,55.0,15,0.5,0.2,4,0.010022869197176563,1.1244696618284422e-08,,,,,,
daily_curve,2.5,55.0,15,0.5,0.2,5,0.009445425580151396,1.3194674686189956e-08,,,,,,
daily_curve,2.5,55.0,15,0.5,0.2,6,0.008898307919231255,1.5446845580413537e-08,,,,,,
daily_curve,2.5,55.0,15,0.5,0.2,7,0.008380110807243853,1.8041350413611212e-08,,,,,,
daily_curve,2.5,55.0,15,0.5,0.2,8,0.008380110807243853,2.232983886685247e-08,,,,,,
daily_curve,2.5,55.0,15,0.5,0.2,9,0.008898307919231255,2.9287845815240132e-08,,,,,,
daily_curve,2.5,55.0,15,0.5,0.2,10,0.009445425580151396,3.832404260606381e-08,,,,,,
daily_curve,2.5,55.0,15,0.5,0.2,11,0.010022869197176563,5.003054781571592e-08,,,,,,
daily_curve,2.5,55.0,15,0.5,0.2,12,0.010632099353768696,6.515943185014805e-08,,,,,,
daily_curve,2.5,55.0,15,0.5,0.2,13,0.011274633193182018,8.46633517737061e-08,,,,,,
daily_curve,2.5,55.0,15,0.5,0.2,14,0.011952045790011877,1.0974578101841104e-07,,,,,,
daily_curve,2.5,55.0,15,0.5,0.2,15,0.012665971506262343,1.4192291020176384e-07,,,,,,
daily_curve,2.5,55.0,15,0.5,0.2,16,0.013418105328227792,1.8309968385921138e-07,,,,,,
daily_curve,2.5,55.0,15,0.5,0.2,17,0.01421020418030656,2.3566290729970518e-07,,,,,,
daily_curve,2.5,55.0,15,0.5,0.2,18,0.015044088211686716,3.0259488370543153e-07,,,,,,
daily_curve,2.5,55.0,15,0.5,0.2,19,0.015921642051667285,3.876116591028378e-07,,,,,,
daily_curve,2.5,55.0,15,0.5,0.2,20,0.016844816029201855,4.953306496080501e-07,,,,,,
daily_curve,2.5,55.0,15,0.5,0.2,21,0.017815627352077427,6.314732181600391e-07,,,,,,
daily_curve,2.5,55.0,15,0.5,0.2,22,0.018836161240968152,8.031086660142961e-07,,,,,,
daily_curve,2.5,55.0,15,0.5,0.2,23,0.01990857201343552,1.018947104469703e-06,,,,,,
daily_curve,2.5,55.0,15,0.5,0.2,24,0.021035084112779462,1.2896897905179117e-06,,,,,,
daily_curve,2.5,55.0,15,0.5,0.2,25,0.022217993076484616,1.62844674123086e-06,,,,,,
daily_curve,2.5,55.0,15,0.5,0.2,26,0.023459666438848333,2.0512327909560923e-06,,,,,,
daily_curve,2.5,55.0,15,0.5,0.2,27,0.02476254456222722,2.577554718885544e-06,,,,,,
daily_curve,2.5,55.0,15,0.5,0.2,28,0.026129141391194745,3.231103650302991e-06,,,,,,
daily_curve,2.5,55.0,15,0.5,0.2,29,0.02756204512376538,4.040568603369543e-06,,,,,,
daily_curve,2.5,55.0,15,0.5,0.2,30,0.02906391879371333,5.040588812788016e-06,,,,,,
daily_curve,2.5,55.0,15,0.5,0.2,31,0.030637500757893267,6.2728642754583674e-06,,,,,,
daily_curve,2.5,55.0,15,0.5,0.2,32,0.03228560508236233,7.787445817752925e-06,,,,,,
daily_curve,2.5,55.0,15,0.5,0.2,33,0.03401112182100343,9.644227824123774e-06,,,,,,
daily_curve,2.5,55.0,15,0.5,0.2,34,0.035817017180263776,1.1914668568646647e-05,,,,,,
daily_curve,2.5,55.0,15,0.5,0.2,35,0.0377063335635473,1.468376477642419e-05,,,,,,
daily_curve,2.5,55.0,15,0.5,0.2,36,0.039682189488740596,1.805230856744e-05,,,,,,
daily_curve,2.5,55.0,15,0.5,0.2,37,0.04174777937230435,2.2139456205994e-05,,,,,,
daily_curve,2.5,55.0,15,0.5,0.2,38,0.04390637317333304,2.7085639021540153e-05,,,,,,
daily_curve,2.5,55.0,15,0.5,0.2,39,0.04616131589096937,3.3055847382224e-05,,,,,,
daily_curve,2.5,55.0,15,0.5,0.2,40,0.04851602690856456,4.0243318576660414e-05,,,,,,
daily_curve,2.5,55.0,15,0.5,0.2,41,0.05097399917799448,4.887365879002736e-05,,,,,,
daily_curve,2.5,55.0,15,0.5,0.2,42,0.05353879823758339,5.920942791803885e-05,,,,,,
daily_curve,2.5,55.0,15,0.5,0.2,43,0.05621406105714433,7.155521361967843e-05,,,,,,
daily_curve,2.5,55.0,15,0.5,0.2,44,0.05900349470372687,8.626321765059508e-05,,,,,,
daily_curve,2.5,55.0,15,0.5,0.2,45,0.061910874821764154,0.00010373937299890112,,,,,,
daily_curve,2.5,55.0,15,0.5,0.2,46,0.06494004392143425,0.00012445000457061983,,,,,,
daily_curve,2.5,55.0,15,0.5,0.2,47,0.06809490946919866,0.00014892903900887156,,,,,,
daily_curve,2.5,55.0,15,0.5,0.2,48,0.07137944177464987,0.00017778576061200368,,,,,,
daily_curve,2.5,55.0,15,0.5,0.2,49,0.07479767166799522,0.00021171310015899447,,,,,,
daily_curve,2.5,55.0,15,0.5,0.2,50,0.07835368796272356,0.0002514964317279489,,,,,,
daily_curve,2.5,55.0,15,0.5,0.2,51,0.08205163469824674,0.0002980228393001383,,,,,,
daily_curve,2.5,55.0,15,0.5,0.2,52,0.08589570815757702,0.00035229080012610936,,,,,,
daily_curve,2.5,55.0,15,0.5,0.2,53,0.08989015365540048,0.00041542021558538256,,,,,,
daily_curve,2.5,55.0,15,0.5,0.2,54,0.09403926209222918,0.0004886627027484991,,,,,,
daily_curve,2.5,55.0,15,0.5,0.2,55,0.09834736627066694,0.0005734120412693722,,,,,,
daily_curve,2.5,55.0,15,0.5,0.2,56,0.10281883697019854,0.000671214650872054,,,,,,
daily_curve,2.5,55.0,15,0.5,0.2,57,0.10745807877732144,0.0007837799549126334,,,,,,
daily_curve,2.5,55.0,15,0.5,0.2,58,0.11226952566826745,0.0009129904657042553,,,,,,
daily_curve,2.5,55.0,15,0.5,0.2,59,0.11725763634202623,0.001060911407998577,,,,,,
daily_curve,2.5,55.0,15,0.5,0.2,60,0.12242688930186314,0.001229799678764354,,,,,,
daily_curve,2.5,55.0,15,0.5,0.2,61,0.1277817776840444,0.0014221119248227776,,,,,,
daily_curve,2.5,55.0,15,0.5,0.2,62,0.1333268038330163,0.0016405115056407071,,,,,,
daily_curve,2.5,55.0,15,0.5,0.2,63,0.13906647362285837,0.001887874097352138,,,,,,
daily_curve,2.5,55.0,15,0.5,0.2,64,0.1450052905254133,0.0021672916865790315,,,,,,
daily_curve,2.5,55.0,15,0.5,0.2,65,0.15114774942612155,0.0024820746995672938,,,,,,
daily_curve,2.5,55.0,15,0.5,0.2,66,0.15749833018922277,0.0028357520142043846,,,,,,
daily_curve,2.5,55.0,15,0.5,0.2,67,0.1640614909746519,0.0032320686102704776,,,,,,
daily_curve,2.5,55.0,15,0.5,0.2,68,0.1708416613096452,0.0036749806273131957,,,,,,
daily_curve,2.5,55.0,15,0.5,0.2,69,0.17784323491877263,0.004168647620236721,,,,,,
daily_curve,2.5,55.0,15,0.5,0.2,70,0.18507056231684407,0.004717421830331636,,,,,,
daily_curve,2.5,55.0,15,0.5,0.2,71,0.19252794316987878,0.005325834324109269,,,,,,
daily_curve,2.5,55.0,15,0.5,0.2,72,0.20021961843008942,0.00599857789383651,,,,,,
daily_curve,2.5,55.0,15,0.5,0.2,73,0.2081497622516063,0.006740486661748424,,,,,,
daily_curve,2.5,55.0,15,0.5,0.2,74,0.21632247369445945,0.007556512383946834,,,,,,
daily_curve,2.5,55.0,15,0.5,0.2,75,0.22474176822513467,0.008451697509160305,,,,,,
daily_curve,2.5,55.0,15,0.5,0.2,76,0.23341156902283436,0.009431145110740169,,,,,,
daily_curve,2.5,55.0,15,0.5,0.2,77,0.24233569810138605,0.010499985876202822,,,,,,
daily_curve,2.5,55.0,15,0.5,0.2,78,0.2515178672575708,0.011663342405751065,,,,,,
daily_curve,2.5,55.0,15,0.5,0.2,79,0.2609616688574652,0.012926291137831392,,,,,,
daily_curve,2.5,55.0,15,0.5,0.2,80,0.2706705664732254,0.014293822284055624,,,,,,
daily_curve,2.5,55.0,15,0.5,0.2,81,0.28064788538355373,0.01577079821583638,,,,,,
daily_curve,2.5,55.0,15,0.5,0.2,82,0.29089680295192494,0.017361910798931568,,,,,,
daily_curve,2.5,55.0,15,0.5,0.2,83,0.30142033889744996,0.019071638217900033,,,,,,
daily_curve,2.5,55.0,15,0.5,0.2,84,0.3122213454740676,0.020904201868535588,,,,,,
daily_curve,2.5,55.0,15,0.5,0.2,85,0.32330249757453977,0.02286352392114399,,,,,,
daily_curve,2.5,55.0,15,0.5,0.2,86,0.3346662827765083,0.024953186169843766,,,,,,
daily_curve,2.5,55.0,15,0.5,0.2,87,0.3463149913486192,0.027176390782031823,,,,,,
daily_curve,2.5,55.0,15,0.5,0.2,88,0.3582507062354716,0.02953592354727308,,,,,,
daily_curve,2.5,55.0,15,0.5,0.2,89,0.3704752930408399,0.032034120196112514,,,,,,
daily_curve,2.5,55.0,15,0.5,0.2,90,0.38299039002932617,0.03467283631707552,,,,,,
daily_curve,2.5,55.0,15,0.5,0.2,91,0.39579739816722936,0.037453421345284066,,,,,,
daily_curve,2.5,55.0,15,0.5,0.2,92,0.40889747122406234,0.040376697029960384,,,,,,
daily_curve,2.5,55.0,15,0.5,0.2,93,0.42229150595671155,0.04344294071230781,,,,,,
daily_curve,2.5,55.0,15,0.5,0.2,94,0.4359801323987956,0.0466518736618563,,,,,,
daily_curve,2.5,55.0,15,0.5,0.2,95,0.44996370427826904,0.05000265463060849,,,,,,
daily_curve,2.5,55.0,15,0.5,0.2,96,0.46424228958678637,0.053493878692650654,,,,,,
daily_curve,2.5,55.0,15,0.5,0.2,97,0.4788156613247382,0.05712358134480722,,,,,,
daily_curve,2.5,55.0,15,0.5,0.2,98,0.4936832884462429,0.06088924775389826,,,,,,
daily_curve,2.5,55.0,15,0.5,0.2,99,0.5088443270286697,0.0647878269505523,,,,,,
daily_curve,2.5,55.0,15,0.5,0.2,100,0.5242976116915261,0.06881575069049739,,,,,,
daily_curve,2.5,55.0,15,0.5,0.2,101,0.5400416472897266,0.07296895663365155,,,,,,
daily_curve,2.5,55.0,15,0.5,0.2,102,0.5560746009063883,0.07724291543070361,,,,,,
daily_curve,2.5,55.0,15,0.5,0.2,103,0.572394294170369,0.08163266125733426,,,,,,
daily_curve,2.5,55.0,15,0.5,0.2,104,0.5889981959237524,0.08613282529853405,,,,,,
daily_curve,2.5,55.0,15,0.5,0.2,105,0.6058834152644249,0.09073767165993951,,,,,,
daily_curve,2.5,55.0,15,0.5,0.2,106,0.6230466949887443,0.09544113516965891,,,,,,
daily_curve,2.5,55.0,15,0.5,0.2,107,0.6404844054590977,0.10023686053227276,,,,,,
daily_curve,2.5,55.0,15,0.5,0.2,108,0.6581925389208525,0.10511824230579292,,,,,,
daily_curve,2.5,55.0,15,0.5,0.2,109,0.6761667042928645,0.1100784651913419,,,,,,
daily_curve,2.5,55.0,15,0.5,0.2,110,0.6944021224552595,0.11511054415291855,,,,,,
daily_curve,2.5,55.0,15,0.5,0.2,111,0.7128936220577127,0.12020736391948084,,,,,,
daily_curve,2.5,55.0,15,0.5,0.2,112,0.7316356358708562,0.12536171746223035,,,,,,
daily_curve,2.5,55.0,15,0.5,0.2,113,0.7506221977027991,0.13056634308494353,,,,,,
daily_curve,2.5,55.0,15,0.5,0.2,114,0.7698469399019885,0.13581395981299837,,,,,,
daily_curve,2.5,55.0,15,0.5,0.2,115,0.7893030914668542,0.14109730081601635,,,,,,
daily_curve,2.5,55.0,15,0.5,0.2,116,0.8089834767817661,0.14640914464850252,,,,,,
daily_curve,2.5,55.0,15,0.5,0.2,117,0.8288805149978876,0.15174234414138899,,,,,,
daily_curve,2.5,55.0,15,0.5,0.2,118,0.8489862200764602,0.157089852824003,,,,,,
daily_curve,2.5,55.0,15,0.5,0.2,119,0.869292201510948,0.16244474879988313,,,,,,
daily_curve,2.5,55.0,15,0.5,0.2,120,0.8897896657432863,0.16780025604042637,,,,,,
daily_curve,2.5,55.0,15,0.5,0.2,121,0.9104694182882261,0.17314976309710406,,,,,,
daily_curve,2.5,55.0,15,0.5,0.2,122,0.9313218665784462,0.1784868392656246,,,,,,
daily_curve,2.5,55.0,15,0.5,0.2,123,0.9523370235417148,0.1838052482637994,,,,,,
daily_curve,2.5,55.0,15,0.5,0.2,124,0.9735045119199435,0.18909895950892885,,,,,,
daily_curve,2.5,55.0,15,0.5,0.2,125,0.994813569338451,0.19436215710037252,,,,,,
daily_curve,2.5,55.0,15,0.5,0.2,126,1.0162530541322106,0.19958924662874244,,,,,,
daily_curve,2.5,55.0,15,0.5,0.2,127,1.0378114519342103,0.20477485994511402,,,,,,
daily_curve,2.5,55.0,15,0.5,0.2,128,1.0594768830294112,0.20991385803207374,,,,,,
daily_curve,2.5,55.0,15,0.5,0.2,129,1.0812371104760548,0.2150013321236347,,,,,,
daily_curve,2.5,55.0,15,0.5,0.2,130,1.1030795489943288,0.22003260322341567,,,,,,
daily_curve,2.5,55.0,15,0.5,0.2,131,1.1249912746205917,0.22500322017033303,,,,,,
daily_curve,2.5,55.0,15,0.5,0.2,132,1.1469590351235521,0.22990895639878162,,,,,,
daily_curve,2.5,55.0,15,0.5,0.2,133,1.1689692611769171,0.23474580553618585,,,,,,
daily_curve,2.5,55.0,15,0.5,0.2,134,1.191008078281177,0.23950997597526225,,,,,,
daily_curve,2.5,55.0,15,0.5,0.2,135,1.2130613194252668,0.24419788455160196,,,,,,
daily_curve,2.5,55.0,15,0.5,0.2,136,1.2351145384769797,0.24880614944957813,,,,,,
daily_curve,2.5,55.0,15,0.5,0.2,137,1.257153024289039,0.2533315824513278,,,,,,
daily_curve,2.5,55.0,15,0.5,0.2,138,1.2791618155058804,0.25777118063489224,,,,,,
daily_curve,2.5,55.0,15,0.5,0.2,139,1.3011257160542373,0.26212211761869464,,,,,,
daily_curve,2.5,55.0,15,0.5,0.2,140,1.3230293112987495,0.2663817344405819,,,,,,
daily_curve,2.5,55.0,15,0.5,0.2,141,1.3448569848419205,0.2705475301507573,,,,,,
daily_curve,2.5,55.0,15,0.5,0.2,142,1.366592935945894,0.27461715218923555,,,,,,
daily_curve,2.5,55.0,15,0.5,0.2,143,1.3882211975516758,0.2785883866100153,,,,,,
daily_curve,2.5,55.0,15,0.5,0.2,144,1.409725654869642,0.28245914820608,,,,,,
daily_curve,2.5,55.0,15,0.5,0.2,145,1.431090064513402,0.28622747058164744,,,,,,
daily_curve,2.5,55.0,15,0.5,0.2,146,1.4522980741473817,0.28989149621082233,,,,,,
daily_curve,2.5,55.0,15,0.5,0.2,147,1.4733332426168209,0.2934494665150018,,,,,,
daily_curve,2.5,55.0,15,0.5,0.2,148,1.4941790605272827,0.2968997119850375,,,,,,
daily_curve,2.5,55.0,15,0.5,0.2,149,1.5148189712392341,0.30024064236827863,,,,,,
daily_curve,2.5,55.0,15,0.5,0.2,150,1.5352363922417709,0.30347073693520366,,,,,,
daily_curve,2.5,55.0,15,0.5,0.2,151,1.5554147368681799,0.30658853483538395,,,,,,
daily_curve,2.5,55.0,15,0.5,0.2,152,1.5753374363147055,0.30959262554799405,,,,,,
daily_curve,2.5,55.0,15,0.5,0.2,153,1.5949879619226506,0.3124816394279707,,,,,,
daily_curve,2.5,55.0,15,0.5,0.2,154,1.6143498476828098,0.31525423834522626,,,,,,
daily_curve,2.5,55.0,15,0.5,0.2,155,1.633406712920168,0.317909106410996,,,,,,
daily_curve,2.5,55.0,15,0.5,0.2,156,1.6521422851158627,0.32044494078245433,,,,,,
daily_curve,2.5,55.0,15,0.5,0.2,157,1.670540422822544,0.32286044253414414,,,,,,
daily_curve,2.5,55.0,15,0.5,0.2,158,1.6885851386285369,0.3251543075825185,,,,,,
daily_curve,2.5,55.0,15,0.5,0.2,159,1.706260622125569,0.3273252176479935,,,,,,
daily_curve,2.5,55.0,15,0.5,0.2,160,1.7235512628343128,0.32937183123735614,,,,,,
daily_curve,2.5,55.0,15,0.5,0.2,161,1.7404416730415861,0.331292774628163,,,,,,
daily_curve,2.5,55.0,15,0.5,0.2,162,1.756916710502766,0.33308663283593143,,,,,,
daily_curve,2.5,55.0,15,0.5,0.2,163,1.772961500962814,0.3347519405444839,,,,,,
daily_curve,2.5,55.0,15,0.5,0.2,164,1.7885614604492575,0.33628717297979505,,,,,,
daily_curve,2.5,55.0,15,0.5,0.2,165,1.8037023172905653,0.3376907367081746,,,,,,
daily_curve,2.5,55.0,15,0.5,0.2,166,1.8183701338135485,0.3389609603406458,,,,,,
daily_curve,2.5,55.0,15,0.5,0.2,167,1.8325513276737533,0.3400960851270519,,,,,,
daily_curve,2.5,55.0,15,0.5,0.2,168,1.8462326927732715,0.3410942554258457,,,,,,
daily_curve,2.5,55.0,15,0.5,0.2,169,1.8594014197209678,0.34195350903881383,,,,,,
daily_curve,2.5,55.0,15,0.5,0.2,170,1.8720451157908298,0.34267176740433647,,,,,,
daily_curve,2.5,55.0,15,0.5,0.2,171,1.8841518243349755,0.34324682564836406,,,,,,
daily_curve,2.5,55.0,15,0.5,0.2,172,1.8957100436088021,0.3436763424993523,,,,,,
daily_curve,2.5,55.0,15,0.5,0.2,173,1.9067087449668236,0.3439578300822066,,,,,,
daily_curve,2.5,55.0,15,0.5,0.2,174,1.9171373903889337,0.3440886436171734,,,,,,
daily_curve,2.5,55.0,15,0.5,0.2,175,1.9269859492981358,0.34406597106298153,,,,,,
daily_curve,2.5,55.0,15,0.5,0.2,176,1.936244914632181,0.34388682275979776,,,,,,
daily_curve,2.5,55.0,15,0.5,0.2,177,1.9449053181330829,0.34354802114727934,,,,,,
daily_curve,2.5,55.0,15,0.5,0.2,178,1.952958744820103,0.34304619065674113,,,,,,
daily_curve,2.5,55.0,15,0.5,0.2,179,1.9603973466135107,0.34237774790490993,,,,,,
daily_curve,2.5,55.0,15,0.5,0.2,180,1.9672138550782556,0.3415388923506677,,,,,,
daily_curve,2.5,55.0,15,0.5,0.2,181,1.9734015932585824,0.3405255976164502,,,,,,
daily_curve,2.5,55.0,15,0.5,0.2,182,1.9789544865766169,0.3393336037234812,,,,,,
daily_curve,2.5,55.0,15,0.5,0.2,183,1.9838670727700292,0.337958410545828,,,,,,
daily_curve,2.5,55.0,15,0.5,0.2,184,1.9881345108460065,0.3363952728533679,,,,,,
daily_curve,2.5,55.0,15,0.5,0.2,185,1.9917525890309968,0.33463919738927717,,,,,,
daily_curve,2.5,55.0,15,0.5,0.2,186,1.9947177316979496,0.3326849425145839,,,,,,
daily_curve,2.5,55.0,15,0.5,0.2,187,1.997027005255096,0.33052702105161724,,,,,,
daily_curve,2.5,55.0,15,0.5,0.2,188,1.998678122982704,0.32815970707049924,,,,,,
daily_curve,2.5,55.0,15,0.5,0.2,189,1.9996694488066362,0.32557704748850536,,,,,,
daily_curve,2.5,55.0,15,0.5,0.2,190,2.0,0.3227728794908924,,,,,,
daily_curve,2.5,55.0,15,0.5,0.2,191,1.9996694488066362,0.3197408549325713,,,,,,
daily_curve,2.5,55.0,15,0.5,0.2,192,1.998678122982704,0.31647447304053367,,,,,,
daily_curve,2.5,55.0,15,0.5,0.2,193,1.997027005255096,0.3129671229033576,,,,,,
daily_curve,2.5,55.0,15,0.5,0.2,194,1.9947177316979496,0.309212137400509,,,,,,
daily_curve,2.5,55.0,15,0.5,0.2,195,1.9917525890309968,0.30520286038187305,,,,,,
daily_curve,2.5,55.0,15,0.5,0.2,196,1.9881345108460065,0.30093272904502644,,,,,,
daily_curve,2.5,55.0,15,0.5,0.2,197,1.9838670727700292,0.2963953735581195,,,,,,
daily_curve,2.5,55.0,15,0.5,0.2,198,1.9789544865766169,0.2915847360189894,,,,,,
daily_curve,2.5,55.0,15,0.5,0.2,199,1.9734015932585824,0.28649521079994433,,,,,,
daily_curve,2.5,55.0,15,0.5,0.2,200,1.9672138550782556,0.2811218081703364,,,,,,
daily_curve,2.5,55.0,15,0.5,0.2,201,1.9603973466135107,0.2754603427775141,,,,,,
daily_curve,2.5,55.0,15,0.5,0.2,202,1.952958744820103,0.2695076480577977,,,,,,
daily_curve,2.5,55.0,15,0.5,0.2,203,1.9449053181330829,0.2632618168959745,,,,,,
daily_curve,2.5,55.0,15,0.5,0.2,204,1.936244914632181,0.2567224678073641,,,,,,
daily_curve,2.5,55.0,15,0.5,0.2,205,1.9269859492981358,0.24989103453800365,,,,,,
daily_curve,2.5,55.0,15,0.5,0.2,206,1.9171373903889337,0.2427710752347607,,,,,,
daily_curve,2.5,55.0,15,0.5,0.2,207,1.9067087449668236,0.23536859521783338,,,,,,
daily_curve,2.5,55.0,15,0.5,0.2,208,1.8957100436088021,0.2276923749153581,,,,,,
daily_curve,2.5,55.0,15,0.5,0.2,209,1.8841518243349755,0.21975429176183103,,,,,,
daily_curve,2.5,55.0,15,0.5,0.2,210,1.8720451157908298,0.21156962194640017,,,,,,
daily_curve,2.5,55.0,15,0.5,0.2,211,1.8594014197209678,0.20315730502275553,,,,,,
daily_curve,2.5,55.0,15,0.5,0.2,212,1.8462326927732715,0.19454015183598894,,,,,,
daily_curve,2.5,55.0,15,0.5,0.2,213,1.8325513276737533,0.18574497433487636,,,,,,
daily_curve,2.5,55.0,15,0.5,0.2,214,1.8183701338135485,0.17680261502991812,,,,,,
daily_curve,2.5,55.0,15,0.5,0.2,215,1.8037023172905653,0.16774785456052044,,,,,,
daily_curve,2.5,55.0,15,0.5,0.2,216,1.7885614604492575,0.15861917844966444,,,,,,
daily_curve,2.5,55.0,15,0.5,0.2,217,1.772961500962814,0.14945838894753039,,,,,,
daily_curve,2.5,55.0,15,0.5,0.2,218,1.756916710502766,0.14031005500501592,,,,,,
daily_curve,2.5,55.0,15,0.5,0.2,219,1.7404416730415861,0.1312208027128836,,,,,,
daily_curve,2.5,55.0,15,0.5,0.2,220,1.7235512628343128,0.12223845950254864,,,,,,
daily_curve,2.5,55.0,15,0.5,0.2,221,1.706260622125569,0.11341107719466925,,,,,,
daily_curve,2.5,55.0,15,0.5,0.2,222,1.6885851386285369,0.10478587046491783,,,,,,
daily_curve,2.5,55.0,15,0.5,0.2,223,1.670540422822544,0.0964081171494533,,,,,,
daily_curve,2.5,55.0,15,0.5,0.2,224,1.6521422851158627,0.0883200737051314,,,,,,
daily_curve,2.5,55.0,15,0.5,0.2,225,1.633406712920168,0.0805599619509475,,,,,,
daily_curve,2.5,55.0,15,0.5,0.2,226,1.6143498476828098,0.07316108125200482,,,,,,
daily_curve,2.5,55.0,15,0.5,0.2,227,1.5949879619226506,0.06615109345729853,,,,,,
daily_curve,2.5,55.0,15,0.5,0.2,228,1.5753374363147055,0.059551516713939434,,,,,,
daily_curve,2.5,55.0,15,0.5,0.2,229,1.5554147368681799,0.05337744989999882,,,,,,
daily_curve,2.5,55.0,15,0.5,0.2,230,1.5352363922417709,0.047637533424253586,,,,,,
daily_curve,2.5,55.0,15,0.5,0.2,231,1.5148189712392341,0.04233413629183658,,,,,,
daily_curve,2.5,55.0,15,0.5,0.2,232,1.4941790605272827,0.037463745288830785,,,,,,
daily_curve,2.5,55.0,15,0.5,0.2,233,1.4733332426168209,0.03301752120891188,,,,,,
daily_curve,2.5,55.0,15,0.5,0.2,234,1.4522980741473817,0.028981980032664945,,,,,,
daily_curve,2.5,55.0,15,0.5,0.2,235,1.431090064513402,0.025339754106562307,,,,,,
daily_curve,2.5,55.0,15,0.5,0.2,236,1.409725654869642,0.022070389360890785,,,,,,
daily_curve,2.5,55.0,15,0.5,0.2,237,1.3882211975516758,0.0191511387617167,,,,,,
daily_curve,2.5,55.0,15,0.5,0.2,238,1.366592935945894,0.016557718585662795,,,,,,
daily_curve,2.5,55.0,15,0.5,0.2,239,1.3448569848419205,0.014265001747570394,,,,,,
daily_curve,2.5,55.0,15,0.5,0.2,240,1.3230293112987495,0.012247630385989527,,,,,,
daily_curve,2.5,55.0,15,0.5,0.2,241,1.3011257160542373,0.010480537477385088,,,,,,
daily_curve,2.5,55.0,15,0.5,0.2,242,1.2791618155058804,0.008939373882504653,,,,,,
daily_curve,2.5,55.0,15,0.5,0.2,243,1.257153024289039,0.007600842624598481,,,,,,
daily_curve,2.5,55.0,15,0.5,0.2,244,1.2351145384769797,0.006442946250932335,,,,,,
daily_curve,2.5,55.0,15,0.5,0.2,245,1.2130613194252668,0.00544515587874983,,,,,,
daily_curve,2.5,55.0,15,0.5,0.2,246,1.191008078281177,0.0045885121187930755,,,,,,
daily_curve,2.5,55.0,15,0.5,0.2,247,1.1689692611769171,0.0038556687039836834,,,,,,
daily_curve,2.5,55.0,15,0.5,0.2,248,1.1469590351235521,0.0032308895473631694,,,,,,
daily_curve,2.5,55.0,15,0.5,0.2,249,1.1249912746205917,0.002700009323579722,,,,,,
daily_curve,2.5,55.0,15,0.5,0.2,250,1.1030795489943288,0.0022503666994184712,,,,,,
daily_curve,2.5,55.0,15,0.5,0.2,251,1.0812371104760548,0.001870718185486675,,,,,,
daily_curve,2.5,55.0,15,0.5,0.2,252,1.0594768830294112,0.001551139362700793,,,,,,
daily_curve,2.5,55.0,15,0.5,0.2,253,1.0378114519342103,0.0012829190401367763,,,,,,
daily_curve,2.5,55.0,15,0.5,0.2,254,1.0162530541322106,0.0010584507829917156,,,,,,
daily_curve,2.5,55.0,15,0.5,0.2,255,0.994813569338451,0.0008711252454347562,,,,,,
daily_curve,2.5,55.0,15,0.5,0.2,256,0.9735045119199435,0.0007152258697642466,,,,,,
daily_curve,2.5,55.0,15,0.5,0.2,257,0.9523370235417148,0.0005858297743056573,,,,,,
daily_curve,2.5,55.0,15,0.5,0.2,258,0.9313218665784462,0.0004787150429322873,,,,,,
daily_curve,2.5,55.0,15,0.5,0.2,259,0.9104694182882261,0.0003902751385441716,,,,,,
daily_curve,2.5,55.0,15,0.5,0.2,260,0.8897896657432863,0.0003174407779380495,,,,,,
daily_curve,2.5,55.0,15,0.5,0.2,261,0.869292201510948,0.0002576093117581113,,,,,,
daily_curve,2.5,55.0,15,0.5,0.2,262,0.8489862200764602,0.00020858143624291614,,,,,,
daily_curve,2.5,55.0,15,0.5,0.2,263,0.8288805149978876,0.00016850490974862353,,,,,,
daily_curve,2.5,55.0,15,0.5,0.2,264,0.8089834767817661,0.0001358248443289467,,,,,,
daily_curve,2.5,55.0,15,0.5,0.2,265,0.7893030914668542,0.00010924008028212473,,,,,,
daily_curve,2.5,55.0,15,0.5,0.2,266,0.7698469399019885,8.766512039404262e-05,,,,,,
daily_curve,2.5,55.0,15,0.5,0.2,267,0.7506221977027991,7.019709294853183e-05,,,,,,
daily_curve,2.5,55.0,15,0.5,0.2,268,0.7316356358708562,5.608722213867878e-05,,,,,,
daily_curve,2.5,55.0,15,0.5,0.2,269,0.7128936220577127,4.471630622404632e-05,,,,,,
daily_curve,2.5,55.0,15,0.5,0.2,270,0.6944021224552595,3.5573733578320166e-05,,,,,,
daily_curve,2.5,55.0,15,0.5,0.2,271,0.6761667042928645,2.8239601521873325e-05,,,,,,
daily_curve,2.5,55.0,15,0.5,0.2,272,0.6581925389208525,2.236954011547443e-05,,,,,,
daily_curve,2.5,55.0,15,0.5,0.2,273,0.6404844054590977,1.7681881100628516e-05,,,,,,
daily_curve,2.5,55.0,15,0.5,0.2,274,0.6230466949887443,1.3946849596657707e-05,,,,,,
daily_curve,2.5,55.0,15,0.5,0.2,275,0.6058834152644249,1.0977492078234619e-05,,,,,,
daily_curve,2.5,55.0,15,0.5,0.2,276,0.5889981959237524,8.622087957488311e-06,,,,,,
daily_curve,2.5,55.0,15,0.5,0.2,277,0.572394294170369,6.757823387881778e-06,,,,,,
daily_curve,2.5,55.0,15,0.5,0.2,278,0.5560746009063883,5.285534525723001e-06,,,,,,
daily_curve,2.5,55.0,15,0.5,0.2,279,0.5400416472897266,4.1253533406004905e-06,,,,,,
daily_curve,2.5,55.0,15,0.5,0.2,280,0.5242976116915261,3.2131122248424404e-06,,,,,,
daily_curve,2.5,55.0,15,0.5,0.2,281,0.5088443270286697,2.4973842099873522e-06,,,,,,
daily_curve,2.5,55.0,15,0.5,0.2,282,0.4936832884462429,1.937053701106528e-06,,,,,,
daily_curve,2.5,55.0,15,0.5,0.2,283,0.4788156613247382,1.4993284946918095e-06,,,,,,
daily_curve,2.5,55.0,15,0.5,0.2,284,0.46424228958678637,1.1581176148078853e-06,,,,,,
daily_curve,2.5,55.0,15,0.5,0.2,285,0.44996370427826904,8.927114182322171e-07,,,,,,
daily_curve,2.5,55.0,15,0.5,0.2,286,0.4359801323987956,6.867106570052073e-07,,,,,,
daily_curve,2.5,55.0,15,0.5,0.2,287,0.42229150595671155,5.271599444744979e-07,,,,,,
daily_curve,2.5,55.0,15,0.5,0.2,288,0.40889747122406234,4.0384852928454507e-07,,,,,,
daily_curve,2.5,55.0,15,0.5,0.2,289,0.39579739816722936,3.087475980434462e-07,,,,,,
daily_curve,2.5,55.0,15,0.5,0.2,290,0.38299039002932617,2.3555865991120584e-07,,,,,,
daily_curve,2.5,55.0,15,0.5,0.2,291,0.3704752930408399,1.7935204310592923e-07,,,,,,
daily_curve,2.5,55.0,15,0.5,0.2,292,0.3582507062354716,1.3627828088225158e-07,,,,,,
daily_curve,2.5,55.0,15,0.5,0.2,293,0.3463149913486192,1.0333828948105861e-07,,,,,,
daily_curve,2.5,55.0,15,0.5,0.2,294,0.3346662827765083,7.820083292031654e-08,,,,,,
daily_curve,2.5,55.0,15,0.5,0.2,295,0.32330249757453977,5.905791455873555e-08,,,,,,
daily_curve,2.5,55.0,15,0.5,0.2,296,0.3122213454740676,4.451050628073716e-08,,,,,,
daily_curve,2.5,55.0,15,0.5,0.2,297,0.30142033889744996,3.347847665757797e-08,,,,,,
daily_curve,2.5,55.0,15,0.5,0.2,298,0.29089680295192494,2.6672807296179712e-08,,,,,,
daily_curve,2.5,55.0,15,0.5,0.2,299,0.28064788538355373,2.250986164131774e-08,,,,,,
daily_curve,2.5,55.0,15,0.5,0.2,300,0.2706705664732254,1.895821155617483e-08,,,,,,
daily_curve,2.5,55.0,15,0.5,0.2,301,0.2609616688574652,1.5934612407342286e-08,,,,,,
daily_curve,2.5,55.0,15,0.5,0.2,302,0.2515178672575708,1.3366089568478401e-08,,,,,,
daily_curve,2.5,55.0,15,0.5,0.2,303,0.24233569810138605,1.1188839632580994e-08,,,,,,
daily_curve,2.5,55.0,15,0.5,0.2,304,0.23341156902283436,9.347223439704067e-09,,,,,,
daily_curve,2.5,55.0,15,0.5,0.2,305,0.22474176822513467,7.792846701271117e-09,,,,,,
daily_curve,2.5,55.0,15,0.5,0.2,306,0.21632247369445945,6.483724890316012e-09,,,,,,
daily_curve,2.5,55.0,15,0.5,0.2,307,0.2081497622516063,5.3835277347147326e-09,,,,,,
daily_curve,2.5,55.0,15,0.5,0.2,308,0.20021961843008942,4.460896985136742e-09,,,,,,
daily_curve,2.5,55.0,15,0.5,0.2,309,0.19252794316987878,3.6888350152253224e-09,,,,,,
daily_curve,2.5,55.0,15,0.5,0.2,310,0.18507056231684407,3.044156371423412e-09,,,,,,
daily_curve,2.5,55.0,15,0.5,0.2,311,0.17784323491877263,2.5069994968873743e-09,,,,,,
daily_curve,2.5,55.0,15,0.5,0.2,312,0.1708416613096452,2.060392301217462e-09,,,,,,
daily_curve,2.5,55.0,15,0.5,0.2,313,0.1640614909746519,1.7949309816245318e-09,,,,,,
daily_curve,2.5,55.0,15,0.5,0.2,314,0.15749833018922277,1.6574691619197779e-09,,,,,,
daily_curve,2.5,55.0,15,0.5,0.2,315,0.15114774942612155,1.5273776687863005e-09,,,,,,
daily_curve,2.5,55.0,15,0.5,0.2,316,0.1450052905254133,1.4045888896419e-09,,,,,,
daily_curve,2.5,55.0,15,0.5,0.2,317,0.13906647362285837,1.2889985745445642e-09,,,,,,
daily_curve,2.5,55.0,15,0.5,0.2,318,0.1333268038330163,1.180468944816937e-09,,,,,,
daily_curve,2.5,55.0,15,0.5,0.2,319,0.1277817776840444,1.0788326898492073e-09,,,,,,
daily_curve,2.5,55.0,15,0.5,0.2,320,0.12242688930186314,9.83896519812788e-10,,,,,,
daily_curve,2.5,55.0,15,0.5,0.2,321,0.11725763634202623,8.954451624632043e-10,,,,,,
daily_curve,2.5,55.0,15,0.5,0.2,322,0.11226952566826745,8.132445827868651e-10,,,,,,
daily_curve,2.5,55.0,15,0.5,0.2,323,0.10745807877732144,7.370454246924396e-10,,,,,,
daily_curve,2.5,55.0,15,0.5,0.2,324,0.10281883697019854,6.665866747468385e-10,,,,,,
daily_curve,2.5,55.0,15,0.5,0.2,325,0.09834736627066694,6.01598104665868e-10,,,,,,
daily_curve,2.5,55.0,15,0.5,0.2,326,0.09403926209222918,5.418038240279088e-10,,,,,,
daily_curve,2.5,55.0,15,0.5,0.2,327,0.08989015365540048,4.869245007199652e-10,,,,,,
daily_curve,2.5,55.0,15,0.5,0.2,328,0.08589570815757702,4.638358586106506e-10,,,,,,
daily_curve,2.5,55.0,15,0.5,0.2,329,0.08205163469824674,4.683258225668396e-10,,,,,,
daily_curve,2.5,55.0,15,0.5,0.2,330,0.07835368796272356,4.71856664852055e-10,,,,,,
daily_curve,2.5,55.0,15,0.5,0.2,331,0.07479767166799522,4.744041826043599e-10,,,,,,
daily_curve,2.5,55.0,15,0.5,0.2,332,0.07137944177464987,4.759499461215455e-10,,,,,,
daily_curve,2.5,55.0,15,0.5,0.2,333,0.06809490946919866,4.764818539726434e-10,,,,,,
daily_curve,2.5,55.0,15,0.5,0.2,334,0.06494004392143425,4.759943550425305e-10,,,,,,
daily_curve,2.5,55.0,15,0.5,0.2,335,0.061910874821764154,4.74488448531929e-10,,,,,,
daily_curve,2.5,55.0,15,0.5,0.2,336,0.05900349470372687,4.719714619128013e-10,,,,,,
daily_curve,2.5,55.0,15,0.5,0.2,337,0.05621406105714433,4.684572729729553e-10,,,,,,
daily_curve,2.5,55.0,15,0.5,0.2,338,0.05353879823758339,4.6396630981604403e-10,,,,,,
daily_curve,2.5,55.0,15,0.5,0.2,339,0.05097399917799448,4.5852477370544875e-10,,,,,,
daily_curve,2.5,55.0,15,0.5,0.2,340,0.04851602690856456,4.52164972131186e-10,,,,,,
daily_curve,2.5,55.0,15,0.5,0.2,341,0.04616131589096937,4.4492498574300043e-10,,,,,,
daily_curve,2.5,55.0,15,0.5,0.2,342,0.04390637317333304,4.368478911942475e-10,,,,,,
daily_curve,2.5,55.0,15,0.5,0.2,343,0.04174777937230435,4.5459658259972e-10,,,,,,
daily_curve,2.5,55.0,15,0.5,0.2,344,0.039682189488740596,5.013863768610349e-10,,,,,,
daily_curve,2.5,55.0,15,0.5,0.2,345,0.0377063335635473,5.517798440379806e-10,,,,,,
daily_curve,2.5,55.0,15,0.5,0.2,346,0.035817017180263776,6.059039936445743e-10,,,,,,
daily_curve,2.5,55.0,15,0.5,0.2,347,0.03401112182100343,6.638719574070251e-10,,,,,,
daily_curve,2.5,55.0,15,0.5,0.2,348,0.03228560508236233,7.257802137061731e-10,,,,,,
daily_curve,2.5,55.0,15,0.5,0.2,349,0.030637500757893267,7.917061450868346e-10,,,,,,
daily_curve,2.5,55.0,15,0.5,0.2,350,0.02906391879371333,8.617052627002408e-10,,,,,,
daily_curve,2.5,55.0,15,0.5,0.2,351,0.02756204512376538,9.358086527910814e-10,,,,,,
daily_curve,2.5,55.0,15,0.5,0.2,352,0.026129141391194745,1.0140205342068498e-09,,,,,,
daily_curve,2.5,55.0,15,0.5,0.2,353,0.02476254456222722,1.0963155938625846e-09,,,,,,
daily_curve,2.5,55.0,15,0.5,0.2,354,0.023459666438848333,1.18263676629482e-09,,,,,,
daily_curve,2.5,55.0,15,0.5,0.2,355,0.022217993076484616,1.272892791170932e-09,,,,,,
daily_curve,2.5,55.0,15,0.5,0.2,356,0.021035084112779462,1.3669566589769033e-09,,,,,,
daily_curve,2.5,55.0,15,0.5,0.2,357,0.01990857201343552,1.464663723638182e-09,,,,,,
daily_curve,2.5,55.0,15,0.5,0.2,358,0.018836161240968152,1.6631842569836408e-09,,,,,,
daily_curve,2.5,55.0,15,0.5,0.2,359,0.017815627352077427,2.001519838756849e-09,,,,,,
daily_curve,2.5,55.0,15,0.5,0.2,360,0.016844816029201855,2.4032175138799516e-09,,,,,,
daily_curve,2.5,55.0,15,0.5,0.2,361,0.015921642051667285,2.8789737260837e-09,,,,,,
daily_curve,2.5,55.0,15,0.5,0.2,362,0.015044088211686716,3.4410548854779677e-09,,,,,,
daily_curve,2.5,55.0,15,0.5,0.2,363,0.01421020418030656,4.10348266477456e-09,,,,,,
daily_curve,2.5,55.0,15,0.5,0.2,364,0.013418105328227792,4.8822335063647415e-09,,,,,,
daily_curve,2.5,55.0,15,0.5,0.2,365,0.012665971506262343,5.79545178513996e-09,,,,,,
daily_curve,2.5,55.0,15,0.5,0.3,1,0.01045804006626039,3.202239029498344e-09,,,,,,
daily_curve,2.5,55.0,15,0.5,0.3,2,0.009865304044034264,3.789000668774634e-09,,,,,,
daily_curve,2.5,55.0,15,0.5,0.3,3,0.009303086934547608,4.473097670043558e-09,,,,,,
daily_curve,2.5,55.0,15,0.5,0.3,4,0.008770010547529492,5.268694591720191e-09,,,,,,
daily_curve,2.5,55.0,15,0.5,0.3,5,0.00826474738263247,6.19165618775952e-09,,,,,,
daily_curve,2.5,55.0,15,0.5,0.3,6,0.007786019429327347,7.2596895162035935e-09,,,,,,
daily_curve,2.5,55.0,15,0.5,0.3,7,0.007332596956338371,8.492487491018608e-09,,,,,,
daily_curve,2.5,55.0,15,0.5,0.3,8,0.007332596956338371,1.0528268479248482e-08,,,,,,
daily_curve,2.5,55.0,15,0.5,0.3,9,0.007786019429327347,1.3831919387641278e-08,,,,,,
daily_curve,2.5,55.0,15,0.5,0.3,10,0.00826474738263247,1.813044570031508e-08,,,,,,
daily_curve,2.5,55.0,15,0.5,0.3,11,0.008770010547529492,2.3710100216511876e-08,,,,,,
daily_curve,2.5,55.0,15,0.5,0.3,12,0.009303086934547608,3.0935385697539175e-08,,,,,,
daily_curve,2.5,55.0,15,0.5,0.3,13,0.009865304044034264,4.0269227619127435e-08,,,,,,
daily_curve,2.5,55.0,15,0.5,0.3,14,0.01045804006626039,5.229800148498498e-08,,,,,,
daily_curve,2.5,55.0,15,0.5,0.3,15,0.011082725067979547,6.776248884232672e-08,,,,,,
daily_curve,2.5,55.0,15,0.5,0.3,16,0.011740842162199318,8.759605074626364e-08,,,,,,
daily_curve,2.5,55.0,15,0.5,0.3,17,0.01243392865776824,1.1297155677603143e-07,,,,,,
daily_curve,2.5,55.0,15,0.5,0.3,18,0.013163577185225876,1.4535889858446893e-07,,,,,,
daily_curve,2.5,55.0,15,0.5,0.3,19,0.013931436795208873,1.865952572455143e-07,,,,,,
daily_curve,2.5,55.0,15,0.5,0.3,20,0.01473921402555162,2.389706801331215e-07,,,,,,
daily_curve,2.5,55.0,15,0.5,0.3,21,0.015588673933067747,3.053319735935034e-07,,,,,,
daily_curve,2.5,55.0,15,0.5,0.3,22,0.016481641085847133,3.892084269319085e-07,,,,,,
daily_curve,2.5,55.0,15,0.5,0.3,23,0.017420000511756076,4.94963462327469e-07,,,,,,
daily_curve,2.5,55.0,15,0.5,0.3,24,0.01840569859868203,6.279769604322638e-07,,,,,,
daily_curve,2.5,55.0,15,0.5,0.3,25,0.019440743941924035,7.948637416044235e-07,,,,,,
daily_curve,2.5,55.0,15,0.5,0.3,26,0.020527208133992288,1.0037344999602738e-06,,,,,,
daily_curve,2.5,55.0,15,0.5,0.3,27,0.021667226491948813,1.2645063863780948e-06,,,,,,
daily_curve,2.5,55.0,15,0.5,0.3,28,0.0228629987172954,1.5892714272380815e-06,,,,,,
daily_curve,2.5,55.0,15,0.5,0.3,29,0.024116789483294702,1.992732037048306e-06,,,,,,
daily_curve,2.5,55.0,15,0.5,0.3,30,0.02543092894449916,2.492714043733635e-06,,,,,,
daily_curve,2.5,55.0,15,0.5,0.3,31,0.026807813163156606,3.1107688784892673e-06,,,,,,
daily_curve,2.5,55.0,15,0.5,0.3,32,0.028249904447067035,3.872877889499193e-06,,,,,,
daily_curve,2.5,55.0,15,0.5,0.3,33,0.029759731593378,4.810273091959694e-06,,,,,,
daily_curve,2.5,55.0,15,0.5,0.3,34,0.031339890032730806,5.960390064174703e-06,,,,,,
daily_curve,2.5,55.0,15,0.5,0.3,35,0.03299304186810389,7.367970106919586e-06,,,,,,
daily_curve,2.5,55.0,15,0.5,0.3,36,0.034721915802648017,9.08633016860616e-06,,,,,,
daily_curve,2.5,55.0,15,0.5,0.3,37,0.0365293069507663,1.1178820378821008e-05,,,,,,
daily_curve,2.5,55.0,15,0.5,0.3,38,0.03841807652666641,1.3720490269930607e-05,,,,,,
daily_curve,2.5,55.0,15,0.5,0.3,39,0.040391151404598195,1.6799985861126743e-05,,,,,,
daily_curve,2.5,55.0,15,0.5,0.3,40,0.042451523544993985,2.0521700665909748e-05,,,,,,
daily_curve,2.5,55.0,15,0.5,0.3,41,0.04460224928074517,2.5008204305065895e-05,,,,,,
daily_curve,2.5,55.0,15,0.5,0.3,42,0.04684644845788546,3.0402972686083274e-05,,,,,,
daily_curve,2.5,55.0,15,0.5,0.3,43,0.049187303425001286,3.687344356473332e-05,,,,,,
daily_curve,2.5,55.0,15,0.5,0.3,44,0.051628057865761,4.461442066361343e-05,,,,,,
daily_curve,2.5,55.0,15,0.5,0.3,45,0.05417201546904363,5.3851848280106474e-05,,,,,,
daily_curve,2.5,55.0,15,0.5,0.3,46,0.05682253843125496,6.484697639852488e-05,,,,,,
daily_curve,2.5,55.0,15,0.5,0.3,47,0.05958304578554882,7.790093362369799e-05,,,,,,
daily_curve,2.5,55.0,15,0.5,0.3,48,0.06245701155281864,9.335972169466356e-05,,,,,,
daily_curve,2.5,55.0,15,0.5,0.3,49,0.06544796270949582,0.00011161964083472586,,,,,,
daily_curve,2.5,55.0,15,0.5,0.3,50,0.0685594769673831,0.00013313314966079126,,,,,,
daily_curve,2.5,55.0,15,0.5,0.3,51,0.07179518036096588,0.00015841515677272877,,,,,,
daily_curve,2.5,55.0,15,0.5,0.3,52,0.07515874463787987,0.00018804973339692221,,,,,,
daily_curve,2.5,55.0,15,0.5,0.3,53,0.0786538844484754,0.00022269722757350952,,,,,,
daily_curve,2.5,55.0,15,0.5,0.3,54,0.08228435433070053,0.0002631017503376132,,,,,,
daily_curve,2.5,55.0,15,0.5,0.3,55,0.08605394548683357,0.0003100989931914544,,,,,,
daily_curve,2.5,55.0,15,0.5,0.3,56,0.08996648234892371,0.0003646243239717739,,,,,,
daily_curve,2.5,55.0,15,0.5,0.3,57,0.09402581893015624,0.00042772109508693035,,,,,,
daily_curve,2.5,55.0,15,0.5,0.3,58,0.09823583495973401,0.0005005490841893945,,,,,,
daily_curve,2.5,55.0,15,0.5,0.3,59,0.10260043179927293,0.0005843929728615027,,,,,,
daily_curve,2.5,55.0,15,0.5,0.3,60,0.10712352813913024,0.000680670754072743,,,,,,
daily_curve,2.5,55.0,15,0.5,0.3,61,0.11180905547353884,0.0007909419443128396,,,,,,
daily_curve,2.5,55.0,15,0.5,0.3,62,0.11666095335388925,0.0009169154617623132,,,,,,
daily_curve,2.5,55.0,15,0.5,0.3,63,0.12168316442000106,0.0010604570180239303,,,,,,
daily_curve,2.5,55.0,15,0.5,0.3,64,0.12687962920973664,0.0012235958582270667,,,,,,
daily_curve,2.5,55.0,15,0.5,0.3,65,0.13225428074785633,0.0014085306732094516,,,,,,
daily_curve,2.5,55.0,15,0.5,0.3,66,0.1378110389155699,0.0016176344984495383,,,,,,
daily_curve,2.5,55.0,15,0.5,0.3,67,0.14355380460282038,0.0018534584079864524,,,,,,
daily_curve,2.5,55.0,15,0.5,0.3,68,0.14948645364593954,0.0021187338082025997,,,,,,
daily_curve,2.5,55.0,15,0.5,0.3,69,0.15561283055392602,0.002416373136557959,,,,,,
daily_curve,2.5,55.0,15,0.5,0.3,70,0.16193674202723854,0.0027494687745875934,,,,,,
daily_curve,2.5,55.0,15,0.5,0.3,71,0.1684619502736439,0.003121289993104348,,,,,,
daily_curve,2.5,55.0,15,0.5,0.3,72,0.17519216612632824,0.003535277760909783,,,,,,
daily_curve,2.5,55.0,15,0.5,0.3,73,0.18213104197015548,0.00399503726661965,,,,,,
daily_curve,2.5,55.0,15,0.5,0.3,74,0.18928216448265198,0.004504328026583182,,,,,,
daily_curve,2.5,55.0,15,0.5,0.3,75,0.1966490471969928,0.005067051480285079,,,,,,
daily_curve,2.5,55.0,15,0.5,0.3,76,0.20423512289498005,0.005687236007897223,,,,,,
daily_curve,2.5,55.0,15,0.5,0.3,77,0.21204373583871278,0.006369019342470916,,,,,,
daily_curve,2.5,55.0,15,0.5,0.3,78,0.22007813385037445,0.0071166283911323625,,,,,,
daily_curve,2.5,55.0,15,0.5,0.3,79,0.228341460250282,0.007934356524890607,,,,,,
daily_curve,2.5,55.0,15,0.5,0.3,80,0.2368367456640722,0.008826538444475007,,,,,,
daily_curve,2.5,55.0,15,0.5,0.3,81,0.2455668997106095,0.009797522778991596,,,,,,
daily_curve,2.5,55.0,15,0.5,0.3,82,0.2545347025829343,0.010851642624009838,,,,,,
daily_curve,2.5,55.0,15,0.5,0.3,83,0.26374279653526866,0.011993184274745827,,,,,,
daily_curve,2.5,55.0,15,0.5,0.3,84,0.2731936772898091,0.013226354456976175,,,,,,
daily_curve,2.5,55.0,15,0.5,0.3,85,0.2828896853777223,0.014555246401877553,,,,,,
daily_curve,2.5,55.0,15,0.5,0.3,86,0.2928329974294447,0.01598380514979203,,,,,,
daily_curve,2.5,55.0,15,0.5,0.3,87,0.3030256174300418,0.017515792500703342,,,,,,
daily_curve,2.5,55.0,15,0.5,0.3,88,0.3134693679560376,0.019154752054797886,,,,,,
daily_curve,2.5,55.0,15,0.5,0.3,89,0.32416588141073494,0.02090397480385553,,,,,,
daily_curve,2.5,55.0,15,0.5,0.3,90,0.33511659127566035,0.022766465742555253,,,,,,
daily_curve,2.5,55.0,15,0.5,0.3,91,0.34632272339632564,0.02474491196750217,,,,,,
daily_curve,2.5,55.0,15,0.5,0.3,92,0.3577852873210545,0.026841652720581366,,,,,,
daily_curve,2.5,55.0,15,0.5,0.3,93,0.36950506771212255,0.02905865181210454,,,,,,
daily_curve,2.5,55.0,15,0.5,0.3,94,0.3814826158489461,0.03139747282842176,,,,,,
daily_curve,2.5,55.0,15,0.5,0.3,95,0.39371824124348537,0.03385925748882557,,,,,,
daily_curve,2.5,55.0,15,0.5,0.3,96,0.406212003388438,0.036444707468561655,,,,,,
daily_curve,2.5,55.0,15,0.5,0.3,97,0.41896370365914587,0.03915406994971238,,,,,,
daily_curve,2.5,55.0,15,0.5,0.3,98,0.4319728773904625,0.04198712710103736,,,,,,
daily_curve,2.5,55.0,15,0.5,0.3,99,0.44523878615008594,0.044943189623052104,,,,,,
daily_curve,2.5,55.0,15,0.5,0.3,100,0.4587604102300853,0.048021094427403876,,,,,,
daily_curve,2.5,55.0,15,0.5,0.3,101,0.47253644137851075,0.051219206451659116,,,,,,
daily_curve,2.5,55.0,15,0.5,0.3,102,0.48656527579308967,0.05453542454370153,,,,,,
daily_curve,2.5,55.0,15,0.5,0.3,103,0.5008450073990729,0.05796719128568495,,,,,,
daily_curve,2.5,55.0,15,0.5,0.3,104,0.5153734214332834,0.061511506567441754,,,,,,
daily_curve,2.5,55.0,15,0.5,0.3,105,0.5301479883563717,0.06516494466476463,,,,,,
daily_curve,2.5,55.0,15,0.5,0.3,106,0.5451658581151512,0.06892367453020021,,,,,,
daily_curve,2.5,55.0,15,0.5,0.3,107,0.5604238547767103,0.0727834829638142,,,,,,
daily_curve,2.5,55.0,15,0.5,0.3,108,0.5759184715557458,0.07673980029943117,,,,,,
daily_curve,2.5,55.0,15,0.5,0.3,109,0.5916458662562564,0.08078772821847247,,,,,,
daily_curve,2.5,55.0,15,0.5,0.3,110,0.607601857148352,0.08492206928880075,,,,,,
daily_curve,2.5,55.0,15,0.5,0.3,111,0.6237819193004984,0.08913735781974552,,,,,,
daily_curve,2.5,55.0,15,0.5,0.3,112,0.6401811813869992,0.09342789162633902,,,,,,
daily_curve,2.5,55.0,15,0.5,0.3,113,0.6567944229899492,0.09778776430512526,,,,,,
daily_curve,2.5,55.0,15,0.5,0.3,114,0.6736160724142399,0.10221089763995994,,,,,,
daily_curve,2.5,55.0,15,0.5,0.3,115,0.6906402050334973,0.10669107377809195,,,,,,
daily_curve,2.5,55.0,15,0.5,0.3,116,0.7078605421840451,0.11122196684355712,,,,,,
daily_curve,2.5,55.0,15,0.5,0.3,117,0.7252704506231515,0.1157971736854908,,,,,,
daily_curve,2.5,55.0,15,0.5,0.3,118,0.7428629425669027,0.12041024349236229,,,,,,
daily_curve,2.5,55.0,15,0.5,0.3,119,0.7606306763220794,0.12505470603836877,,,,,,
daily_curve,2.5,55.0,15,0.5,0.3,120,0.7785659575253755,0.12972409836434085,,,,,,
daily_curve,2.5,55.0,15,0.5,0.3,121,0.7966607410021977,0.13441198973166923,,,,,,
daily_curve,2.5,55.0,15,0.5,0.3,122,0.8149066332561403,0.1391120047231822,,,,,,
daily_curve,2.5,55.0,15,0.5,0.3,123,0.8332948955990003,0.14381784439893508,,,,,,
daily_curve,2.5,55.0,15,0.5,0.3,124,0.8518164479299504,0.14852330544697512,,,,,,
daily_curve,2.5,55.0,15,0.5,0.3,125,0.8704618731711445,0.1532222972988727,,,,,,
daily_curve,2.5,55.0,15,0.5,0.3,126,0.8892214223656841,0.1579088572068662,,,,,,
daily_curve,2.5,55.0,15,0.5,0.3,127,0.9080850204424339,0.1625771633036106,,,,,,
daily_curve,2.5,55.0,15,0.5,0.3,128,0.9270422726507347,0.16722154568666003,,,,,,
daily_curve,2.5,55.0,15,0.5,0.3,129,0.9460824716665478,0.17183649558788694,,,,,,
daily_curve,2.5,55.0,15,0.5,0.3,130,0.9651946053700375,0.17641667270312666,,,,,,
daily_curve,2.5,55.0,15,0.5,0.3,131,0.9843673652930176,0.1809569107694915,,,,,,
daily_curve,2.5,55.0,15,0.5,0.3,132,1.003589155733108,0.1854522214872245,,,,,,
daily_curve,2.5,55.0,15,0.5,0.3,133,1.0228481035298025,0.18989779688981212,,,,,,
daily_curve,2.5,55.0,15,0.5,0.3,134,1.0421320684960296,0.19428901027058654,,,,,,
daily_curve,2.5,55.0,15,0.5,0.3,135,1.0614286544971083,0.19862141577645265,,,,,,
daily_curve,2.5,55.0,15,0.5,0.3,136,1.080725221167357,0.20289074677991348,,,,,,
daily_curve,2.5,55.0,15,0.5,0.3,137,1.1000088962529089,0.2070929131394843,,,,,,
daily_curve,2.5,55.0,15,0.5,0.3,138,1.1192665885676452,0.2112239974561334,,,,,,
daily_curve,2.5,55.0,15,0.5,0.3,139,1.1384850015474575,0.2152802504297776,,,,,,
daily_curve,2.5,55.0,15,0.5,0.3,140,1.1576506473864054,0.21925808541532732,,,,,,
daily_curve,2.5,55.0,15,0.5,0.3,141,1.1767498617366803,0.2231540722725155,,,,,,
daily_curve,2.5,55.0,15,0.5,0.3,142,1.195768818952657,0.22696493059793565,,,,,,
daily_curve,2.5,55.0,15,0.5,0.3,143,1.214693547857716,0.23068752242153756,,,,,,
daily_curve,2.5,55.0,15,0.5,0.3,144,1.2335099480109364,0.23431884444341056,,,,,,
daily_curve,2.5,55.0,15,0.5,0.3,145,1.2522038064492267,0.23785601988017868,,,,,,
daily_curve,2.5,55.0,15,0.5,0.3,146,1.2707608148789589,0.24129628998382668,,,,,,
daily_curve,2.5,55.0,15,0.5,0.3,147,1.289166587289718,0.24463700528938814,,,,,,
daily_curve,2.5,55.0,15,0.5,0.3,148,1.3074066779613722,0.2478756166417203,,,,,,
daily_curve,2.5,55.0,15,0.5,0.3,149,1.3254665998343298,0.2510096660456508,,,,,,
daily_curve,2.5,55.0,15,0.5,0.3,150,1.3433318432115495,0.25403677737815034,,,,,,
daily_curve,2.5,55.0,15,0.5,0.3,151,1.3609878947596572,0.25695464699592185,,,,,,
daily_curve,2.5,55.0,15,0.5,0.3,152,1.3784202567753672,0.25976103426693886,,,,,,
daily_curve,2.5,55.0,15,0.5,0.3,153,1.3956144666823191,0.2624537520500463,,,,,,
daily_curve,2.5,55.0,15,0.5,0.3,154,1.4125561167224583,0.26503065714279095,,,,,,
daily_curve,2.5,55.0,15,0.5,0.3,155,1.4292308738051467,0.26748964071420644,,,,,,
daily_curve,2.5,55.0,15,0.5,0.3,156,1.4456244994763796,0.26982861873636554,,,,,,
daily_curve,2.5,55.0,15,0.5,0.3,157,1.461722869969726,0.2720455224261704,,,,,,
daily_curve,2.5,55.0,15,0.5,0.3,158,1.4775119962999694,0.2741382887071071,,,,,,
daily_curve,2.5,55.0,15,0.5,0.3,159,1.4929780443598726,0.27610485069960167,,,,,,
daily_curve,2.5,55.0,15,0.5,0.3,160,1.5081073549800235,0.2779431282482091,,,,,,
daily_curve,2.5,55.0,15,0.5,0.3,161,1.5228864639113877,0.2796510184942348,,,,,,
daily_curve,2.5,55.0,15,0.5,0.3,162,1.53730212168992,0.2812263865035777,,,,,,
daily_curve,2.5,55.0,15,0.5,0.3,163,1.5513413133424618,0.28266705596170183,,,,,,
daily_curve,2.5,55.0,15,0.5,0.3,164,1.5649912778931,0.283970799950785,,,,,,
daily_curve,2.5,55.0,15,0.5,0.3,165,1.5782395276292445,0.2851353318283887,,,,,,
daily_curve,2.5,55.0,15,0.5,0.3,166,1.591073867086855,0.2861582962325887,,,,,,
daily_curve,2.5,55.0,15,0.5,0.3,167,1.6034824117145339,0.2870372602455762,,,,,,
daily_curve,2.5,55.0,15,0.5,0.3,168,1.6154536061766125,0.2877697047564768,,,,,,
daily_curve,2.5,55.0,15,0.5,0.3,169,1.6269762422558467,0.28835301607477803,,,,,,
daily_curve,2.5,55.0,15,0.5,0.3,170,1.6380394763169759,0.2887844778585593,,,,,,
daily_curve,2.5,55.0,15,0.5,0.3,171,1.6486328462931032,0.28906126343697736,,,,,,
daily_curve,2.5,55.0,15,0.5,0.3,172,1.6587462881577015,0.28918042862450033,,,,,,
daily_curve,2.5,55.0,15,0.5,0.3,173,1.6683701518459706,0.28913890514557117,,,,,,
daily_curve,2.5,55.0,15,0.5,0.3,174,1.6774952165903168,0.2889334948130924,,,,,,
daily_curve,2.5,55.0,15,0.5,0.3,175,1.6861127056358687,0.28856086463279174,,,,,,
daily_curve,2.5,55.0,15,0.5,0.3,176,1.694214300303158,0.2880175430385553,,,,,,
daily_curve,2.5,55.0,15,0.5,0.3,177,1.7017921533664475,0.28729991750165884,,,,,,
daily_curve,2.5,55.0,15,0.5,0.3,178,1.7088389017175898,0.28640423379986535,,,,,,
daily_curve,2.5,55.0,15,0.5,0.3,179,1.7153476782868216,0.2853265972809723,,,,,,
daily_curve,2.5,55.0,15,0.5,0.3,180,1.7213121231934736,0.28406297650982826,,,,,,
daily_curve,2.5,55.0,15,0.5,0.3,181,1.7267263941012594,0.28260920974822934,,,,,,
daily_curve,2.5,55.0,15,0.5,0.3,182,1.7315851757545395,0.2809610147833528,,,,,,
daily_curve,2.5,55.0,15,0.5,0.3,183,1.7358836886737752,0.2791140026920794,,,,,,
daily_curve,2.5,55.0,15,0.5,0.3,184,1.7396176969902555,0.27706369620488003,,,,,,
daily_curve,2.5,55.0,15,0.5,0.3,185,1.742783515402122,0.2748055534125091,,,,,,
daily_curve,2.5,55.0,15,0.5,0.3,186,1.7453780152357057,0.27233499763944036,,,,,,
daily_curve,2.5,55.0,15,0.5,0.3,187,1.7473986295982087,0.2696474543867362,,,,,,
daily_curve,2.5,55.0,15,0.5,0.3,188,1.7488433576098656,0.2667383963196728,,,,,,
daily_curve,2.5,55.0,15,0.5,0.3,189,1.7497107677058064,0.26360339733627935,,,,,,
daily_curve,2.5,55.0,15,0.5,0.3,190,1.75,0.2602381967947126,,,,,,
daily_curve,2.5,55.0,15,0.5,0.3,191,1.7497107677058064,0.25663877499078314,,,,,,
daily_curve,2.5,55.0,15,0.5,0.3,192,1.7488433576098656,0.25280144095057466,,,,,,
daily_curve,2.5,55.0,15,0.5,0.3,193,1.7473986295982087,0.24872293352318686,,,,,,
daily_curve,2.5,55.0,15,0.5,0.3,194,1.7453780152357057,0.2444005366091554,,,,,,
daily_curve,2.5,55.0,15,0.5,0.3,195,1.742783515402122,0.23983220912292624,,,,,,
daily_curve,2.5,55.0,15,0.5,0.3,196,1.7396176969902555,0.2350167299432142,,,,,,
daily_curve,2.5,55.0,15,0.5,0.3,197,1.7358836886737752,0.22995385763301057,,,,,,
daily_curve,2.5,55.0,15,0.5,0.3,198,1.7315851757545395,0.22464450409227266,,,,,,
daily_curve,2.5,55.0,15,0.5,0.3,199,1.7267263941012594,0.21909092052516177,,,,,,
daily_curve,2.5,55.0,15,0.5,0.3,200,1.7213121231934736,0.21329689315074574,,,,,,
daily_curve,2.5,55.0,15,0.5,0.3,201,1.7153476782868216,0.2072679449622704,,,,,,
daily_curve,2.5,55.0,15,0.5,0.3,202,1.7088389017175898,0.20101153856134224,,,,,,
daily_curve,2.5,55.0,15,0.5,0.3,203,1.7017921533664475,0.19453727369552276,,,,,,
daily_curve,2.5,55.0,15,0.5,0.3,204,1.694214300303158,0.1878570716718243,,,,,,
daily_curve,2.5,55.0,15,0.5,0.3,205,1.6861127056358687,0.18098533739443867,,,,,,
daily_curve,2.5,55.0,15,0.5,0.3,206,1.6774952165903168,0.1739390885040668,,,,,,
daily_curve,2.5,55.0,15,0.5,0.3,207,1.6683701518459706,0.1667380401298596,,,,,,
daily_curve,2.5,55.0,15,0.5,0.3,208,1.6587462881577015,0.1594046332786765,,,,,,
daily_curve,2.5,55.0,15,0.5,0.3,209,1.6486328462931032,0.1519639950674393,,,,,,
daily_curve,2.5,55.0,15,0.5,0.3,210,1.6380394763169759,0.14444382003285505,,,,,,
daily_curve,2.5,55.0,15,0.5,0.3,211,1.6269762422558467,0.13687416377574946,,,,,,
daily_curve,2.5,55.0,15,0.5,0.3,212,1.6154536061766125,0.12928714329812818,,,,,,
daily_curve,2.5,55.0,15,0.5,0.3,213,1.6034824117145339,0.12171654255789088,,,,,,
daily_curve,2.5,55.0,15,0.5,0.3,214,1.591073867086855,0.11419732686396322,,,,,,
daily_curve,2.5,55.0,15,0.5,0.3,215,1.5782395276292445,0.10676507548920122,,,,,,
daily_curve,2.5,55.0,15,0.5,0.3,216,1.5649912778931,0.09945534787762422,,,,,,
daily_curve,2.5,55.0,15,0.5,0.3,217,1.5513413133424618,0.09230300454104567,,,,,,
daily_curve,2.5,55.0,15,0.5,0.3,218,1.53730212168992,0.08534150858929046,,,,,,
daily_curve,2.5,55.0,15,0.5,0.3,219,1.5228864639113877,0.07860223723701865,,,,,,
daily_curve,2.5,55.0,15,0.5,0.3,220,1.5081073549800235,0.07211383408932326,,,,,,
daily_curve,2.5,55.0,15,0.5,0.3,221,1.4929780443598726,0.06590163221170542,,,,,,
daily_curve,2.5,55.0,15,0.5,0.3,222,1.4775119962999694,0.05998717485908012,,,,,,
daily_curve,2.5,55.0,15,0.5,0.3,223,1.461722869969726,0.05438785546279867,,,,,,
daily_curve,2.5,55.0,15,0.5,0.3,224,1.4456244994763796,0.04911669150130904,,,,,,
daily_curve,2.5,55.0,15,0.5,0.3,225,1.4292308738051467,0.04418223885922734,,,,,,
daily_curve,2.5,55.0,15,0.5,0.3,226,1.4125561167224583,0.039588644976832454,,,,,,
daily_curve,2.5,55.0,15,0.5,0.3,227,1.3956144666823191,0.035335831281690044,,,,,,
daily_curve,2.5,55.0,15,0.5,0.3,228,1.3784202567753672,0.031419788756010814,,,,,,
daily_curve,2.5,55.0,15,0.5,0.3,229,1.3609878947596572,0.027832965529118625,,,,,,
daily_curve,2.5,55.0,15,0.5,0.3,230,1.3433318432115495,0.024564722369211367,,,,,,
daily_curve,2.5,55.0,15,0.5,0.3,231,1.3254665998343298,0.02160183092138024,,,,,,
daily_curve,2.5,55.0,15,0.5,0.3,232,1.3074066779613722,0.01892899032879536,,,,,,
daily_curve,2.5,55.0,15,0.5,0.3,233,1.289166587289718,0.01652934015288887,,,,,,
daily_curve,2.5,55.0,15,0.5,0.3,234,1.2707608148789589,0.014384950856214829,,,,,,
daily_curve,2.5,55.0,15,0.5,0.3,235,1.2522038064492267,0.012477277081965887,,,,,,
daily_curve,2.5,55.0,15,0.5,0.3,236,1.2335099480109364,0.010787563139310619,,,,,,
daily_curve,2.5,55.0,15,0.5,0.3,237,1.214693547857716,0.009297194134465836,,,,,,
daily_curve,2.5,55.0,15,0.5,0.3,238,1.195768818952657,0.00798798981373372,,,,,,
daily_curve,2.5,55.0,15,0.5,0.3,239,1.1767498617366803,0.006842441241192376,,,,,,
daily_curve,2.5,55.0,15,0.5,0.3,240,1.1576506473864054,0.005843892841795872,,,,,,
daily_curve,2.5,55.0,15,0.5,0.3,241,1.1384850015474575,0.0049766740935082154,,,,,,
daily_curve,2.5,55.0,15,0.5,0.3,242,1.1192665885676452,0.004226186295625212,,,,,,
daily_curve,2.5,55.0,15,0.5,0.3,243,1.1000088962529089,0.0035789504543191075,,,,,,
daily_curve,2.5,55.0,15,0.5,0.3,244,1.080725221167357,0.0030226225074110324,,,,,,
daily_curve,2.5,55.0,15,0.5,0.3,245,1.0614286544971083,0.0025459819590111232,,,,,,
daily_curve,2.5,55.0,15,0.5,0.3,246,1.0421320684960296,0.0021388996059931165,,,,,,
daily_curve,2.5,55.0,15,0.5,0.3,247,1.0228481035298025,0.0017922894959306879,,,,,,
daily_curve,2.5,55.0,15,0.5,0.3,248,1.003589155733108,0.0014980496294447754,,,,,,
daily_curve,2.5,55.0,15,0.5,0.3,249,0.9843673652930176,0.001248995263282926,,,,,,
daily_curve,2.5,55.0,15,0.5,0.3,250,0.9651946053700375,0.001038788024104731,,,,,,
daily_curve,2.5,55.0,15,0.5,0.3,251,0.9460824716665478,0.0008618634346762022,,,,,,
daily_curve,2.5,55.0,15,0.5,0.3,252,0.9270422726507347,0.0007133589014304276,,,,,,
daily_curve,2.5,55.0,15,0.5,0.3,253,0.9080850204424339,0.0005890437244411295,,,,,,
daily_curve,2.5,55.0,15,0.5,0.3,254,0.8892214223656841,0.0004852522709583029,,,,,,
daily_curve,2.5,55.0,15,0.5,0.3,255,0.8704618731711445,0.0003988211005888642,,,,,,
daily_curve,2.5,55.0,15,0.5,0.3,256,0.8518164479299504,0.0003270305399204476,,,,,,
daily_curve,2.5,55.0,15,0.5,0.3,257,0.8332948955990003,0.00026755097107789005,,,,,,
daily_curve,2.5,55.0,15,0.5,0.3,258,0.8149066332561403,0.00021839391569999922,,,,,,
daily_curve,2.5,55.0,15,0.5,0.3,259,0.7966607410021977,0.00017786785621098922,,,,,,
daily_curve,2.5,55.0,15,0.5,0.3,260,0.7785659575253755,0.00014453863331276295,,,,,,
daily_curve,2.5,55.0,15,0.5,0.3,261,0.7606306763220794,0.00011719418604128062,,,,,,
daily_curve,2.5,55.0,15,0.5,0.3,262,0.7428629425669027,9.481335285055348e-05,,,,,,
daily_curve,2.5,55.0,15,0.5,0.3,263,0.7252704506231515,7.65384239977962e-05,,,,,,
daily_curve,2.5,55.0,15,0.5,0.3,264,0.7078605421840451,6.165112269951312e-05,,,,,,
daily_curve,2.5,55.0,15,0.5,0.3,265,0.6906402050334973,4.9551691445492985e-05,,,,,,
daily_curve,2.5,55.0,15,0.5,0.3,266,0.6736160724142399,3.974076746937616e-05,,,,,,
daily_curve,2.5,55.0,15,0.5,0.3,267,0.6567944229899492,3.180374516709161e-05,,,,,,
daily_curve,2.5,55.0,15,0.5,0.3,268,0.6401811813869992,2.5397341240296356e-05,,,,,,
daily_curve,2.5,55.0,15,0.5,0.3,269,0.6237819193004984,2.023809890905337e-05,,,,,,
daily_curve,2.5,55.0,15,0.5,0.3,270,0.607601857148352,1.6092589447902483e-05,,,,,,
daily_curve,2.5,55.0,15,0.5,0.3,271,0.5916458662562564,1.276909161618267e-05,,,,,,
daily_curve,2.5,55.0,15,0.5,0.3,272,0.5759184715557458,1.0110551551978375e-05,,,,,,
daily_curve,2.5,55.0,15,0.5,0.3,273,0.5604238547767103,7.988646895218388e-06,,,,,,
daily_curve,2.5,55.0,15,0.5,0.3,274,0.5451658581151512,6.298798936876793e-06,,,,,,
daily_curve,2.5,55.0,15,0.5,0.3,275,0.5301479883563717,4.955995244082523e-06,,,,,,
daily_curve,2.5,55.0,15,0.5,0.3,276,0.5153734214332834,3.891302357339477e-06,,,,,,
daily_curve,2.5,55.0,15,0.5,0.3,277,0.5008450073990729,3.0489637532493674e-06,,,,,,
daily_curve,2.5,55.0,15,0.5,0.3,278,0.48656527579308967,2.3839923146695696e-06,,,,,,
daily_curve,2.5,55.0,15,0.5,0.3,279,0.47253644137851075,1.8601791000882884e-06,,,,,,
daily_curve,2.5,55.0,15,0.5,0.3,280,0.4587604102300853,1.4484513359835915e-06,,,,,,
daily_curve,2.5,55.0,15,0.5,0.3,281,0.44523878615008594,1.125522350764463e-06,,,,,,
daily_curve,2.5,55.0,15,0.5,0.3,282,0.4319728773904625,8.727847501388553e-07,,,,,,
daily_curve,2.5,55.0,15,0.5,0.3,283,0.41896370365914587,6.754055881241783e-07,,,,,,
daily_curve,2.5,55.0,15,0.5,0.3,284,0.406212003388438,5.215887465270796e-07,,,,,,
daily_curve,2.5,55.0,15,0.5,0.3,285,0.39371824124348537,4.019752891659678e-07,,,,,,
daily_curve,2.5,55.0,15,0.5,0.3,286,0.3814826158489461,3.091573170799222e-07,,,,,,
daily_curve,2.5,55.0,15,0.5,0.3,287,0.36950506771212255,2.3728490916585798e-07,,,,,,
daily_curve,2.5,55.0,15,0.5,0.3,288,0.3577852873210545,1.817491748212774e-07,,,,,,
daily_curve,2.5,55.0,15,0.5,0.3,289,0.34632272339632564,1.3892736017151464e-07,,,,,,
daily_curve,2.5,55.0,15,0.5,0.3,290,0.33511659127566035,1.0597839461556902e-07,,,,,,
daily_curve,2.5,55.0,15,0.5,0.3,291,0.32416588141073494,8.067932677491285e-08,,,,,,
daily_curve,2.5,55.0,15,0.5,0.3,292,0.3134693679560376,6.129480656369424e-08,,,,,,
daily_curve,2.5,55.0,15,0.5,0.3,293,0.3030256174300418,4.647320617223727e-08,,,,,,
daily_curve,2.5,55.0,15,0.5,0.3,294,0.2928329974294447,3.5164152034639073e-08,,,,,,
daily_curve,2.5,55.0,15,0.5,0.3,295,0.2828896853777223,2.6553219623082214e-08,,,,,,
daily_curve,2.5,55.0,15,0.5,0.3,296,0.2731936772898091,2.0010349821575346e-08,,,,,,
daily_curve,2.5,55.0,15,0.5,0.3,297,0.26374279653526866,1.5049203438977088e-08,,,,,,
daily_curve,2.5,55.0,15,0.5,0.3,298,0.2545347025829343,1.1989884973750975e-08,,,,,,
daily_curve,2.5,55.0,15,0.5,0.3,299,0.2455668997106095,1.0119523885521176e-08,,,,,,
daily_curve,2.5,55.0,15,0.5,0.3,300,0.2368367456640722,8.52369264059405e-09,,,,,,
daily_curve,2.5,55.0,15,0.5,0.3,301,0.228341460250282,7.165019466626177e-09,,,,,,
daily_curve,2.5,55.0,15,0.5,0.3,302,0.22007813385037445,6.010741904205474e-09,,,,,,
daily_curve,2.5,55.0,15,0.5,0.3,303,0.21204373583871278,5.032214089872866e-09,,,,,,
daily_curve,2.5,55.0,15,0.5,0.3,304,0.20423512289498005,4.204454340239749e-09,,,,,,
daily_curve,2.5,55.0,15,0.5,0.3,305,0.1966490471969928,3.5057327041343456e-09,,,,,,
daily_curve,2.5,55.0,15,0.5,0.3,306,0.18928216448265198,2.917196928464705e-09,,,,,,
daily_curve,2.5,55.0,15,0.5,0.3,307,0.18213104197015548,2.4225320638393555e-09,,,,,,
daily_curve,2.5,55.0,15,0.5,0.3,308,0.17519216612632824,2.0076558193693472e-09,,,,,,
daily_curve,2.5,55.0,15,0.5,0.3,309,0.1684619502736439,1.6604430053135388e-09,,,,,,
daily_curve,2.5,55.0,15,0.5,0.3,310,0.16193674202723854,1.3704798407232488e-09,,,,,,
daily_curve,2.5,55.0,15,0.5,0.3,311,0.15561283055392602,1.1288450174617992e-09,,,,,,
daily_curve,2.5,55.0,15,0.5,0.3,312,0.14948645364593954,9.279144119744842e-10,,,,,,
daily_curve,2.5,55.0,15,0.5,0.3,313,0.14355380460282038,8.085163649695915e-10,,,,,,
daily_curve,2.5,55.0,15,0.5,0.3,314,0.1378110389155699,7.467497731283856e-10,,,,,,
daily_curve,2.5,55.0,15,0.5,0.3,315,0.13225428074785633,6.882858727408347e-10,,,,,,
daily_curve,2.5,55.0,15,0.5,0.3,316,0.12687962920973664,6.330951318744837e-10,,,,,,
daily_curve,2.5,55.0,15,0.5,0.3,317,0.12168316442000106,5.811310321846008e-10,,,,,,
daily_curve,2.5,55.0,15,0.5,0.3,318,0.11666095335388925,5.323322893602267e-10,,,,,,
daily_curve,2.5,55.0,15,0.5,0.3,319,0.11180905547353884,4.86624407436409e-10,,,,,,
daily_curve,2.5,55.0,15,0.5,0.3,320,0.10712352813913024,4.4392123310643683e-10,,,,,,
daily_curve,2.5,55.0,15,0.5,0.3,321,0.10260043179927293,4.041267320786801e-10,,,,,,
daily_curve,2.5,55.0,15,0.5,0.3,322,0.09823583495973401,3.671362103219167e-10,,,,,,
daily_curve,2.5,55.0,15,0.5,0.3,323,0.09402581893015624,3.328384234890791e-10,,,,,,
daily_curve,2.5,55.0,15,0.5,0.3,324,0.08996648234892371,3.011166871402793e-10,,,,,,
daily_curve,2.5,55.0,15,0.5,0.3,325,0.08605394548683357,2.7185032003274046e-10,,,,,,
daily_curve,2.5,55.0,15,0.5,0.3,326,0.08228435433070053,2.4491575434382185e-10,,,,,,
daily_curve,2.5,55.0,15,0.5,0.3,327,0.0786538844484754,2.2018820100555558e-10,,,,,,
daily_curve,2.5,55.0,15,0.5,0.3,328,0.07515874463787987,2.0982693360593885e-10,,,,,,
daily_curve,2.5,55.0,15,0.5,0.3,329,0.07179518036096588,2.1194168642324485e-10,,,,,,
daily_curve,2.5,55.0,15,0.5,0.3,330,0.0685594769673831,2.1362744906383568e-10,,,,,,
daily_curve,2.5,55.0,15,0.5,0.3,331,0.06544796270949582,2.1487267520825526e-10,,,,,,
daily_curve,2.5,55.0,15,0.5,0.3,332,0.06245701155281864,2.1566881613921396e-10,,,,,,
daily_curve,2.5,55.0,15,0.5,0.3,333,0.05958304578554882,2.160098766523788e-10,,,,,,
daily_curve,2.5,55.0,15,0.5,0.3,334,0.05682253843125496,2.1589274812328085e-10,,,,,,
daily_curve,2.5,55.0,15,0.5,0.3,335,0.05417201546904363,2.153174305519201e-10,,,,,,
daily_curve,2.5,55.0,15,0.5,0.3,336,0.051628057865761,2.1428647745125318e-10,,,,,,
daily_curve,2.5,55.0,15,0.5,0.3,337,0.049187303425001286,2.128057730033106e-10,,,,,,
daily_curve,2.5,55.0,15,0.5,0.3,338,0.04684644845788546,2.108835328584746e-10,,,,,,
daily_curve,2.5,55.0,15,0.5,0.3,339,0.04460224928074517,2.0853119231389883e-10,,,,,,
daily_curve,2.5,55.0,15,0.5,0.3,340,0.042451523544993985,2.0576274017969354e-10,,,,,,
daily_curve,2.5,55.0,15,0.5,0.3,341,0.040391151404598195,2.0259438571201827e-10,,,,,,
daily_curve,2.5,55.0,15,0.5,0.3,342,0.03841807652666641,1.9904500270229164e-10,,,,,,
daily_curve,2.5,55.0,15,0.5,0.3,343,0.0365293069507663,2.072707561140419e-10,,,,,,
daily_curve,2.5,55.0,15,0.5,0.3,344,0.034721915802648017,2.2876256444703813e-10,,,,,,
daily_curve,2.5,55.0,15,0.5,0.3,345,0.03299304186810389,2.5193558350622425e-10,,,,,,
daily_curve,2.5,55.0,15,0.5,0.3,346,0.031339890032730806,2.7685309600400387e-10,,,,,,
daily_curve,2.5,55.0,15,0.5,0.3,347,0.029759731593378,3.035726114930526e-10,,,,,,
daily_curve,2.5,55.0,15,0.5,0.3,348,0.028249904447067035,3.321447561432933e-10,,,,,,
daily_curve,2.5,55.0,15,0.5,0.3,349,0.026807813163156606,3.6261149638505685e-10,,,,,,
daily_curve,2.5,55.0,15,0.5,0.3,350,0.02543092894449916,3.950054727752672e-10,,,,,,
daily_curve,2.5,55.0,15,0.5,0.3,351,0.024116789483294702,4.293487787521144e-10,,,,,,
daily_curve,2.5,55.0,15,0.5,0.3,352,0.0228629987172954,4.6565129530051763e-10,,,,,,
daily_curve,2.5,55.0,15,0.5,0.3,353,0.021667226491948813,5.039098027737055e-10,,,,,,
daily_curve,2.5,55.0,15,0.5,0.3,354,0.020527208133992288,5.441070927147962e-10,,,,,,
daily_curve,2.5,55.0,15,0.5,0.3,355,0.019440743941924035,5.862103025222609e-10,,,,,,
daily_curve,2.5,55.0,15,0.5,0.3,356,0.01840569859868203,6.301704713607137e-10,,,,,,
daily_curve,2.5,55.0,15,0.5,0.3,357,0.017420000511756076,6.759215409601893e-10,,,,,,
daily_curve,2.5,55.0,15,0.5,0.3,358,0.016481641085847133,7.683645941725104e-10,,,,,,
daily_curve,2.5,55.0,15,0.5,0.3,359,0.015588673933067747,9.25698073750425e-10,,,,,,
daily_curve,2.5,55.0,15,0.5,0.3,360,0.01473921402555162,1.112753889032092e-09,,,,,,
daily_curve,2.5,55.0,15,0.5,0.3,361,0.013931436795208873,1.3346110883105666e-09,,,,,,
daily_curve,2.5,55.0,15,0.5,0.3,362,0.013163577185225876,1.5971077793608401e-09,,,,,,
daily_curve,2.5,55.0,15,0.5,0.3,363,0.01243392865776824,1.906934499196211e-09,,,,,,
daily_curve,2.5,55.0,15,0.5,0.3,364,0.011740842162199318,2.2717338010735943e-09,,,,,,
daily_curve,2.5,55.0,15,0.5,0.3,365,0.011082725067979547,2.7002090563499337e-09,,,,,,
daily_curve,2.5,55.0,15,0.5,0.4,1,0.008964034342508906,1.3207974713935755e-09,,,,,,
daily_curve,2.5,55.0,15,0.5,0.4,2,0.008455974894886512,1.5650217788376608e-09,,,,,,
daily_curve,2.5,55.0,15,0.5,0.4,3,0.00797407451532652,1.850264608194152e-09,,,,,,
daily_curve,2.5,55.0,15,0.5,0.4,4,0.007517151897882423,2.182604874612082e-09,,,,,,
daily_curve,2.5,55.0,15,0.5,0.4,5,0.007084069185113546,2.568873336272759e-09,,,,,,
daily_curve,2.5,55.0,15,0.5,0.4,6,0.006673730939423441,3.0167205400388752e-09,,,,,,
daily_curve,2.5,55.0,15,0.5,0.4,7,0.006285083105432889,3.5346860993712426e-09,,,,,,
daily_curve,2.5,55.0,15,0.5,0.4,8,0.006285083105432889,4.389244856461971e-09,,,,,,
daily_curve,2.5,55.0,15,0.5,0.4,9,0.006673730939423441,5.776310763039305e-09,,,,,,
daily_curve,2.5,55.0,15,0.5,0.4,10,0.007084069185113546,7.58456131233487e-09,,,,,,
daily_curve,2.5,55.0,15,0.5,0.4,11,0.007517151897882423,9.93638016311138e-09,,,,,,
daily_curve,2.5,55.0,15,0.5,0.4,12,0.00797407451532652,1.2988004449709933e-08,,,,,,
daily_curve,2.5,55.0,15,0.5,0.4,13,0.008455974894886512,1.693837947680521e-08,,,,,,
daily_curve,2.5,55.0,15,0.5,0.4,14,0.008964034342508906,2.2040184344263025e-08,,,,,,
daily_curve,2.5,55.0,15,0.5,0.4,15,0.009499478629696755,2.8613519442721724e-08,,,,,,
daily_curve,2.5,55.0,15,0.5,0.4,16,0.010063578996170844,3.706285078841631e-08,,,,,,
daily_curve,2.5,55.0,15,0.5,0.4,17,0.010657653135229919,4.789792185100339e-08,,,,,,
daily_curve,2.5,55.0,15,0.5,0.4,18,0.011283066158765035,6.175948696895972e-08,,,,,,
daily_curve,2.5,55.0,15,0.5,0.4,19,0.011941231538750463,7.945088398297884e-08,,,,,,
daily_curve,2.5,55.0,15,0.5,0.4,20,0.01263361202190139,1.019766523446819e-07,,,,,,
daily_curve,2.5,55.0,15,0.5,0.4,21,0.01336172051405807,1.3058962788914386e-07,,,,,,
daily_curve,2.5,55.0,15,0.5,0.4,22,0.014127120930726114,1.6684819847956334e-07,,,,,,
daily_curve,2.5,55.0,15,0.5,0.4,23,0.014931429010076639,2.126856977202607e-07,,,,,,
daily_curve,2.5,55.0,15,0.5,0.4,24,0.015776313084584596,2.7049425077585454e-07,,,,,,
daily_curve,2.5,55.0,15,0.5,0.4,25,0.016663494807363458,3.432257623670054e-07,,,,,,
daily_curve,2.5,55.0,15,0.5,0.4,26,0.01759474982913625,4.345131690008941e-07,,,,,,
daily_curve,2.5,55.0,15,0.5,0.4,27,0.018571908421670412,5.488155558897034e-07,,,,,,
daily_curve,2.5,55.0,15,0.5,0.4,28,0.019596856043396057,6.915912774685395e-07,,,,,,
daily_curve,2.5,55.0,15,0.5,0.4,29,0.02067153384282403,8.695038125061672e-07,,,,,,
daily_curve,2.5,55.0,15,0.5,0.4,30,0.021797939095284994,1.090665740055563e-06,,,,,,
daily_curve,2.5,55.0,15,0.5,0.4,31,0.02297812556841995,1.3649269333670944e-06,,,,,,
daily_curve,2.5,55.0,15,0.5,0.4,32,0.024214203811771747,1.7042138436007548e-06,,,,,,
daily_curve,2.5,55.0,15,0.5,0.4,33,0.025508341365752574,2.122927571401867e-06,,,,,,
daily_curve,2.5,55.0,15,0.5,0.4,34,0.026862762885197834,2.638409305699696e-06,,,,,,
daily_curve,2.5,55.0,15,0.5,0.4,35,0.028279750172660476,3.2714826333490876e-06,,,,,,
daily_curve,2.5,55.0,15,0.5,0.4,36,0.029761642116555444,4.0470831839112265e-06,,,,,,
daily_curve,2.5,55.0,15,0.5,0.4,37,0.03131083452922826,4.994987051754052e-06,,,,,,
daily_curve,2.5,55.0,15,0.5,0.4,38,0.03292977987999978,6.150650431413496e-06,,,,,,
daily_curve,2.5,55.0,15,0.5,0.4,39,0.03462098691822702,7.5561738642759835e-06,,,,,,
daily_curve,2.5,55.0,15,0.5,0.4,40,0.03638702018142342,9.261405435445624e-06,,,,,,
daily_curve,2.5,55.0,15,0.5,0.4,41,0.038230499383495854,1.1325198115530455e-05,,,,,,
daily_curve,2.5,55.0,15,0.5,0.4,42,0.04015409867818754,1.3816837205582466e-05,,,,,,
daily_curve,2.5,55.0,15,0.5,0.4,43,0.042160545792858245,1.6817654459821973e-05,,,,,,
daily_curve,2.5,55.0,15,0.5,0.4,44,0.04425262102779515,2.0422845894429997e-05,,,,,,
daily_curve,2.5,55.0,15,0.5,0.4,45,0.046433156116323114,2.4743510492197807e-05,,,,,,
daily_curve,2.5,55.0,15,0.5,0.4,46,0.04870503294107568,2.9908926926780488e-05,,,,,,
daily_curve,2.5,55.0,15,0.5,0.4,47,0.051071182101898996,3.6069085009304835e-05,,,,,,
daily_curve,2.5,55.0,15,0.5,0.4,48,0.05353458133098741,4.3397487736074325e-05,,,,,,
daily_curve,2.5,55.0,15,0.5,0.4,49,0.05609825375099642,5.209423853769213e-05,,,,,,
daily_curve,2.5,55.0,15,0.5,0.4,50,0.05876526597204266,6.238942653402635e-05,,,,,,
daily_curve,2.5,55.0,15,0.5,0.4,51,0.06153872602368505,7.454682022345338e-05,,,,,,
daily_curve,2.5,55.0,15,0.5,0.4,52,0.06442178111818275,8.886787703710208e-05,,,,,,
daily_curve,2.5,55.0,15,0.5,0.4,53,0.06741761524155035,0.00010569607249644175,,,,,,
daily_curve,2.5,55.0,15,0.5,0.4,54,0.07052944656917189,0.00012542154831285401,,,,,,
daily_curve,2.5,55.0,15,0.5,0.4,55,0.0737605247030002,0.00014848607360062882,,,,,,
daily_curve,2.5,55.0,15,0.5,0.4,56,0.0771141277276489,0.00017538830744445733,,,,,,
daily_curve,2.5,55.0,15,0.5,0.4,57,0.08059355908299107,0.00020668934435308373,,,,,,
daily_curve,2.5,55.0,15,0.5,0.4,58,0.08420214425120058,0.00024301851666397312,,,,,,
daily_curve,2.5,55.0,15,0.5,0.4,59,0.08794322725651967,0.0002850794197821749,,,,,,
daily_curve,2.5,55.0,15,0.5,0.4,60,0.09182016697639735,0.00033365611729108124,,,,,,
daily_curve,2.5,55.0,15,0.5,0.4,61,0.0958363332630333,0.0003896194735703018,,,,,,
daily_curve,2.5,55.0,15,0.5,0.4,62,0.09999510287476222,0.00045393355169787153,,,,,,
daily_curve,2.5,55.0,15,0.5,0.4,63,0.10429985521714376,0.0005276620042612423,,,,,,
daily_curve,2.5,55.0,15,0.5,0.4,64,0.10875396789405999,0.0006119743744229522,,,,,,
daily_curve,2.5,55.0,15,0.5,0.4,65,0.11336081206959116,0.0007081522144032348,,,,,,
daily_curve,2.5,55.0,15,0.5,0.4,66,0.11812374764191705,0.0008175949186743914,,,,,,
daily_curve,2.5,55.0,15,0.5,0.4,67,0.1230461182309889,0.0009418251598917182,,,,,,
daily_curve,2.5,55.0,15,0.5,0.4,68,0.12813124598223388,0.001082493807190943,,,,,,
daily_curve,2.5,55.0,15,0.5,0.4,69,0.13338242618907944,0.0012413841992645613,,,,,,
daily_curve,2.5,55.0,15,0.5,0.4,70,0.13880292173763303,0.001420415638919148,,,,,,
daily_curve,2.5,55.0,15,0.5,0.4,71,0.14439595737740907,0.0016216459719196052,,,,,,
daily_curve,2.5,55.0,15,0.5,0.4,72,0.15016471382256705,0.0018472731111693896,,,,,,
daily_curve,2.5,55.0,15,0.5,0.4,73,0.1561123216887047,0.0020996353679590962,,,,,,
daily_curve,2.5,55.0,15,0.5,0.4,74,0.16224185527084456,0.0023812104554153946,,,,,,
daily_curve,2.5,55.0,15,0.5,0.4,75,0.168556326168851,0.0026946130356371167,,,,,,
daily_curve,2.5,55.0,15,0.5,0.4,76,0.17505867676712575,0.003042590691512137,,,,,,
daily_curve,2.5,55.0,15,0.5,0.4,77,0.18175177357603953,0.003428018216989015,,,,,,
daily_curve,2.5,55.0,15,0.5,0.4,78,0.18863840044317812,0.0038538901357050293,,,,,,
daily_curve,2.5,55.0,15,0.5,0.4,79,0.1957212516430989,0.004323311377305794,,,,,,
daily_curve,2.5,55.0,15,0.5,0.4,80,0.20300292485491905,0.004839486063433984,,,,,,
daily_curve,2.5,55.0,15,0.5,0.4,81,0.21048591403766528,0.005405704380994303,,,,,,
daily_curve,2.5,55.0,15,0.5,0.4,82,0.21817260221394372,0.006025327548605408,,,,,,
daily_curve,2.5,55.0,15,0.5,0.4,83,0.22606525417308745,0.0067017709127176195,,,,,,
daily_curve,2.5,55.0,15,0.5,0.4,84,0.23416600910555066,0.007438485242181492,,,,,,
daily_curve,2.5,55.0,15,0.5,0.4,85,0.24247687318090483,0.00823893632349737,,,,,,
daily_curve,2.5,55.0,15,0.5,0.4,86,0.2509997120823812,0.009106582992856382,,,,,,
daily_curve,2.5,55.0,15,0.5,0.4,87,0.2597362435114644,0.010044853774646922,,,,,,
daily_curve,2.5,55.0,15,0.5,0.4,88,0.26868802967660366,0.011057122328532731,,,,,,
daily_curve,2.5,55.0,15,0.5,0.4,89,0.27785646978062994,0.012146681937668324,,,,,,
daily_curve,2.5,55.0,15,0.5,0.4,90,0.2872427925219946,0.013316719298271162,,,,,,
daily_curve,2.5,55.0,15,0.5,0.4,91,0.29684804862542197,0.014570287894796197,,,,,,
daily_curve,2.5,55.0,15,0.5,0.4,92,0.3066731034180467,0.015910281264596482,,,,,,
daily_curve,2.5,55.0,15,0.5,0.4,93,0.31671862946753365,0.017339406470524343,,,,,,
daily_curve,2.5,55.0,15,0.5,0.4,94,0.32698509929909664,0.018860158108859548,,,,,,
daily_curve,2.5,55.0,15,0.5,0.4,95,0.33747277820870175,0.02047479318280032,,,,,,
daily_curve,2.5,55.0,15,0.5,0.4,96,0.3481817171900897,0.022185307168243074,,,,,,
daily_curve,2.5,55.0,15,0.5,0.4,97,0.3591117459935536,0.023993411588591584,,,,,,
daily_curve,2.5,55.0,15,0.5,0.4,98,0.3702624663346821,0.025900513398931846,,,,,,
daily_curve,2.5,55.0,15,0.5,0.4,99,0.3816332452715023,0.027907696457357023,,,,,,
daily_curve,2.5,55.0,15,0.5,0.4,100,0.3932232087686446,0.030015705332926856,,,,,,
daily_curve,2.5,55.0,15,0.5,0.4,101,0.40503123546729497,0.032224931666328005,,,,,,
daily_curve,2.5,55.0,15,0.5,0.4,102,0.4170559506797911,0.03453540326148663,,,,,,
daily_curve,2.5,55.0,15,0.5,0.4,103,0.42929572062777677,0.03694677604507546,,,,,,
daily_curve,2.5,55.0,15,0.5,0.4,104,0.4417486469428143,0.03945832898700741,,,,,,
daily_curve,2.5,55.0,15,0.5,0.4,105,0.4544125614483186,0.04206896202968047,,,,,,
daily_curve,2.5,55.0,15,0.5,0.4,106,0.46728502124155813,0.044777197027991655,,,,,,
daily_curve,2.5,55.0,15,0.5,0.4,107,0.48036330409432315,0.04758118165704561,,,,,,
daily_curve,2.5,55.0,15,0.5,0.4,108,0.49364440419063926,0.0504786962010747,,,,,,
daily_curve,2.5,55.0,15,0.5,0.4,109,0.5071250282196483,0.05346716309631416,,,,,,
daily_curve,2.5,55.0,15,0.5,0.4,110,0.5208015918414446,0.05654365906328451,,,,,,
daily_curve,2.5,55.0,15,0.5,0.4,111,0.5346702165432844,0.05970492963086316,,,,,,
daily_curve,2.5,55.0,15,0.5,0.4,112,0.5487267269031422,0.06294740582623826,,,,,,
daily_curve,2.5,55.0,15,0.5,0.4,113,0.5629666482770993,0.06626722278177222,,,,,,
daily_curve,2.5,55.0,15,0.5,0.4,114,0.5773852049264914,0.0696602399922065,,,,,,
daily_curve,2.5,55.0,15,0.5,0.4,115,0.5919773186001406,0.07312206294361945,,,,,,
daily_curve,2.5,55.0,15,0.5,0.4,116,0.6067376075863244,0.07664806582905115,,,,,,
daily_curve,2.5,55.0,15,0.5,0.4,117,0.6216603862484157,0.08023341506453174,,,,,,
daily_curve,2.5,55.0,15,0.5,0.4,118,0.6367396650573451,0.08387309332307458,,,,,,
daily_curve,2.5,55.0,15,0.5,0.4,119,0.651969151133211,0.08756192381259065,,,,,,
daily_curve,2.5,55.0,15,0.5,0.4,120,0.6673422493074647,0.09129459453613897,,,,,,
daily_curve,2.5,55.0,15,0.5,0.4,121,0.6828520637161696,0.09506568228887002,,,,,,
daily_curve,2.5,55.0,15,0.5,0.4,122,0.6984913999338346,0.09886967616483922,,,,,,
daily_curve,2.5,55.0,15,0.5,0.4,123,0.714252767656286,0.10270100036793317,,,,,,
daily_curve,2.5,55.0,15,0.5,0.4,124,0.7301283839399575,0.10655403614384551,,,,,,
daily_curve,2.5,55.0,15,0.5,0.4,125,0.7461101770038382,0.11042314267375097,,,,,,
daily_curve,2.5,55.0,15,0.5,0.4,126,0.7621897905991579,0.11430267679449979,,,,,,
daily_curve,2.5,55.0,15,0.5,0.4,127,0.7783585889506576,0.11818701143426469,,,,,,
daily_curve,2.5,55.0,15,0.5,0.4,128,0.7946076622720583,0.12207055267617162,,,,,,
daily_curve,2.5,55.0,15,0.5,0.4,129,0.8109278328570411,0.12594775538512304,,,,,,
daily_curve,2.5,55.0,15,0.5,0.4,130,0.8273096617457465,0.12981313735446842,,,,,,
daily_curve,2.5,55.0,15,0.5,0.4,131,0.8437434559654438,0.13366129194911303,,,,,,
daily_curve,2.5,55.0,15,0.5,0.4,132,0.860219276342664,0.13748689923990132,,,,,,
daily_curve,2.5,55.0,15,0.5,0.4,133,0.8767269458826878,0.14128473564052113,,,,,,
daily_curve,2.5,55.0,15,0.5,0.4,134,0.8932560587108825,0.14504968207268298,,,,,,
daily_curve,2.5,55.0,15,0.5,0.4,135,0.90979598956895,0.14877673069790298,,,,,,
daily_curve,2.5,55.0,15,0.5,0.4,136,0.9263359038577346,0.15246099026488624,,,,,,
daily_curve,2.5,55.0,15,0.5,0.4,137,0.942864768216779,0.15609769013032349,,,,,,
daily_curve,2.5,55.0,15,0.5,0.4,138,0.9593713616294102,0.15968218301797243,,,,,,
daily_curve,2.5,55.0,15,0.5,0.4,139,0.9758442870406779,0.16320994658630994,,,,,,
daily_curve,2.5,55.0,15,0.5,0.4,140,0.9922719834740619,0.16667658387894846,,,,,,
daily_curve,2.5,55.0,15,0.5,0.4,141,1.0086427386314403,0.1700778227345604,,,,,,
daily_curve,2.5,55.0,15,0.5,0.4,142,1.0249447019594202,0.17340951423439466,,,,,,
daily_curve,2.5,55.0,15,0.5,0.4,143,1.0411658981637568,0.17666763026577803,,,,,,
daily_curve,2.5,55.0,15,0.5,0.4,144,1.0572942411522313,0.17984826027941125,,,,,,
daily_curve,2.5,55.0,15,0.5,0.4,145,1.0733175483850514,0.182947607316978,,,,,,
daily_curve,2.5,55.0,15,0.5,0.4,146,1.089223555610536,0.18596198338371095,,,,,,
daily_curve,2.5,55.0,15,0.5,0.4,147,1.1049999319626156,0.188887804238286,,,,,,
daily_curve,2.5,55.0,15,0.5,0.4,148,1.120634295395462,0.19172158366985004,,,,,,
daily_curve,2.5,55.0,15,0.5,0.4,149,1.1361142284294254,0.19445992732929418,,,,,,
daily_curve,2.5,55.0,15,0.5,0.4,150,1.1514272941813282,0.19709952617917026,,,,,,
daily_curve,2.5,55.0,15,0.5,0.4,151,1.1665610526511347,0.19963714962404355,,,,,,
daily_curve,2.5,55.0,15,0.5,0.4,152,1.181503077236029,0.20206963838069836,,,,,,
daily_curve,2.5,55.0,15,0.5,0.4,153,1.196240971441988,0.20439389714555467,,,,,,
daily_curve,2.5,55.0,15,0.5,0.4,154,1.2107623857621073,0.20660688711505282,,,,,,
daily_curve,2.5,55.0,15,0.5,0.4,155,1.2250550346901259,0.20870561841368052,,,,,,
daily_curve,2.5,55.0,15,0.5,0.4,156,1.239106713836897,0.21068714248389908,,,,,,
daily_curve,2.5,55.0,15,0.5,0.4,157,1.252905317116908,0.21254854449253013,,,,,,
daily_curve,2.5,55.0,15,0.5,0.4,158,1.2664388539714024,0.21428693580934088,,,,,,
daily_curve,2.5,55.0,15,0.5,0.4,159,1.2796954665941767,0.21589944661567617,,,,,,
daily_curve,2.5,55.0,15,0.5,0.4,160,1.2926634471257346,0.21738321870417898,,,,,,
daily_curve,2.5,55.0,15,0.5,0.4,161,1.3053312547811895,0.21873539853500878,,,,,,
daily_curve,2.5,55.0,15,0.5,0.4,162,1.3176875328770745,0.2199531306196436,,,,,,
daily_curve,2.5,55.0,15,0.5,0.4,163,1.3297211257221102,0.2210335513104542,,,,,,
daily_curve,2.5,55.0,15,0.5,0.4,164,1.341421095336943,0.2219737830829135,,,,,,
daily_curve,2.5,55.0,15,0.5,0.4,165,1.3527767379679239,0.22277092940766852,,,,,,
daily_curve,2.5,55.0,15,0.5,0.4,166,1.3637776003601614,0.22342207032190753,,,,,,
daily_curve,2.5,55.0,15,0.5,0.4,167,1.374413495755315,0.22392425882362066,,,,,,
daily_curve,2.5,55.0,15,0.5,0.4,168,1.3846745195799535,0.22427451822860744,,,,,,
daily_curve,2.5,55.0,15,0.5,0.4,169,1.3945510647907258,0.2244698406485338,,,,,,
daily_curve,2.5,55.0,15,0.5,0.4,170,1.4040338368431222,0.22450718676904358,,,,,,
daily_curve,2.5,55.0,15,0.5,0.4,171,1.4131138682512314,0.2243834871299376,,,,,,
daily_curve,2.5,55.0,15,0.5,0.4,172,1.4217825327066014,0.22409564513469027,,,,,,
daily_curve,2.5,55.0,15,0.5,0.4,173,1.4300315587251176,0.22364054204396944,,,,,,
daily_curve,2.5,55.0,15,0.5,0.4,174,1.4378530427917002,0.2230150442371176,,,,,,
daily_curve,2.5,55.0,15,0.5,0.4,175,1.4452394619736018,0.22221601305634942,,,,,,
daily_curve,2.5,55.0,15,0.5,0.4,176,1.4521836859741355,0.22124031758012563,,,,,,
daily_curve,2.5,55.0,15,0.5,0.4,177,1.4586789885998122,0.220084850703949,,,,,,
daily_curve,2.5,55.0,15,0.5,0.4,178,1.4647190586150771,0.2187465489375333,,,,,,
daily_curve,2.5,55.0,15,0.5,0.4,179,1.4702980099601328,0.21722241635541606,,,,,,
daily_curve,2.5,55.0,15,0.5,0.4,180,1.4754103913086916,0.21550955316163345,,,,,,
daily_curve,2.5,55.0,15,0.5,0.4,181,1.4800511949439368,0.21360518934557882,,,,,,
daily_curve,2.5,55.0,15,0.5,0.4,182,1.4842158649324626,0.211506723912523,,,,,,
daily_curve,2.5,55.0,15,0.5,0.4,183,1.4879003045775216,0.20921177016474912,,,,,,
daily_curve,2.5,55.0,15,0.5,0.4,184,1.4911008831345047,0.2067182074833589,,,,,,
daily_curve,2.5,55.0,15,0.5,0.4,185,1.4938144417732475,0.2040242400113954,,,,,,
daily_curve,2.5,55.0,15,0.5,0.4,186,1.4960382987734622,0.2011284625600691,,,,,,
daily_curve,2.5,55.0,15,0.5,0.4,187,1.4977702539413218,0.1980299339451267,,,,,,
daily_curve,2.5,55.0,15,0.5,0.4,188,1.4990085922370278,0.19472825780289338,,,,,,
daily_curve,2.5,55.0,15,0.5,0.4,189,1.499752086604977,0.19122367072832258,,,,,,
daily_curve,2.5,55.0,15,0.5,0.4,190,1.5,0.18751713731401376,,,,,,
daily_curve,2.5,55.0,15,0.5,0.4,191,1.499752086604977,0.18361045134422083,,,,,,
daily_curve,2.5,55.0,15,0.5,0.4,192,1.4990085922370278,0.17950634200797255,,,,,,
daily_curve,2.5,55.0,15,0.5,0.4,193,1.4977702539413218,0.17520858354027946,,,,,,
daily_curve,2.5,55.0,15,0.5,0.4,194,1.4960382987734622,0.17072210618410388,,,,,,
daily_curve,2.5,55.0,15,0.5,0.4,195,1.4938144417732475,0.16605310579830845,,,,,,
daily_curve,2.5,55.0,15,0.5,0.4,196,1.4911008831345047,0.16120914883546933,,,,,,
daily_curve,2.5,55.0,15,0.5,0.4,197,1.4879003045775216,0.15619926880429136,,,,,,
daily_curve,2.5,55.0,15,0.5,0.4,198,1.4842158649324626,0.15103404975011314,,,,,,
daily_curve,2.5,55.0,15,0.5,0.4,199,1.4800511949439368,0.1457256917794627,,,,,,
daily_curve,2.5,55.0,15,0.5,0.4,200,1.4754103913086916,0.14028805327597715,,,,,,
daily_curve,2.5,55.0,15,0.5,0.4,201,1.4702980099601328,0.13473666426776953,,,,,,
daily_curve,2.5,55.0,15,0.5,0.4,202,1.4647190586150771,0.12908870547661777,,,,,,
daily_curve,2.5,55.0,15,0.5,0.4,203,1.4586789885998122,0.12336294797126501,,,,,,
daily_curve,2.5,55.0,15,0.5,0.4,204,1.4521836859741355,0.11757964911531149,,,,,,
daily_curve,2.5,55.0,15,0.5,0.4,205,1.4452394619736018,0.1117604016810192,,,,,,
daily_curve,2.5,55.0,15,0.5,0.4,206,1.4378530427917002,0.10592793460234584,,,,,,
daily_curve,2.5,55.0,15,0.5,0.4,207,1.4300315587251176,0.10010586583559655,,,,,,
daily_curve,2.5,55.0,15,0.5,0.4,208,1.4217825327066014,0.09431841011263908,,,,,,
daily_curve,2.5,55.0,15,0.5,0.4,209,1.4131138682512314,0.08859004689202044,,,,,,
daily_curve,2.5,55.0,15,0.5,0.4,210,1.4040338368431222,0.08294515637649935,,,,,,
daily_curve,2.5,55.0,15,0.5,0.4,211,1.3945510647907258,0.07740763387654137,,,,,,
daily_curve,2.5,55.0,15,0.5,0.4,212,1.3846745195799535,0.07200049484560844,,,,,,
daily_curve,2.5,55.0,15,0.5,0.4,213,1.374413495755315,0.06674548438631767,,,,,,
daily_curve,2.5,55.0,15,0.5,0.4,214,1.3637776003601614,0.06166270574791688,,,,,,
daily_curve,2.5,55.0,15,0.5,0.4,215,1.3527767379679239,0.056770282180667264,,,,,,
daily_curve,2.5,55.0,15,0.5,0.4,216,1.341421095336943,0.05208406543231703,,,,,,
daily_curve,2.5,55.0,15,0.5,0.4,217,1.3297211257221102,0.04761740220381827,,,,,,
daily_curve,2.5,55.0,15,0.5,0.4,218,1.3176875328770745,0.04338096715220108,,,,,,
daily_curve,2.5,55.0,15,0.5,0.4,219,1.3053312547811895,0.03938266774186061,,,,,,
daily_curve,2.5,55.0,15,0.5,0.4,220,1.2926634471257346,0.035627622660631686,,,,,,
daily_curve,2.5,55.0,15,0.5,0.4,221,1.2796954665941767,0.03211821191876996,,,,,,
daily_curve,2.5,55.0,15,0.5,0.4,222,1.2664388539714024,0.028854193414855067,,,,,,
daily_curve,2.5,55.0,15,0.5,0.4,223,1.252905317116908,0.025832877922270847,,,,,,
daily_curve,2.5,55.0,15,0.5,0.4,224,1.239106713836897,0.023049352300650194,,,,,,
daily_curve,2.5,55.0,15,0.5,0.4,225,1.2250550346901259,0.02049673936959484,,,,,,
daily_curve,2.5,55.0,15,0.5,0.4,226,1.2107623857621073,0.01816648231849949,,,,,,
daily_curve,2.5,55.0,15,0.5,0.4,227,1.196240971441988,0.016048641715361356,,,,,,
daily_curve,2.5,55.0,15,0.5,0.4,228,1.181503077236029,0.014132194010338717,,,,,,
daily_curve,2.5,55.0,15,0.5,0.4,229,1.1665610526511347,0.012405321759714205,,,,,,
daily_curve,2.5,55.0,15,0.5,0.4,230,1.1514272941813282,0.010855687458619978,,,,,,
daily_curve,2.5,55.0,15,0.5,0.4,231,1.1361142284294254,0.009470684703623666,,,,,,
daily_curve,2.5,55.0,15,0.5,0.4,232,1.120634295395462,0.008237662262731038,,,,,,
daily_curve,2.5,55.0,15,0.5,0.4,233,1.1049999319626156,0.007144118390679521,,,,,,
daily_curve,2.5,55.0,15,0.5,0.4,234,1.089223555610536,0.006177864303228087,,,,,,
daily_curve,2.5,55.0,15,0.5,0.4,235,1.0733175483850514,0.0053271570591598705,,,,,,
daily_curve,2.5,55.0,15,0.5,0.4,236,1.0572942411522313,0.00458080316599252,,,,,,
daily_curve,2.5,55.0,15,0.5,0.4,237,1.0411658981637568,0.003928235022346294,,,,,,
daily_curve,2.5,55.0,15,0.5,0.4,238,1.0249447019594202,0.0033595628525708854,,,,,,
daily_curve,2.5,55.0,15,0.5,0.4,239,1.0086427386314403,0.0028656051060569343,,,,,,
daily_curve,2.5,55.0,15,0.5,0.4,240,0.9922719834740619,0.0024379004202323973,,,,,,
daily_curve,2.5,55.0,15,0.5,0.4,241,0.9758442870406779,0.0020687042207460093,,,,,,
daily_curve,2.5,55.0,15,0.5,0.4,242,0.9593713616294102,0.0017509728920824807,,,,,,
daily_curve,2.5,55.0,15,0.5,0.4,243,0.942864768216779,0.001478338231040932,,,,,,
daily_curve,2.5,55.0,15,0.5,0.4,244,0.9263359038577346,0.0012450746237827603,,,,,,
daily_curve,2.5,55.0,15,0.5,0.4,245,0.90979598956895,0.0010460610890328237,,,,,,
daily_curve,2.5,55.0,15,0.5,0.4,246,0.8932560587108825,0.000876740024808198,,,,,,
daily_curve,2.5,55.0,15,0.5,0.4,247,0.8767269458826878,0.0007330741982274347,,,,,,
daily_curve,2.5,55.0,15,0.5,0.4,248,0.860219276342664,0.0006115032377018714,,,,,,
daily_curve,2.5,55.0,15,0.5,0.4,249,0.8437434559654438,0.0005089006307162913,,,,,,
daily_curve,2.5,55.0,15,0.5,0.4,250,0.8273096617457465,0.00042253200216779696,,,,,,
daily_curve,2.5,55.0,15,0.5,0.4,251,0.8109278328570411,0.00035001524926803196,,,,,,
daily_curve,2.5,55.0,15,0.5,0.4,252,0.7946076622720583,0.000289282939145874,,,,,,
daily_curve,2.5,55.0,15,0.5,0.4,253,0.7783585889506576,0.00023854723311367287,,,,,,
daily_curve,2.5,55.0,15,0.5,0.4,254,0.7621897905991579,0.00019626748499157465,,,,,,
daily_curve,2.5,55.0,15,0.5,0.4,255,0.7461101770038382,0.0001611205673465177,,,,,,
daily_curve,2.5,55.0,15,0.5,0.4,256,0.7301283839399575,0.0001319739062768388,,,,,,
daily_curve,2.5,55.0,15,0.5,0.4,257,0.714252767656286,0.00010786114967631377,,,,,,
daily_curve,2.5,55.0,15,0.5,0.4,258,0.6984913999338346,8.796035312441663e-05,,,,,,
daily_curve,2.5,55.0,15,0.5,0.4,259,0.6828520637161696,7.15745391749456e-05,,,,,,
daily_curve,2.5,55.0,15,0.5,0.4,260,0.6673422493074647,5.8114467639591716e-05,,,,,,
daily_curve,2.5,55.0,15,0.5,0.4,261,0.651969151133211,4.708344448045576e-05,,,,,,
daily_curve,2.5,55.0,15,0.5,0.4,262,0.6367396650573451,3.806399342076716e-05,,,,,,
daily_curve,2.5,55.0,15,0.5,0.4,263,0.6216603862484157,3.0706215855103025e-05,,,,,,
daily_curve,2.5,55.0,15,0.5,0.4,264,0.6067376075863244,2.4717669842910794e-05,,,,,,
daily_curve,2.5,55.0,15,0.5,0.4,265,0.5919773186001406,1.9854606855496115e-05,,,,,,
daily_curve,2.5,55.0,15,0.5,0.4,266,0.5773852049264914,1.5914414654871756e-05,,,,,,
daily_curve,2.5,55.0,15,0.5,0.4,267,0.5629666482770993,1.2729125531074637e-05,,,,,,
daily_curve,2.5,55.0,15,0.5,0.4,268,0.5487267269031422,1.015986055341589e-05,,,,,,
daily_curve,2.5,55.0,15,0.5,0.4,269,0.5346702165432844,8.092092084299729e-06,,,,,,
daily_curve,2.5,55.0,15,0.5,0.4,270,0.5208015918414446,6.431618232327629e-06,,,,,,
daily_curve,2.5,55.0,15,0.5,0.4,271,0.5071250282196483,5.101153945918924e-06,,,,,,
daily_curve,2.5,55.0,15,0.5,0.4,272,0.49364440419063926,4.037453912530964e-06,,,,,,
daily_curve,2.5,55.0,15,0.5,0.4,273,0.48036330409432315,3.1888922022993427e-06,,,,,,
daily_curve,2.5,55.0,15,0.5,0.4,274,0.46728502124155813,2.5134326359088632e-06,,,,,,
daily_curve,2.5,55.0,15,0.5,0.4,275,0.4544125614483186,1.976932114233776e-06,,,,,,
daily_curve,2.5,55.0,15,0.5,0.4,276,0.4417486469428143,1.551726633297612e-06,,,,,,
daily_curve,2.5,55.0,15,0.5,0.4,277,0.42929572062777677,1.2154564350552732e-06,,,,,,
daily_curve,2.5,55.0,15,0.5,0.4,278,0.4170559506797911,9.500927432570805e-07,,,,,,
daily_curve,2.5,55.0,15,0.5,0.4,279,0.40503123546729497,7.411338461826844e-07,,,,,,
daily_curve,2.5,55.0,15,0.5,0.4,280,0.3932232087686446,5.769429719526542e-07,,,,,,
daily_curve,2.5,55.0,15,0.5,0.4,281,0.3816332452715023,4.4820449440763355e-07,,,,,,
daily_curve,2.5,55.0,15,0.5,0.4,282,0.3702624663346821,3.47478572582105e-07,,,,,,
daily_curve,2.5,55.0,15,0.5,0.4,283,0.3591117459935536,2.6883741732763866e-07,,,,,,
daily_curve,2.5,55.0,15,0.5,0.4,284,0.3481817171900897,2.0756903651442116e-07,,,,,,
daily_curve,2.5,55.0,15,0.5,0.4,285,0.33747277820870175,1.599365943016906e-07,,,,,,
daily_curve,2.5,55.0,15,0.5,0.4,286,0.32698509929909664,1.2298346796502102e-07,,,,,,
daily_curve,2.5,55.0,15,0.5,0.4,287,0.31671862946753365,9.437574488568856e-08,,,,,,
daily_curve,2.5,55.0,15,0.5,0.4,288,0.3066731034180467,7.227530207654098e-08,,,,,,
daily_curve,2.5,55.0,15,0.5,0.4,289,0.29684804862542197,5.5237798113338954e-08,,,,,,
daily_curve,2.5,55.0,15,0.5,0.4,290,0.2872427925219946,4.2130899546855005e-08,,,,,,
daily_curve,2.5,55.0,15,0.5,0.4,291,0.27785646978062994,3.2068895650105844e-08,,,,,,
daily_curve,2.5,55.0,15,0.5,0.4,292,0.26868802967660366,2.436055079879651e-08,,,,,,
daily_curve,2.5,55.0,15,0.5,0.4,293,0.2597362435114644,1.8467619433693017e-08,,,,,,
daily_curve,2.5,55.0,15,0.5,0.4,294,0.2509997120823812,1.397192661567459e-08,,,,,,
daily_curve,2.5,55.0,15,0.5,0.4,295,0.24247687318090483,1.054930998112269e-08,,,,,,
daily_curve,2.5,55.0,15,0.5,0.4,296,0.23416600910555066,7.949045421895562e-09,,,,,,
daily_curve,2.5,55.0,15,0.5,0.4,297,0.22606525417308745,5.977640715748578e-09,,,,,,
daily_curve,2.5,55.0,15,0.5,0.4,298,0.21817260221394372,4.7624453269889955e-09,,,,,,
daily_curve,2.5,55.0,15,0.5,0.4,299,0.21048591403766528,4.019908850239062e-09,,,,,,
daily_curve,2.5,55.0,15,0.5,0.4,300,0.20300292485491905,3.386314340048102e-09,,,,,,
daily_curve,2.5,55.0,15,0.5,0.4,301,0.1957212516430989,2.8468365442790855e-09,,,,,,
daily_curve,2.5,55.0,15,0.5,0.4,302,0.18863840044317812,2.388478415049633e-09,,,,,,
daily_curve,2.5,55.0,15,0.5,0.4,303,0.18175177357603953,1.999875598457379e-09,,,,,,
daily_curve,2.5,55.0,15,0.5,0.4,304,0.17505867676712575,1.6711165784499826e-09,,,,,,
daily_curve,2.5,55.0,15,0.5,0.4,305,0.168556326168851,1.3935800291520195e-09,,,,,,
daily_curve,2.5,55.0,15,0.5,0.4,306,0.16224185527084456,1.1597856008904728e-09,,,,,,
daily_curve,2.5,55.0,15,0.5,0.4,307,0.1561123216887047,9.632595832087532e-10,,,,,,
daily_curve,2.5,55.0,15,0.5,0.4,308,0.15016471382256705,7.984137795347124e-10,,,,,,
daily_curve,2.5,55.0,15,0.5,0.4,309,0.14439595737740907,6.604361502127176e-10,,,,,,
daily_curve,2.5,55.0,15,0.5,0.4,310,0.13880292173763303,5.451940010559042e-10,,,,,,
daily_curve,2.5,55.0,15,0.5,0.4,311,0.13338242618907944,4.4914616470492774e-10,,,,,,
daily_curve,2.5,55.0,15,0.5,0.4,312,0.12813124598223388,3.6926650626156743e-10,,,,,,
daily_curve,2.5,55.0,15,0.5,0.4,313,0.1230461182309889,3.218135757876439e-10,,,,,,
daily_curve,2.5,55.0,15,0.5,0.4,314,0.11812374764191705,2.9728952632979144e-10,,,,,,
daily_curve,2.5,55.0,15,0.5,0.4,315,0.11336081206959116,2.740733195949474e-10,,,,,,
daily_curve,2.5,55.0,15,0.5,0.4,316,0.10875396789405999,2.5215329824135324e-10,,,,,,
daily_curve,2.5,55.0,15,0.5,0.4,317,0.10429985521714376,2.315112546114051e-10,,,,,,
daily_curve,2.5,55.0,15,0.5,0.4,318,0.09999510287476222,2.121230968654686e-10,,,,,,
daily_curve,2.5,55.0,15,0.5,0.4,319,0.0958363332630333,1.939596261379961e-10,,,,,,
daily_curve,2.5,55.0,15,0.5,0.4,320,0.09182016697639735,1.7698675858213164e-10,,,,,,
daily_curve,2.5,55.0,15,0.5,0.4,321,0.08794322725651967,1.6116663559273547e-10,,,,,,
daily_curve,2.5,55.0,15,0.5,0.4,322,0.08420214425120058,1.4645806789559401e-10,,,,,,
daily_curve,2.5,55.0,15,0.5,0.4,323,0.08059355908299107,1.3281697963662964e-10,,,,,,
daily_curve,2.5,55.0,15,0.5,0.4,324,0.0771141277276489,1.2019740758262287e-10,,,,,,
daily_curve,2.5,55.0,15,0.5,0.4,325,0.0737605247030002,1.0855161214351483e-10,,,,,,
daily_curve,2.5,55.0,15,0.5,0.4,326,0.07052944656917189,9.783074350622201e-11,,,,,,
daily_curve,2.5,55.0,15,0.5,0.4,327,0.06741761524155035,8.79856187907535e-11,,,,,,
daily_curve,2.5,55.0,15,0.5,0.4,328,0.06442178111818275,8.387734951043058e-11,,,,,,
daily_curve,2.5,55.0,15,0.5,0.4,329,0.06153872602368505,8.475653512363124e-11,,,,,,
daily_curve,2.5,55.0,15,0.5,0.4,330,0.05876526597204266,8.546607865866918e-11,,,,,,
daily_curve,2.5,55.0,15,0.5,0.4,331,0.05609825375099642,8.600142820114343e-11,,,,,,
daily_curve,2.5,55.0,15,0.5,0.4,332,0.05353458133098741,8.635892001507273e-11,,,,,,
daily_curve,2.5,55.0,15,0.5,0.4,333,0.051071182101898996,8.653588956519798e-11,,,,,,
daily_curve,2.5,55.0,15,0.5,0.4,334,0.04870503294107568,8.653100458388963e-11,,,,,,
daily_curve,2.5,55.0,15,0.5,0.4,335,0.046433156116323114,8.634404302654275e-11,,,,,,
daily_curve,2.5,55.0,15,0.5,0.4,336,0.04425262102779515,8.597578204927459e-11,,,,,,
daily_curve,2.5,55.0,15,0.5,0.4,337,0.042160545792858245,8.542822005352946e-11,,,,,,
daily_curve,2.5,55.0,15,0.5,0.4,338,0.04015409867818754,8.470457668607878e-11,,,,,,
daily_curve,2.5,55.0,15,0.5,0.4,339,0.038230499383495854,8.38088487498112e-11,,,,,,
daily_curve,2.5,55.0,15,0.5,0.4,340,0.03638702018142342,8.274658735984985e-11,,,,,,
daily_curve,2.5,55.0,15,0.5,0.4,341,0.03462098691822702,8.152389874283017e-11,,,,,,
daily_curve,2.5,55.0,15,0.5,0.4,342,0.03292977987999978,8.014811037071468e-11,,,,,,
daily_curve,2.5,55.0,15,0.5,0.4,343,0.03131083452922826,8.351686009433479e-11,,,,,,
daily_curve,2.5,55.0,15,0.5,0.4,344,0.029761642116555444,9.224143671104912e-11,,,,,,
daily_curve,2.5,55.0,15,0.5,0.4,345,0.028279750172660476,1.0165912556203693e-10,,,,,,
daily_curve,2.5,55.0,15,0.5,0.4,346,0.026862762885197834,1.117975712006114e-10,,,,,,
daily_curve,2.5,55.0,15,0.5,0.4,347,0.025508341365752574,1.2268264182324629e-10,,,,,,
daily_curve,2.5,55.0,15,0.5,0.4,348,0.024214203811771747,1.343374300688538e-10,,,,,,
daily_curve,2.5,55.0,15,0.5,0.4,349,0.02297812556841995,1.4678158688496978e-10,,,,,,
daily_curve,2.5,55.0,15,0.5,0.4,350,0.021797939095284994,1.6003154357235871e-10,,,,,,
daily_curve,2.5,55.0,15,0.5,0.4,351,0.02067153384282403,1.74099401561989e-10,,,,,,
daily_curve,2.5,55.0,15,0.5,0.4,352,0.019596856043396057,1.8899271037042809e-10,,,,,,
daily_curve,2.5,55.0,15,0.5,0.4,353,0.018571908421670412,2.0471357942142276e-10,,,,,,
daily_curve,2.5,55.0,15,0.5,0.4,354,0.01759474982913625,2.2125878906820162e-10,,,,,,
daily_curve,2.5,55.0,15,0.5,0.4,355,0.016663494807363458,2.3861912445966027e-10,,,,,,
daily_curve,2.5,55.0,15,0.5,0.4,356,0.015776313084584596,2.567785983842441e-10,,,,,,
daily_curve,2.5,55.0,15,0.5,0.4,357,0.014931429010076639,2.757144512699483e-10,,,,,,
daily_curve,2.5,55.0,15,0.5,0.4,358,0.014127120930726114,3.137669013497657e-10,,,,,,
daily_curve,2.5,55.0,15,0.5,0.4,359,0.01336172051405807,3.784423885377919e-10,,,,,,
daily_curve,2.5,55.0,15,0.5,0.4,360,0.01263361202190139,4.554434607229041e-10,,,,,,
daily_curve,2.5,55.0,15,0.5,0.4,361,0.011941231538750463,5.469023012238949e-10,,,,,,
daily_curve,2.5,55.0,15,0.5,0.4,362,0.011283066158765035,6.5527538950505e-10,,,,,,
daily_curve,2.5,55.0,15,0.5,0.4,363,0.010657653135229919,7.833848014726641e-10,,,,,,
daily_curve,2.5,55.0,15,0.5,0.4,364,0.010063578996170844,9.344628404406308e-10,,,,,,
daily_curve,2.5,55.0,15,0.5,0.4,365,0.009499478629696755,1.112200109787409e-09,,,,,,
daily_curve,2.5,55.0,15,0.5,0.5,1,0.007470028618757422,4.6030190770096624e-10,,,,,,
daily_curve,2.5,55.0,15,0.5,0.5,2,0.0070466457457387605,5.461998631162146e-10,,,,,,
daily_curve,2.5,55.0,15,0.5,0.5,3,0.0066450620961054346,6.46705466955666e-10,,,,,,
daily_curve,2.5,55.0,15,0.5,0.5,4,0.006264293248235352,7.640229560124112e-10,,,,,,
daily_curve,2.5,55.0,15,0.5,0.5,5,0.005903390987594622,9.006373424824687e-10,,,,,,
daily_curve,2.5,55.0,15,0.5,0.5,6,0.005561442449519534,1.0593413923842832e-09,,,,,,
daily_curve,2.5,55.0,15,0.5,0.5,7,0.005237569254527408,1.2432637142012481e-09,,,,,,
daily_curve,2.5,55.0,15,0.5,0.5,8,0.005237569254527408,1.5464362013162258e-09,,,,,,
daily_curve,2.5,55.0,15,0.5,0.5,9,0.005561442449519534,2.038642255008938e-09,,,,,,
daily_curve,2.5,55.0,15,0.5,0.5,10,0.005903390987594622,2.681563082695959e-09,,,,,,
daily_curve,2.5,55.0,15,0.5,0.5,11,0.006264293248235352,3.5194265279869796e-09,,,,,,
daily_curve,2.5,55.0,15,0.5,0.5,12,0.0066450620961054346,4.6088403093946795e-09,,,,,,
daily_curve,2.5,55.0,15,0.5,0.5,13,0.0070466457457387605,6.02207694821999e-09,,,,,,
daily_curve,2.5,55.0,15,0.5,0.5,14,0.007470028618757422,7.851178374096435e-09,,,,,,
daily_curve,2.5,55.0,15,0.5,0.5,15,0.007916232191413963,1.0213071277576091e-08,,,,,,
daily_curve,2.5,55.0,15,0.5,0.5,16,0.00838631583014237,1.3255922359789452e-08,,,,,,
daily_curve,2.5,55.0,15,0.5,0.5,17,0.0088813776126916,1.7167013366403694e-08,,,,,,
daily_curve,2.5,55.0,15,0.5,0.5,18,0.009402555132304197,2.218247030505438e-08,,,,,,
daily_curve,2.5,55.0,15,0.5,0.5,19,0.009951026282292053,2.8599249746186217e-08,,,,,,
daily_curve,2.5,55.0,15,0.5,0.5,20,0.010528010018251158,3.6789863933073264e-08,,,,,,
daily_curve,2.5,55.0,15,0.5,0.5,21,0.011134767095048391,4.722041546667555e-08,,,,,,
daily_curve,2.5,55.0,15,0.5,0.5,22,0.011772600775605095,6.047262479658144e-08,,,,,,
daily_curve,2.5,55.0,15,0.5,0.5,23,0.0124428575083972,7.727065221008189e-08,,,,,,
daily_curve,2.5,55.0,15,0.5,0.5,24,0.013146927570487164,9.851366333801792e-08,,,,,,
daily_curve,2.5,55.0,15,0.5,0.5,25,0.013886245672802883,1.2531524906655989e-07,,,,,,
daily_curve,2.5,55.0,15,0.5,0.5,26,0.014662291524280207,1.590510007032364e-07,,,,,,
daily_curve,2.5,55.0,15,0.5,0.5,27,0.015476590351392011,2.0141575318710636e-07,,,,,,
daily_curve,2.5,55.0,15,0.5,0.5,28,0.016330713369496715,2.5449225082851967e-07,,,,,,
daily_curve,2.5,55.0,15,0.5,0.5,29,0.01722627820235336,3.2083326417797764e-07,,,,,,
daily_curve,2.5,55.0,15,0.5,0.5,30,0.01816494924607083,4.0355948527359686e-07,,,,,,
daily_curve,2.5,55.0,15,0.5,0.5,31,0.01914843797368329,5.064758733519525e-07,,,,,,
daily_curve,2.5,55.0,15,0.5,0.5,32,0.020178503176476455,6.342094875932958e-07,,,,,,
daily_curve,2.5,55.0,15,0.5,0.5,33,0.021256951138127145,7.923722594727067e-07,,,,,,
daily_curve,2.5,55.0,15,0.5,0.5,34,0.02238563573766486,9.877525987134206e-07,,,,,,
daily_curve,2.5,55.0,15,0.5,0.5,35,0.023566458477217063,1.2285402076761542e-06,,,,,,
daily_curve,2.5,55.0,15,0.5,0.5,36,0.02480136843046287,1.524588995494014e-06,,,,,,
daily_curve,2.5,55.0,15,0.5,0.5,37,0.02609236210769022,1.8877235297143358e-06,,,,,,
daily_curve,2.5,55.0,15,0.5,0.5,38,0.02744148323333315,2.332095033863446e-06,,,,,,
daily_curve,2.5,55.0,15,0.5,0.5,39,0.028850822431855855,2.874593540647119e-06,,,,,,
daily_curve,2.5,55.0,15,0.5,0.5,40,0.03032251681785285,3.5353234125734545e-06,,,,,,
daily_curve,2.5,55.0,15,0.5,0.5,41,0.03185874948624655,4.338150063620816e-06,,,,,,
daily_curve,2.5,55.0,15,0.5,0.5,42,0.033461748898489616,5.311326315204923e-06,,,,,,
daily_curve,2.5,55.0,15,0.5,0.5,43,0.035133788160715204,6.488207411781133e-06,,,,,,
daily_curve,2.5,55.0,15,0.5,0.5,44,0.03687718418982929,7.908064265760295e-06,,,,,,
daily_curve,2.5,55.0,15,0.5,0.5,45,0.038694296763602594,9.617004993689449e-06,,,,,,
daily_curve,2.5,55.0,15,0.5,0.5,46,0.0405875274508964,1.166901521809649e-05,,,,,,
daily_curve,2.5,55.0,15,0.5,0.5,47,0.04255931841824916,1.4127127918373006e-05,,,,,,
daily_curve,2.5,55.0,15,0.5,0.5,48,0.04461215110915617,1.706473379192719e-05,,,,,,
daily_curve,2.5,55.0,15,0.5,0.5,49,0.046748544792497015,2.0567043105490512e-05,,,,,,
daily_curve,2.5,55.0,15,0.5,0.5,50,0.04897105497670222,2.473270984515441e-05,,,,,,
daily_curve,2.5,55.0,15,0.5,0.5,51,0.05128227168640421,2.967562857347783e-05,,,,,,
daily_curve,2.5,55.0,15,0.5,0.5,52,0.05368481759848563,3.552691374975048e-05,,,,,,
daily_curve,2.5,55.0,15,0.5,0.5,53,0.056181346034625296,4.2437070317258296e-05,,,,,,
daily_curve,2.5,55.0,15,0.5,0.5,54,0.05877453880764324,5.057836308774988e-05,,,,,,
daily_curve,2.5,55.0,15,0.5,0.5,55,0.061467103919166835,6.0147390816833735e-05,,,,,,
daily_curve,2.5,55.0,15,0.5,0.5,56,0.06426177310637408,7.136786883532587e-05,,,,,,
daily_curve,2.5,55.0,15,0.5,0.5,57,0.0671612992358259,8.449362166340624e-05,,,,,,
daily_curve,2.5,55.0,15,0.5,0.5,58,0.07016845354266715,9.981178415041647e-05,,,,,,
daily_curve,2.5,55.0,15,0.5,0.5,59,0.07328602271376639,0.0001176462063503525,,,,,,
daily_curve,2.5,55.0,15,0.5,0.5,60,0.07651680581366446,0.00013836105355446993,,,,,,
daily_curve,2.5,55.0,15,0.5,0.5,61,0.07986361105252775,0.0001623645886468239,,,,,,
daily_curve,2.5,55.0,15,0.5,0.5,62,0.08332925239563518,0.0001901131192633132,,,,,,
daily_curve,2.5,55.0,15,0.5,0.5,63,0.08691654601428647,0.00022211508712166594,,,,,,
daily_curve,2.5,55.0,15,0.5,0.5,64,0.09062830657838332,0.0002589352714068571,,,,,,
daily_curve,2.5,55.0,15,0.5,0.5,65,0.09446734339132597,0.00030119907228842724,,,,,,
daily_curve,2.5,55.0,15,0.5,0.5,66,0.09843645636826422,0.0003495968345905709,,,,,,
daily_curve,2.5,55.0,15,0.5,0.5,67,0.10253843185915743,0.00040488816541095485,,,,,,
daily_curve,2.5,55.0,15,0.5,0.5,68,0.10677603831852825,0.00046790619320402627,,,,,,
daily_curve,2.5,55.0,15,0.5,0.5,69,0.11115202182423288,0.0005395617096183303,,,,,,
daily_curve,2.5,55.0,15,0.5,0.5,70,0.11566910144802754,0.0006208471293505102,,,,,,
daily_curve,2.5,55.0,15,0.5,0.5,71,0.12032996448117424,0.0007128401975875498,,,,,,
daily_curve,2.5,55.0,15,0.5,0.5,72,0.1251372615188059,0.0008167073694244076,,,,,,
daily_curve,2.5,55.0,15,0.5,0.5,73,0.13009360140725393,0.0009337067811373556,,,,,,
daily_curve,2.5,55.0,15,0.5,0.5,74,0.13520154605903714,0.0010651907295258223,,,,,,
daily_curve,2.5,55.0,15,0.5,0.5,75,0.14046360514070916,0.0012126075729096408,,,,,,
daily_curve,2.5,55.0,15,0.5,0.5,76,0.14588223063927147,0.0013775029659341964,,,,,,
daily_curve,2.5,55.0,15,0.5,0.5,77,0.15145981131336628,0.001561520340288669,,,,,,
daily_curve,2.5,55.0,15,0.5,0.5,78,0.15719866703598176,0.0017664005449140596,,,,,,
daily_curve,2.5,55.0,15,0.5,0.5,79,0.16310104303591574,0.0019939805624269447,,,,,,
daily_curve,2.5,55.0,15,0.5,0.5,80,0.16916910404576588,0.002246191223410743,,,,,,
daily_curve,2.5,55.0,15,0.5,0.5,81,0.17540492836472107,0.0025250538470199535,,,,,,
daily_curve,2.5,55.0,15,0.5,0.5,82,0.1818105018449531,0.002832675745051305,,,,,,
daily_curve,2.5,55.0,15,0.5,0.5,83,0.18838771181090622,0.0031712445372584774,,,,,,
daily_curve,2.5,55.0,15,0.5,0.5,84,0.19513834092129223,0.0035430212381963866,,,,,,
daily_curve,2.5,55.0,15,0.5,0.5,85,0.20206406098408736,0.003950332090173259,,,,,,
daily_curve,2.5,55.0,15,0.5,0.5,86,0.20916642673531766,0.004395559132835958,,,,,,
daily_curve,2.5,55.0,15,0.5,0.5,87,0.216446869592887,0.004881129517309457,,,,,,
daily_curve,2.5,55.0,15,0.5,0.5,88,0.22390669139716973,0.005409503591419451,,,,,,
daily_curve,2.5,55.0,15,0.5,0.5,89,0.23154705815052495,0.005983161802036618,,,,,,
daily_curve,2.5,55.0,15,0.5,0.5,90,0.23936899376832885,0.006604590480663419,,,,,,
daily_curve,2.5,55.0,15,0.5,0.5,91,0.24737337385451832,0.007276266598633896,,,,,,
daily_curve,2.5,55.0,15,0.5,0.5,92,0.25556091951503895,0.00800064159831948,,,,,,
daily_curve,2.5,55.0,15,0.5,0.5,93,0.2639321912229447,0.008780124426065905,,,,,,
daily_curve,2.5,55.0,15,0.5,0.5,94,0.2724875827492472,0.009617063910792756,,,,,,
daily_curve,2.5,55.0,15,0.5,0.5,95,0.28122731517391814,0.010513730648799346,,,,,,
daily_curve,2.5,55.0,15,0.5,0.5,96,0.29015143099174145,0.011472298569918271,,,,,,
daily_curve,2.5,55.0,15,0.5,0.5,97,0.29925978832796135,0.012494826372306922,,,,,,
daily_curve,2.5,55.0,15,0.5,0.5,98,0.3085520552789018,0.0135832390225189,,,,,,
daily_curve,2.5,55.0,15,0.5,0.5,99,0.31802770439291855,0.01473930952371949,,,,,,
daily_curve,2.5,55.0,15,0.5,0.5,100,0.3276860073072038,0.015964641157761084,,,,,,
daily_curve,2.5,55.0,15,0.5,0.5,101,0.33752602955607913,0.01726065040613811,,,,,,
daily_curve,2.5,55.0,15,0.5,0.5,102,0.34754662556649263,0.018628550750509176,,,,,,
daily_curve,2.5,55.0,15,0.5,0.5,103,0.35774643385648064,0.02006933754550777,,,,,,
daily_curve,2.5,55.0,15,0.5,0.5,104,0.36812387245234524,0.021583774145058965,,,,,,
daily_curve,2.5,55.0,15,0.5,0.5,105,0.3786771345402655,0.02317237944855466,,,,,,
daily_curve,2.5,55.0,15,0.5,0.5,106,0.38940418436796514,0.024835417015300898,,,,,,
daily_curve,2.5,55.0,15,0.5,0.5,107,0.400302753411936,0.026572885874987517,,,,,,
daily_curve,2.5,55.0,15,0.5,0.5,108,0.41137033682553276,0.028384513138963174,,,,,,
daily_curve,2.5,55.0,15,0.5,0.5,109,0.4226041901830403,0.030269748492324777,,,,,,
daily_curve,2.5,55.0,15,0.5,0.5,110,0.43400132653453716,0.03222776062077748,,,,,,
daily_curve,2.5,55.0,15,0.5,0.5,111,0.44555851378607036,0.034257435599435504,,,,,,
daily_curve,2.5,55.0,15,0.5,0.5,112,0.45727227241928514,0.0363573772438055,,,,,,
daily_curve,2.5,55.0,15,0.5,0.5,113,0.46913887356424944,0.03852590939666878,,,,,,
daily_curve,2.5,55.0,15,0.5,0.5,114,0.4811543374387428,0.04076108009900914,,,,,,
daily_curve,2.5,55.0,15,0.5,0.5,115,0.49331443216678383,0.0430606675690165,,,,,,
daily_curve,2.5,55.0,15,0.5,0.5,116,0.5056146729886037,0.04542218789099317,,,,,,
daily_curve,2.5,55.0,15,0.5,0.5,117,0.5180503218736797,0.047842904296077626,,,,,,
daily_curve,2.5,55.0,15,0.5,0.5,118,0.5306163875477876,0.050319837899412745,,,,,,
daily_curve,2.5,55.0,15,0.5,0.5,119,0.5433076259443425,0.052849779743949665,,,,,,
daily_curve,2.5,55.0,15,0.5,0.5,120,0.5561185410895539,0.05542930398966317,,,,,,
daily_curve,2.5,55.0,15,0.5,0.5,121,0.5690433864301413,0.05805478207863379,,,,,,
daily_curve,2.5,55.0,15,0.5,0.5,122,0.5820761666115288,0.060722397701235775,,,,,,
daily_curve,2.5,55.0,15,0.5,0.5,123,0.5952106397135717,0.0634281623864772,,,,,,
daily_curve,2.5,55.0,15,0.5,0.5,124,0.6084403199499646,0.0661679315402377,,,,,,
daily_curve,2.5,55.0,15,0.5,0.5,125,0.6217584808365318,0.06893742075854803,,,,,,
daily_curve,2.5,55.0,15,0.5,0.5,126,0.6351581588326316,0.07173222224890496,,,,,,
daily_curve,2.5,55.0,15,0.5,0.5,127,0.6486321574588814,0.07454782120064718,,,,,,
daily_curve,2.5,55.0,15,0.5,0.5,128,0.6621730518933819,0.07737961195531362,,,,,,
daily_curve,2.5,55.0,15,0.5,0.5,129,0.6757731940475342,0.08022291383936508,,,,,,
daily_curve,2.5,55.0,15,0.5,0.5,130,0.6894247181214554,0.0830729865343286,,,,,,
daily_curve,2.5,55.0,15,0.5,0.5,131,0.7031195466378698,0.08592504487301433,,,,,,
daily_curve,2.5,55.0,15,0.5,0.5,132,0.71684939695222,0.0887742729646478,,,,,,
daily_curve,2.5,55.0,15,0.5,0.5,133,0.7306057882355732,0.09161583756625657,,,,,,
daily_curve,2.5,55.0,15,0.5,0.5,134,0.7443800489257355,0.09444490063220157,,,,,,
daily_curve,2.5,55.0,15,0.5,0.5,135,0.7581633246407917,0.09725663098810045,,,,,,
daily_curve,2.5,55.0,15,0.5,0.5,136,0.7719465865481122,0.10004621508936118,,,,,,
daily_curve,2.5,55.0,15,0.5,0.5,137,0.7857206401806492,0.10280886683795043,,,,,,
daily_curve,2.5,55.0,15,0.5,0.5,138,0.7994761346911752,0.10553983644373888,,,,,,
daily_curve,2.5,55.0,15,0.5,0.5,139,0.8132035725338983,0.10823441832868219,,,,,,
daily_curve,2.5,55.0,15,0.5,0.5,140,0.8268933195617183,0.11088795808315177,,,,,,
daily_curve,2.5,55.0,15,0.5,0.5,141,0.8405356155262003,0.11349585849388488,,,,,,
daily_curve,2.5,55.0,15,0.5,0.5,142,0.8541205849661836,0.11605358467226445,,,,,,
daily_curve,2.5,55.0,15,0.5,0.5,143,0.8676382484697973,0.11855666831998735,,,,,,
daily_curve,2.5,55.0,15,0.5,0.5,144,0.8810785342935261,0.12100071117667122,,,,,,
daily_curve,2.5,55.0,15,0.5,0.5,145,0.8944312903208762,0.12338138770063967,,,,,,
daily_curve,2.5,55.0,15,0.5,0.5,146,0.9076862963421135,0.12569444704009192,,,,,,
daily_curve,2.5,55.0,15,0.5,0.5,147,0.920833276635513,0.1279357143571881,,,,,,
daily_curve,2.5,55.0,15,0.5,0.5,148,0.9338619128295517,0.1301010915723646,,,,,,
daily_curve,2.5,55.0,15,0.5,0.5,149,0.9467618570245213,0.13218655760054032,,,,,,
daily_curve,2.5,55.0,15,0.5,0.5,150,0.9595227451511068,0.13418816815488532,,,,,,
daily_curve,2.5,55.0,15,0.5,0.5,151,0.9721342105426124,0.13610205519762864,,,,,,
daily_curve,2.5,55.0,15,0.5,0.5,152,0.9845858976966909,0.1379244261210658,,,,,,
daily_curve,2.5,55.0,15,0.5,0.5,153,0.9968674762016566,0.13965156274562684,,,,,,
daily_curve,2.5,55.0,15,0.5,0.5,154,1.008968654801756,0.1412798202256691,,,,,,
daily_curve,2.5,55.0,15,0.5,0.5,155,1.0208791955751049,0.14280562595766932,,,,,,
daily_curve,2.5,55.0,15,0.5,0.5,156,1.032588928197414,0.1442254785898036,,,,,,
daily_curve,2.5,55.0,15,0.5,0.5,157,1.04408776426409,0.1455359472365898,,,,,,
daily_curve,2.5,55.0,15,0.5,0.5,158,1.0553657116428354,0.14673367100739532,,,,,,
daily_curve,2.5,55.0,15,0.5,0.5,159,1.0664128888284805,0.1478153589632316,,,,,,
daily_curve,2.5,55.0,15,0.5,0.5,160,1.0772195392714454,0.1487777906223785,,,,,,
daily_curve,2.5,55.0,15,0.5,0.5,161,1.0877760456509913,0.14961781714201483,,,,,,
daily_curve,2.5,55.0,15,0.5,0.5,162,1.0980729440642287,0.15033236331012867,,,,,,
daily_curve,2.5,55.0,15,0.5,0.5,163,1.1081009381017586,0.1509184304894654,,,,,,
daily_curve,2.5,55.0,15,0.5,0.5,164,1.1178509127807859,0.15137310066301357,,,,,,
daily_curve,2.5,55.0,15,0.5,0.5,165,1.1273139483066033,0.1516935417383436,,,,,,
daily_curve,2.5,55.0,15,0.5,0.5,166,1.1364813336334678,0.1518770142757344,,,,,,
daily_curve,2.5,55.0,15,0.5,0.5,167,1.1453445797960957,0.15192087981211366,,,,,,
daily_curve,2.5,55.0,15,0.5,0.5,168,1.1538954329832947,0.1518226109589551,,,,,,
daily_curve,2.5,55.0,15,0.5,0.5,169,1.1621258873256048,0.15157980345687005,,,,,,
daily_curve,2.5,55.0,15,0.5,0.5,170,1.1700281973692686,0.1511901903720222,,,,,,
daily_curve,2.5,55.0,15,0.5,0.5,171,1.1775948902093596,0.15065165861886243,,,,,,
daily_curve,2.5,55.0,15,0.5,0.5,172,1.1848187772555012,0.14996226798906365,,,,,,
daily_curve,2.5,55.0,15,0.5,0.5,173,1.1916929656042647,0.14912027285677332,,,,,,
daily_curve,2.5,55.0,15,0.5,0.5,174,1.1982108689930835,0.14812414671412766,,,,,,
daily_curve,2.5,55.0,15,0.5,0.5,175,1.2043662183113348,0.1469726096668782,,,,,,
daily_curve,2.5,55.0,15,0.5,0.5,176,1.210153071645113,0.14566465898639902,,,,,,
daily_curve,2.5,55.0,15,0.5,0.5,177,1.2155658238331768,0.1441996027695156,,,,,,
daily_curve,2.5,55.0,15,0.5,0.5,178,1.2205992155125642,0.14257709669975027,,,,,,
daily_curve,2.5,55.0,15,0.5,0.5,179,1.225248341633444,0.1407971838309433,,,,,,
daily_curve,2.5,55.0,15,0.5,0.5,180,1.2295086594239097,0.13886033722512325,,,,,,
daily_curve,2.5,55.0,15,0.5,0.5,181,1.233375995786614,0.136767505169602,,,,,,
daily_curve,2.5,55.0,15,0.5,0.5,182,1.2368465541103855,0.13452015857260624,,,,,,
daily_curve,2.5,55.0,15,0.5,0.5,183,1.2399169204812681,0.13212033999209316,,,,,,
daily_curve,2.5,55.0,15,0.5,0.5,184,1.242584069278754,0.129570713589383,,,,,,
daily_curve,2.5,55.0,15,0.5,0.5,185,1.244845368144373,0.1268746151198058,,,,,,
daily_curve,2.5,55.0,15,0.5,0.5,186,1.2466985823112184,0.12403610088012085,,,,,,
daily_curve,2.5,55.0,15,0.5,0.5,187,1.248141878284435,0.12105999433232384,,,,,,
daily_curve,2.5,55.0,15,0.5,0.5,188,1.2491738268641899,0.11795192892300188,,,,,,
daily_curve,2.5,55.0,15,0.5,0.5,189,1.2497934055041475,0.1147183854263345,,,,,,
daily_curve,2.5,55.0,15,0.5,0.5,190,1.25,0.11136672196924957,,,,,,
daily_curve,2.5,55.0,15,0.5,0.5,191,1.2497934055041475,0.10790519476343308,,,,,,
daily_curve,2.5,55.0,15,0.5,0.5,192,1.2491738268641899,0.10434296748704319,,,,,,
daily_curve,2.5,55.0,15,0.5,0.5,193,1.248141878284435,0.10069010724645577,,,,,,
daily_curve,2.5,55.0,15,0.5,0.5,194,1.2466985823112184,0.09695756512265796,,,,,,
daily_curve,2.5,55.0,15,0.5,0.5,195,1.244845368144373,0.09315713948429305,,,,,,
daily_curve,2.5,55.0,15,0.5,0.5,196,1.242584069278754,0.08930142054312484,,,,,,
daily_curve,2.5,55.0,15,0.5,0.5,197,1.2399169204812681,0.08540371504626831,,,,,,
daily_curve,2.5,55.0,15,0.5,0.5,198,1.2368465541103855,0.08147795054435525,,,,,,
daily_curve,2.5,55.0,15,0.5,0.5,199,1.233375995786614,0.07753855933853526,,,,,,
daily_curve,2.5,55.0,15,0.5,0.5,200,1.2295086594239097,0.07360034297417695,,,,,,
daily_curve,2.5,55.0,15,0.5,0.5,201,1.225248341633444,0.06967831898656252,,,,,,
daily_curve,2.5,55.0,15,0.5,0.5,202,1.2205992155125642,0.0657875524742022,,,,,,
daily_curve,2.5,55.0,15,0.5,0.5,203,1.2155658238331768,0.0619429759296124,,,,,,
daily_curve,2.5,55.0,15,0.5,0.5,204,1.210153071645113,0.058159201539967564,,,,,,
daily_curve,2.5,55.0,15,0.5,0.5,205,1.2043662183113348,0.05445033082279538,,,,,,
daily_curve,2.5,55.0,15,0.5,0.5,206,1.1982108689930835,0.050829766929221254,,,,,,
daily_curve,2.5,55.0,15,0.5,0.5,207,1.1916929656042647,0.047310035181564736,,,,,,
daily_curve,2.5,55.0,15,0.5,0.5,208,1.1848187772555012,0.04390261737918699,,,,,,
daily_curve,2.5,55.0,15,0.5,0.5,209,1.1775948902093596,0.040617805090242376,,,,,,
daily_curve,2.5,55.0,15,0.5,0.5,210,1.1700281973692686,0.037464576552264095,,,,,,
daily_curve,2.5,55.0,15,0.5,0.5,211,1.1621258873256048,0.03445050095818303,,,,,,
daily_curve,2.5,55.0,15,0.5,0.5,212,1.1538954329832947,0.03158167285377056,,,,,,
daily_curve,2.5,55.0,15,0.5,0.5,213,1.1453445797960957,0.028862678181776458,,,,,,
daily_curve,2.5,55.0,15,0.5,0.5,214,1.1364813336334678,0.02629659225238057,,,,,,
daily_curve,2.5,55.0,15,0.5,0.5,215,1.1273139483066033,0.02388500867836385,,,,,,
daily_curve,2.5,55.0,15,0.5,0.5,216,1.1178509127807859,0.021628097162836202,,,,,,
daily_curve,2.5,55.0,15,0.5,0.5,217,1.1081009381017586,0.019524687033794064,,,,,,
daily_curve,2.5,55.0,15,0.5,0.5,218,1.0980729440642287,0.017572372634286237,,,,,,
daily_curve,2.5,55.0,15,0.5,0.5,219,1.0877760456509913,0.015767636131925777,,,,,,
daily_curve,2.5,55.0,15,0.5,0.5,220,1.0772195392714454,0.014105983019280455,,,,,,
daily_curve,2.5,55.0,15,0.5,0.5,221,1.0664128888284805,0.012582085530600362,,,,,,
daily_curve,2.5,55.0,15,0.5,0.5,222,1.0553657116428354,0.011189929377252383,,,,,,
daily_curve,2.5,55.0,15,0.5,0.5,223,1.04408776426409,0.009922959568465117,,,,,,
daily_curve,2.5,55.0,15,0.5,0.5,224,1.032588928197414,0.008774221591990372,,,,,,
daily_curve,2.5,55.0,15,0.5,0.5,225,1.0208791955751049,0.0077364948341674955,,,,,,
daily_curve,2.5,55.0,15,0.5,0.5,226,1.008968654801756,0.0068024157746381375,,,,,,
daily_curve,2.5,55.0,15,0.5,0.5,227,0.9968674762016566,0.005964589155798228,,,,,,
daily_curve,2.5,55.0,15,0.5,0.5,228,0.9845858976966909,0.005215685965766936,,,,,,
daily_curve,2.5,55.0,15,0.5,0.5,229,0.9721342105426124,0.004548527658842172,,,,,,
daily_curve,2.5,55.0,15,0.5,0.5,230,0.9595227451511068,0.0039561565500179086,,,,,,
daily_curve,2.5,55.0,15,0.5,0.5,231,0.9467618570245213,0.0034318927489803697,,,,,,
daily_curve,2.5,55.0,15,0.5,0.5,232,0.9338619128295517,0.00296937833982025,,,,,,
daily_curve,2.5,55.0,15,0.5,0.5,233,0.920833276635513,0.002562609767019497,,,,,,
daily_curve,2.5,55.0,15,0.5,0.5,234,0.9076862963421135,0.0022059595618644234,,,,,,
daily_curve,2.5,55.0,15,0.5,0.5,235,0.8944312903208762,0.0018941886451030454,,,,,,
daily_curve,2.5,55.0,15,0.5,0.5,236,0.8810785342935261,0.0016224504818652674,,,,,,
daily_curve,2.5,55.0,15,0.5,0.5,237,0.8676382484697973,0.0013862883548039218,,,,,,
daily_curve,2.5,55.0,15,0.5,0.5,238,0.8541205849661836,0.0011816269721139916,,,,,,
daily_curve,2.5,55.0,15,0.5,0.5,239,0.8405356155262003,0.0010047595488893446,,,,,,
daily_curve,2.5,55.0,15,0.5,0.5,240,0.8268933195617183,0.0008523314024090345,,,,,,
daily_curve,2.5,55.0,15,0.5,0.5,241,0.8132035725338983,0.000721320992309038,,,,,,
daily_curve,2.5,55.0,15,0.5,0.5,242,0.7994761346911752,0.0006090192217583779,,,,,,
daily_curve,2.5,55.0,15,0.5,0.5,243,0.7857206401806492,0.000513007700862822,,,,,,
daily_curve,2.5,55.0,15,0.5,0.5,244,0.7719465865481122,0.0004311365625444541,,,,,,
daily_curve,2.5,55.0,15,0.5,0.5,245,0.7581633246407917,0.00036150231687848144,,,,,,
daily_curve,2.5,55.0,15,0.5,0.5,246,0.7443800489257355,0.00030242613420938813,,,,,,
daily_curve,2.5,55.0,15,0.5,0.5,247,0.7306057882355732,0.0002524328614033067,,,,,,
daily_curve,2.5,55.0,15,0.5,0.5,248,0.71684939695222,0.000210230999802552,,,,,,
daily_curve,2.5,55.0,15,0.5,0.5,249,0.7031195466378698,0.00017469380781021115,,,,,,
daily_curve,2.5,55.0,15,0.5,0.5,250,0.6894247181214554,0.00014484163521388815,,,,,,
daily_curve,2.5,55.0,15,0.5,0.5,251,0.6757731940475342,0.00011982554972989057,,,,,,
daily_curve,2.5,55.0,15,0.5,0.5,252,0.6621730518933819,9.891227806768654e-05,,,,,,
daily_curve,2.5,55.0,15,0.5,0.5,253,0.6486321574588814,8.147045322637325e-05,,,,,,
daily_curve,2.5,55.0,15,0.5,0.5,254,0.6351581588326316,6.695813584500776e-05,,,,,,
daily_curve,2.5,55.0,15,0.5,0.5,255,0.6217584808365318,5.491155938608383e-05,,,,,,
daily_curve,2.5,55.0,15,0.5,0.5,256,0.6084403199499646,4.493503585734082e-05,,,,,,
daily_curve,2.5,55.0,15,0.5,0.5,257,0.5952106397135717,3.6691949922840195e-05,,,,,,
daily_curve,2.5,55.0,15,0.5,0.5,258,0.5820761666115288,2.9896763861780862e-05,,,,,,
daily_curve,2.5,55.0,15,0.5,0.5,259,0.5690433864301413,2.430795328267621e-05,,,,,,
daily_curve,2.5,55.0,15,0.5,0.5,260,0.5561185410895539,1.9721793199423132e-05,,,,,,
daily_curve,2.5,55.0,15,0.5,0.5,261,0.5433076259443425,1.5966915533294213e-05,,,,,,
daily_curve,2.5,55.0,15,0.5,0.5,262,0.5306163875477876,1.2899561886769995e-05,,,,,,
daily_curve,2.5,55.0,15,0.5,0.5,263,0.5180503218736797,1.0399459181908988e-05,,,,,,
daily_curve,2.5,55.0,15,0.5,0.5,264,0.5056146729886037,8.366250159652644e-06,,,,,,
daily_curve,2.5,55.0,15,0.5,0.5,265,0.49331443216678383,6.716415551610844e-06,,,,,,
daily_curve,2.5,55.0,15,0.5,0.5,266,0.4811543374387428,5.38062975652398e-06,,,,,,
daily_curve,2.5,55.0,15,0.5,0.5,267,0.46913887356424944,4.30149692387527e-06,,,,,,
daily_curve,2.5,55.0,15,0.5,0.5,268,0.45727227241928514,3.4316193426864317e-06,,,,,,
daily_curve,2.5,55.0,15,0.5,0.5,269,0.44555851378607036,2.731954857115859e-06,,,,,,
daily_curve,2.5,55.0,15,0.5,0.5,270,0.43400132653453716,2.1704246216947e-06,,,,,,
daily_curve,2.5,55.0,15,0.5,0.5,271,0.4226041901830403,1.7207368177007965e-06,,,,,,
daily_curve,2.5,55.0,15,0.5,0.5,272,0.41137033682553276,1.3613959487512872e-06,,,,,,
daily_curve,2.5,55.0,15,0.5,0.5,273,0.400302753411936,1.0748710099761638e-06,,,,,,
daily_curve,2.5,55.0,15,0.5,0.5,274,0.38940418436796514,8.468991687937688e-07,,,,,,
daily_curve,2.5,55.0,15,0.5,0.5,275,0.3786771345402655,6.659046212220687e-07,,,,,,
daily_curve,2.5,55.0,15,0.5,0.5,276,0.36812387245234524,5.225149978249632e-07,,,,,,
daily_curve,2.5,55.0,15,0.5,0.5,277,0.35774643385648064,4.0916011190272883e-07,,,,,,
daily_curve,2.5,55.0,15,0.5,0.5,278,0.34754662556649263,3.197399811583068e-07,,,,,,
daily_curve,2.5,55.0,15,0.5,0.5,279,0.33752602955607913,2.493509393408644e-07,,,,,,
daily_curve,2.5,55.0,15,0.5,0.5,280,0.3276860073072038,1.940603044925382e-07,,,,,,
daily_curve,2.5,55.0,15,0.5,0.5,281,0.31802770439291855,1.5072150605366375e-07,,,,,,
daily_curve,2.5,55.0,15,0.5,0.5,282,0.3085520552789018,1.1682282197167382e-07,,,,,,
daily_curve,2.5,55.0,15,0.5,0.5,283,0.29925978832796135,9.036394887917965e-08,,,,,,
daily_curve,2.5,55.0,15,0.5,0.5,284,0.29015143099174145,6.975555466581795e-08,,,,,,
daily_curve,2.5,55.0,15,0.5,0.5,285,0.28122731517391814,5.373775080474985e-08,,,,,,
daily_curve,2.5,55.0,15,0.5,0.5,286,0.2724875827492472,4.131409403473896e-08,,,,,,
daily_curve,2.5,55.0,15,0.5,0.5,287,0.2639321912229447,3.169829976279459e-08,,,,,,
daily_curve,2.5,55.0,15,0.5,0.5,288,0.25556091951503895,2.4271330278935466e-08,,,,,,
daily_curve,2.5,55.0,15,0.5,0.5,289,0.24737337385451832,1.854692532887725e-08,,,,,,
daily_curve,2.5,55.0,15,0.5,0.5,290,0.23936899376832885,1.4143986204473435e-08,,,,,,
daily_curve,2.5,55.0,15,0.5,0.5,291,0.23154705815052495,1.0764505065097296e-08,,,,,,
daily_curve,2.5,55.0,15,0.5,0.5,292,0.22390669139716973,8.175972232571382e-09,,,,,,
daily_curve,2.5,55.0,15,0.5,0.5,293,0.216446869592887,6.197386270834215e-09,,,,,,
daily_curve,2.5,55.0,15,0.5,0.5,294,0.20916642673531766,4.688158083965277e-09,,,,,,
daily_curve,2.5,55.0,15,0.5,0.5,295,0.20206406098408736,3.539330495350157e-09,,,,,,
daily_curve,2.5,55.0,15,0.5,0.5,296,0.19513834092129223,2.6666487906723546e-09,,,,,,
daily_curve,2.5,55.0,15,0.5,0.5,297,0.18838771181090622,2.0051041937918512e-09,,,,,,
daily_curve,2.5,55.0,15,0.5,0.5,298,0.1818105018449531,1.5974822575870462e-09,,,,,,
daily_curve,2.5,55.0,15,0.5,0.5,299,0.17540492836472107,1.3485391692213966e-09,,,,,,
daily_curve,2.5,55.0,15,0.5,0.5,300,0.16916910404576588,1.1361042107083108e-09,,,,,,
daily_curve,2.5,55.0,15,0.5,0.5,301,0.16310104303591574,9.55211021391733e-10,,,,,,
daily_curve,2.5,55.0,15,0.5,0.5,302,0.15719866703598176,8.01505417591386e-10,,,,,,
daily_curve,2.5,55.0,15,0.5,0.5,303,0.15145981131336628,6.711800004666202e-10,,,,,,
daily_curve,2.5,55.0,15,0.5,0.5,304,0.14588223063927147,5.609140929507817e-10,,,,,,
daily_curve,2.5,55.0,15,0.5,0.5,305,0.14046360514070916,4.678190057560982e-10,,,,,,
daily_curve,2.5,55.0,15,0.5,0.5,306,0.13520154605903714,3.8938829938217623e-10,,,,,,
daily_curve,2.5,55.0,15,0.5,0.5,307,0.13009360140725393,3.2345259803889803e-10,,,,,,
daily_curve,2.5,55.0,15,0.5,0.5,308,0.1251372615188059,2.6813951059523333e-10,,,,,,
daily_curve,2.5,55.0,15,0.5,0.5,309,0.12032996448117424,2.218361050410067e-10,,,,,,
daily_curve,2.5,55.0,15,0.5,0.5,310,0.11566910144802754,1.8315737815299826e-10,,,,,,
daily_curve,2.5,55.0,15,0.5,0.5,311,0.11115202182423288,1.5091650151788372e-10,,,,,,
daily_curve,2.5,55.0,15,0.5,0.5,312,0.10677603831852825,1.240989533357606e-10,,,,,,
daily_curve,2.5,55.0,15,0.5,0.5,313,0.10253843185915743,1.0817247098060534e-10,,,,,,
daily_curve,2.5,55.0,15,0.5,0.5,314,0.09843645636826422,9.994971517102158e-11,,,,,,
daily_curve,2.5,55.0,15,0.5,0.5,315,0.09446734339132597,9.216427621083767e-11,,,,,,
daily_curve,2.5,55.0,15,0.5,0.5,316,0.09062830657838332,8.481226831946742e-11,,,,,,
daily_curve,2.5,55.0,15,0.5,0.5,317,0.08691654601428647,7.788769629257786e-11,,,,,,
daily_curve,2.5,55.0,15,0.5,0.5,318,0.08332925239563518,7.138267754669414e-11,,,,,,
daily_curve,2.5,55.0,15,0.5,0.5,319,0.07986361105252775,6.52873310968971e-11,,,,,,
daily_curve,2.5,55.0,15,0.5,0.5,320,0.07651680581366446,5.959044369063804e-11,,,,,,
daily_curve,2.5,55.0,15,0.5,0.5,321,0.07328602271376639,5.4279358785436216e-11,,,,,,
daily_curve,2.5,55.0,15,0.5,0.5,322,0.07016845354266715,4.934030961578628e-11,,,,,,
daily_curve,2.5,55.0,15,0.5,0.5,323,0.0671612992358259,4.4758641237763186e-11,,,,,,
daily_curve,2.5,55.0,15,0.5,0.5,324,0.06426177310637408,4.05190325736271e-11,,,,,,
daily_curve,2.5,55.0,15,0.5,0.5,325,0.061467103919166835,3.6605607434125886e-11,,,,,,
daily_curve,2.5,55.0,15,0.5,0.5,326,0.05877453880764324,3.3002045540797553e-11,,,,,,
daily_curve,2.5,55.0,15,0.5,0.5,327,0.056181346034625296,2.969191559287765e-11,,,,,,
daily_curve,2.5,55.0,15,0.5,0.5,328,0.05368481759848563,2.831634926536708e-11,,,,,,
daily_curve,2.5,55.0,15,0.5,0.5,329,0.05128227168640421,2.8624658199305486e-11,,,,,,
daily_curve,2.5,55.0,15,0.5,0.5,330,0.04897105497670222,2.887645678129047e-11,,,,,,
daily_curve,2.5,55.0,15,0.5,0.5,331,0.046748544792497015,2.9069968654482636e-11,,,,,,
daily_curve,2.5,55.0,15,0.5,0.5,332,0.04461215110915617,2.920397257355489e-11,,,,,,
daily_curve,2.5,55.0,15,0.5,0.5,333,0.04255931841824916,2.927769138239e-11,,,,,,
daily_curve,2.5,55.0,15,0.5,0.5,334,0.0405875274508964,2.929045894717319e-11,,,,,,
daily_curve,2.5,55.0,15,0.5,0.5,335,0.038694296763602594,2.9242053223299536e-11,,,,,,
daily_curve,2.5,55.0,15,0.5,0.5,336,0.03687718418982929,2.913280727767642e-11,,,,,,
daily_curve,2.5,55.0,15,0.5,0.5,337,0.035133788160715204,2.896327622181616e-11,,,,,,
daily_curve,2.5,55.0,15,0.5,0.5,338,0.033461748898489616,2.873434823413845e-11,,,,,,
daily_curve,2.5,55.0,15,0.5,0.5,339,0.03185874948624655,2.844746660457531e-11,,,,,,
daily_curve,2.5,55.0,15,0.5,0.5,340,0.03032251681785285,2.8104185645361213e-11,,,,,,
daily_curve,2.5,55.0,15,0.5,0.5,341,0.028850822431855855,2.7706614780242944e-11,,,,,,
daily_curve,2.5,55.0,15,0.5,0.5,342,0.02744148323333315,2.7257085477572218e-11,,,,,,
daily_curve,2.5,55.0,15,0.5,0.5,343,0.02609236210769022,2.842226454191632e-11,,,,,,
daily_curve,2.5,55.0,15,0.5,0.5,344,0.02480136843046287,3.1413760481768804e-11,,,,,,
daily_curve,2.5,55.0,15,0.5,0.5,345,0.023566458477217063,3.46466189071748e-11,,,,,,
daily_curve,2.5,55.0,15,0.5,0.5,346,0.02238563573766486,3.813094284765839e-11,,,,,,
daily_curve,2.5,55.0,15,0.5,0.5,347,0.021256951138127145,4.187661328813874e-11,,,,,,
daily_curve,2.5,55.0,15,0.5,0.5,348,0.020178503176476455,4.5892289968207933e-11,,,,,,
daily_curve,2.5,55.0,15,0.5,0.5,349,0.01914843797368329,5.018574444903834e-11,,,,,,
daily_curve,2.5,55.0,15,0.5,0.5,350,0.01816494924607083,5.476374909108017e-11,,,,,,
daily_curve,2.5,55.0,15,0.5,0.5,351,0.01722627820235336,5.963141092024671e-11,,,,,,
daily_curve,2.5,55.0,15,0.5,0.5,352,0.016330713369496715,6.47927267394266e-11,,,,,,
daily_curve,2.5,55.0,15,0.5,0.5,353,0.015476590351392011,7.024969495006417e-11,,,,,,
daily_curve,2.5,55.0,15,0.5,0.5,354,0.014662291524280207,7.600253759676434e-11,,,,,,
daily_curve,2.5,55.0,15,0.5,0.5,355,0.013886245672802883,8.204958934499018e-11,,,,,,
daily_curve,2.5,55.0,15,0.5,0.5,356,0.013146927570487164,8.838663134724811e-11,,,,,,
daily_curve,2.5,55.0,15,0.5,0.5,357,0.0124428575083972,9.50075573769027e-11,,,,,,
daily_curve,2.5,55.0,15,0.5,0.5,358,0.011772600775605095,1.0824074969661979e-10,,,,,,
daily_curve,2.5,55.0,15,0.5,0.5,359,0.011134767095048391,1.3070222681932364e-10,,,,,,
daily_curve,2.5,55.0,15,0.5,0.5,360,0.010528010018251158,1.574823604855169e-10,,,,,,
daily_curve,2.5,55.0,15,0.5,0.5,361,0.009951026282292053,1.8933732359727173e-10,,,,,,
daily_curve,2.5,55.0,15,0.5,0.5,362,0.009402555132304197,2.2714063963036324e-10,,,,,,
daily_curve,2.5,55.0,15,0.5,0.5,363,0.0088813776126916,2.7189805962279934e-10,,,,,,
daily_curve,2.5,55.0,15,0.5,0.5,364,0.00838631583014237,3.2476465960940004e-10,,,,,,
daily_curve,2.5,55.0,15,0.5,0.5,365,0.007916232191413963,3.870628262347964e-10,,,,,,
daily_curve,4.0,55.0,15,0.5,0.0,1,0.02390409158002375,3.268043117232722e-07,,,,,,
daily_curve,4.0,55.0,15,0.5,0.0,2,0.022549266386364033,3.8213448072532685e-07,,,,,,
daily_curve,4.0,55.0,15,0.5,0.0,3,0.02126419870753739,4.4567370727222055e-07,,,,,,
daily_curve,4.0,55.0,15,0.5,0.0,4,0.020045738394353127,5.184246185674368e-07,,,,,,
daily_curve,4.0,55.0,15,0.5,0.0,5,0.018890851160302792,6.014748956673088e-07,,,,,,
daily_curve,4.0,55.0,15,0.5,0.0,6,0.01779661583846251,6.959982410403853e-07,,,,,,
daily_curve,4.0,55.0,15,0.5,0.0,7,0.016760221614487706,8.032541651825653e-07,,,,,,
daily_curve,4.0,55.0,15,0.5,0.0,8,0.016760221614487706,9.820841430085991e-07,,,,,,
daily_curve,4.0,55.0,15,0.5,0.0,9,0.01779661583846251,1.272010574204785e-06,,,,,,
daily_curve,4.0,55.0,15,0.5,0.0,10,0.018890851160302792,1.6431352555246193e-06,,,,,,
daily_curve,4.0,55.0,15,0.5,0.0,11,0.020045738394353127,2.1168591154419047e-06,,,,,,
daily_curve,4.0,55.0,15,0.5,0.0,12,0.02126419870753739,2.7198323870880614e-06,,,,,,
daily_curve,4.0,55.0,15,0.5,0.0,13,0.022549266386364033,3.485133271086127e-06,,,,,,
daily_curve,4.0,55.0,15,0.5,0.0,14,0.02390409158002375,4.453682458827046e-06,,,,,,
daily_curve,4.0,55.0,15,0.5,0.0,15,0.025331943012524685,5.675933499760255e-06,,,,,,
daily_curve,4.0,55.0,15,0.5,0.0,16,0.026836210656455584,7.2138840601088106e-06,,,,,,
daily_curve,4.0,55.0,15,0.5,0.0,17,0.02842040836061312,9.143458421734252e-06,,,,,,
daily_curve,4.0,55.0,15,0.5,0.0,18,0.03008817642337343,1.155731702184859e-05,,,,,,
daily_curve,4.0,55.0,15,0.5,0.0,19,0.03184328410333457,1.4568154313554516e-05,,,,,,
daily_curve,4.0,55.0,15,0.5,0.0,20,0.03368963205840371,1.831255157735967e-05,,,,,,
daily_curve,4.0,55.0,15,0.5,0.0,21,0.035631254704154854,2.2955456336792857e-05,,,,,,
daily_curve,4.0,55.0,15,0.5,0.0,22,0.037672322481936305,2.869536450100796e-05,,,,,,
daily_curve,4.0,55.0,15,0.5,0.0,23,0.03981714402687104,3.577028497814272e-05,,,,,,
daily_curve,4.0,55.0,15,0.5,0.0,24,0.042070168225558924,4.446456897622131e-05,,,,,,
daily_curve,4.0,55.0,15,0.5,0.0,25,0.044435986152969224,5.511668714541784e-05,,,,,,
daily_curve,4.0,55.0,15,0.5,0.0,26,0.04691933287769666,6.812803673483803e-05,,,,,,
daily_curve,4.0,55.0,15,0.5,0.0,27,0.049525089124454434,8.397285758754425e-05,,,,,,
daily_curve,4.0,55.0,15,0.5,0.0,28,0.05225828278238948,0.00010320932962759599,,,,,,
daily_curve,4.0,55.0,15,0.5,0.0,29,0.05512409024753076,0.00012649191502234203,,,,,,
daily_curve,4.0,55.0,15,0.5,0.0,30,0.05812783758742666,0.00015458499497245093,,,,,,
daily_curve,4.0,55.0,15,0.5,0.0,31,0.061275001515786534,0.00018837783362413152,,,,,,
daily_curve,4.0,55.0,15,0.5,0.0,32,0.06457121016472465,0.0002289008795298697,,,,,,
daily_curve,4.0,55.0,15,0.5,0.0,33,0.06802224364200686,0.0002773433880514098,,,,,,
daily_curve,4.0,55.0,15,0.5,0.0,34,0.07163403436052755,0.0003350723158771496,,,,,,
daily_curve,4.0,55.0,15,0.5,0.0,35,0.0754126671270946,0.000403652401308352,,,,,,
daily_curve,4.0,55.0,15,0.5,0.0,36,0.07936437897748119,0.0004848673012073368,,,,,,
daily_curve,4.0,55.0,15,0.5,0.0,37,0.0834955587446087,0.0005807416077535654,,,,,,
daily_curve,4.0,55.0,15,0.5,0.0,38,0.08781274634666608,0.0006935635159017739,,,,,,
daily_curve,4.0,55.0,15,0.5,0.0,39,0.09232263178193874,0.000825907856409902,,,,,,
daily_curve,4.0,55.0,15,0.5,0.0,40,0.09703205381712912,0.0009806591505231443,,,,,,
daily_curve,4.0,55.0,15,0.5,0.0,41,0.10194799835598894,0.001161034282178175,,,,,,
daily_curve,4.0,55.0,15,0.5,0.0,42,0.10707759647516678,0.0013706043235217624,,,,,,
daily_curve,4.0,55.0,15,0.5,0.0,43,0.11242812211428865,0.00161331499154993,,,,,,
daily_curve,4.0,55.0,15,0.5,0.0,44,0.11800698940745373,0.0018935051599225927,,,,,,
daily_curve,4.0,55.0,15,0.5,0.0,45,0.1238217496435283,0.0022159228029211553,,,,,,
daily_curve,4.0,55.0,15,0.5,0.0,46,0.12988008784286847,0.0025857377106919266,,,,,,
daily_curve,4.0,55.0,15,0.5,0.0,47,0.13618981893839732,0.0030085502890440097,,,,,,
daily_curve,4.0,55.0,15,0.5,0.0,48,0.14275888354929975,0.003490395745882613,,,,,,
daily_curve,4.0,55.0,15,0.5,0.0,49,0.14959534333599045,0.004037742972457403,,,,,,
daily_curve,4.0,55.0,15,0.5,0.0,50,0.1567073759254471,0.00465748745339678,,,,,,
daily_curve,4.0,55.0,15,0.5,0.0,51,0.16410326939649347,0.005356937587000621,,,,,,
daily_curve,4.0,55.0,15,0.5,0.0,52,0.17179141631515402,0.0061437938679943516,,,,,,
daily_curve,4.0,55.0,15,0.5,0.0,53,0.17978030731080094,0.0070261204797671395,,,,,,
daily_curve,4.0,55.0,15,0.5,0.0,54,0.18807852418445836,0.008012308962071502,,,,,,
daily_curve,4.0,55.0,15,0.5,0.0,55,0.19669473254133388,0.00911103376240896,,,,,,
daily_curve,4.0,55.0,15,0.5,0.0,56,0.2056376739403971,0.010331199642968802,,,,,,
daily_curve,4.0,55.0,15,0.5,0.0,57,0.21491615755464286,0.011681881097091229,,,,,,
daily_curve,4.0,55.0,15,0.5,0.0,58,0.2245390513365349,0.013172254125754734,,,,,,
daily_curve,4.0,55.0,15,0.5,0.0,59,0.23451527268405242,0.014811520930459676,,,,,,
daily_curve,4.0,55.0,15,0.5,0.0,60,0.24485377860372626,0.016608828288108612,,,,,,
daily_curve,4.0,55.0,15,0.5,0.0,61,0.2555635553680888,0.018573180579269044,,,,,,
daily_curve,4.0,55.0,15,0.5,0.0,62,0.2666536076660326,0.02071334863625729,,,,,,
daily_curve,4.0,55.0,15,0.5,0.0,63,0.2781329472457167,0.023037775754237155,,,,,,
daily_curve,4.0,55.0,15,0.5,0.0,64,0.2900105810508266,0.025554482359501307,,,,,,
daily_curve,4.0,55.0,15,0.5,0.0,65,0.3022954988522431,0.028270970947290697,,,,,,
daily_curve,4.0,55.0,15,0.5,0.0,66,0.3149966603784455,0.03119413298068041,,,,,,
daily_curve,4.0,55.0,15,0.5,0.0,67,0.3281229819493038,0.03433015947723206,,,,,,
daily_curve,4.0,55.0,15,0.5,0.0,68,0.3416833226192904,0.037684456997751914,,,,,,
daily_curve,4.0,55.0,15,0.5,0.0,69,0.3556864698375452,0.04126157068990066,,,,,,
daily_curve,4.0,55.0,15,0.5,0.0,70,0.37014112463368815,0.04506511592879936,,,,,,
daily_curve,4.0,55.0,15,0.5,0.0,71,0.38505588633975757,0.04909771993945711,,,,,,
daily_curve,4.0,55.0,15,0.5,0.0,72,0.4004392368601788,0.0533609745860989,,,,,,
daily_curve,4.0,55.0,15,0.5,0.0,73,0.41629952450321256,0.05785540127746314,,,,,,
daily_curve,4.0,55.0,15,0.5,0.0,74,0.43264494738891884,0.06258042867262514,,,,,,
daily_curve,4.0,55.0,15,0.5,0.0,75,0.44948353645026934,0.06753438358790875,,,,,,
daily_curve,4.0,55.0,15,0.5,0.0,76,0.46682313804566866,0.07271449521178741,,,,,,
daily_curve,4.0,55.0,15,0.5,0.0,77,0.48467139620277205,0.07811691244151231,,,,,,
daily_curve,4.0,55.0,15,0.5,0.0,78,0.5030357345151416,0.08373673387251801,,,,,,
daily_curve,4.0,55.0,15,0.5,0.0,79,0.5219233377149304,0.0895680497087753,,,,,,
daily_curve,4.0,55.0,15,0.5,0.0,80,0.5413411329464508,0.09560399462743241,,,,,,
daily_curve,4.0,55.0,15,0.5,0.0,81,0.5612957707671075,0.10183681043108728,,,,,,
daily_curve,4.0,55.0,15,0.5,0.0,82,0.5817936059038499,0.10825791716096278,,,,,,
daily_curve,4.0,55.0,15,0.5,0.0,83,0.6028406777948999,0.11485799122731488,,,,,,
daily_curve,4.0,55.0,15,0.5,0.0,84,0.6244426909481351,0.1216270490409066,,,,,,
daily_curve,4.0,55.0,15,0.5,0.0,85,0.6466049951490795,0.12855453460080057,,,,,,
daily_curve,4.0,55.0,15,0.5,0.0,86,0.6693325655530165,0.13562940950686386,,,,,,
daily_curve,4.0,55.0,15,0.5,0.0,87,0.6926299826972384,0.14284024391660144,,,,,,
daily_curve,4.0,55.0,15,0.5,0.0,88,0.7165014124709431,0.1501753070504812,,,,,,
daily_curve,4.0,55.0,15,0.5,0.0,89,0.7409505860816799,0.15762265596219482,,,,,,
daily_curve,4.0,55.0,15,0.5,0.0,90,0.7659807800586523,0.16517022142427396,,,,,,
daily_curve,4.0,55.0,15,0.5,0.0,91,0.7915947963344586,0.17280588992892998,,,,,,
daily_curve,4.0,55.0,15,0.5,0.0,92,0.8177949424481247,0.18051758096284376,,,,,,
daily_curve,4.0,55.0,15,0.5,0.0,93,0.844583011913423,0.18829331887718725,,,,,,
daily_curve,4.0,55.0,15,0.5,0.0,94,0.871960264797591,0.19612129883530505,,,,,,
daily_curve,4.0,55.0,15,0.5,0.0,95,0.8999274085565381,0.20398994647577473,,,,,,
daily_curve,4.0,55.0,15,0.5,0.0,96,0.9284845791735727,0.21188797107439372,,,,,,
daily_curve,4.0,55.0,15,0.5,0.0,97,0.9576313226494763,0.21980441212217627,,,,,,
daily_curve,4.0,55.0,15,0.5,0.0,98,0.9873665768924857,0.22772867935569785,,,,,,
daily_curve,4.0,55.0,15,0.5,0.0,99,1.0176886540573393,0.2356505863798356,,,,,,
daily_curve,4.0,55.0,15,0.5,0.0,100,1.0485952233830522,0.2435603781105956,,,,,,
daily_curve,4.0,55.0,15,0.5,0.0,101,1.0800832945794532,0.25144875233728037,,,,,,
daily_curve,4.0,55.0,15,0.5,0.0,102,1.1121492018127763,0.259306875759315,,,,,,
daily_curve,4.0,55.0,15,0.5,0.0,103,1.144788588340738,0.267126394894488,,,,,,
daily_curve,4.0,55.0,15,0.5,0.0,104,1.1779963918475047,0.2748994422834038,,,,,,
daily_curve,4.0,55.0,15,0.5,0.0,105,1.2117668305288496,0.2826186384309707,,,,,,
daily_curve,4.0,55.0,15,0.5,0.0,106,1.2460933899774884,0.29027708993126566,,,,,,
daily_curve,4.0,55.0,15,0.5,0.0,107,1.2809688109181951,0.2978683842186681,,,,,,
daily_curve,4.0,55.0,15,0.5,0.0,108,1.3163850778417048,0.30538658137725705,,,,,,
daily_curve,4.0,55.0,15,0.5,0.0,109,1.352333408585729,0.31282620342357337,,,,,,
daily_curve,4.0,55.0,15,0.5,0.0,110,1.388804244910519,0.32018222145630926,,,,,,
daily_curve,4.0,55.0,15,0.5,0.0,111,1.4257872441154251,0.3274500410415436,,,,,,
daily_curve,4.0,55.0,15,0.5,0.0,112,1.4632712717417125,0.334625486174859,,,,,,
daily_curve,4.0,55.0,15,0.5,0.0,113,1.5012443954055983,0.3417047821330408,,,,,,
daily_curve,4.0,55.0,15,0.5,0.0,114,1.539693879803977,0.3486845374988351,,,,,,
daily_curve,4.0,55.0,15,0.5,0.0,115,1.5786061829337084,0.35556172561313937,,,,,,
daily_curve,4.0,55.0,15,0.5,0.0,116,1.617966953563532,0.3623336656805265,,,,,,
daily_curve,4.0,55.0,15,0.5,0.0,117,1.657761029995775,0.36899800372660907,,,,,,
daily_curve,4.0,55.0,15,0.5,0.0,118,1.6979724401529204,0.3755526935797333,,,,,,
daily_curve,4.0,55.0,15,0.5,0.0,119,1.7385844030218958,0.381995978025099,,,,,,
daily_curve,4.0,55.0,15,0.5,0.0,120,1.7795793314865727,0.3883263702567644,,,,,,
daily_curve,4.0,55.0,15,0.5,0.0,121,1.8209388365764523,0.3945426357322104,,,,,,
daily_curve,4.0,55.0,15,0.5,0.0,122,1.8626437331568924,0.4006437745152228,,,,,,
daily_curve,4.0,55.0,15,0.5,0.0,123,1.9046740470834296,0.4066290041757993,,,,,,
daily_curve,4.0,55.0,15,0.5,0.0,124,1.9470090238398867,0.4124977433005411,,,,,,
daily_curve,4.0,55.0,15,0.5,0.0,125,1.9896271386769018,0.4182495956534801,,,,,,
daily_curve,4.0,55.0,15,0.5,0.0,126,2.032506108264421,0.42388433501541334,,,,,,
daily_curve,4.0,55.0,15,0.5,0.0,127,2.07562290386842,0.42940189071948187,,,,,,
daily_curve,4.0,55.0,15,0.5,0.0,128,2.118953766058822,0.43480233389179757,,,,,,
daily_curve,4.0,55.0,15,0.5,0.0,129,2.1624742209521095,0.44008586439829556,,,,,,
daily_curve,4.0,55.0,15,0.5,0.0,130,2.2061590979886576,0.44525279849254384,,,,,,
daily_curve,4.0,55.0,15,0.5,0.0,131,2.2499825492411833,0.4503035571538452,,,,,,
daily_curve,4.0,55.0,15,0.5,0.0,132,2.2939180702471043,0.4552386551005374,,,,,,
daily_curve,4.0,55.0,15,0.5,0.0,133,2.3379385223538343,0.46005869045979664,,,,,,
daily_curve,4.0,55.0,15,0.5,0.0,134,2.3820161565623534,0.4647643350724028,,,,,,
daily_curve,4.0,55.0,15,0.5,0.0,135,2.4261226388505337,0.46935632540871675,,,,,,
daily_curve,4.0,55.0,15,0.5,0.0,136,2.470229076953959,0.47383545407048744,,,,,,
daily_curve,4.0,55.0,15,0.5,0.0,137,2.5143060485780775,0.47820256185194965,,,,,,
daily_curve,4.0,55.0,15,0.5,0.0,138,2.5583236310117607,0.48245853033293784,,,,,,
daily_curve,4.0,55.0,15,0.5,0.0,139,2.6022514321084746,0.48660427497635295,,,,,,
daily_curve,4.0,55.0,15,0.5,0.0,140,2.6460586225974985,0.49064073870222424,,,,,,
daily_curve,4.0,55.0,15,0.5,0.0,141,2.689713969683841,0.4945688859107581,,,,,,
daily_curve,4.0,55.0,15,0.5,0.0,142,2.7331858718917874,0.49838969692711155,,,,,,
daily_curve,4.0,55.0,15,0.5,0.0,143,2.7764423951033512,0.5021041628411309,,,,,,
daily_curve,4.0,55.0,15,0.5,0.0,144,2.8194513097392835,0.5057132807159261,,,,,,
daily_curve,4.0,55.0,15,0.5,0.0,145,2.862180129026804,0.5092180491398688,,,,,,
daily_curve,4.0,55.0,15,0.5,0.0,146,2.9045961482947633,0.512619464097392,,,,,,
daily_curve,4.0,55.0,15,0.5,0.0,147,2.9466664852336413,0.5159185151348021,,,,,,
daily_curve,4.0,55.0,15,0.5,0.0,148,2.9883581210545653,0.5191161817981667,,,,,,
daily_curve,4.0,55.0,15,0.5,0.0,149,3.0296379424784683,0.522213430321214,,,,,,
daily_curve,4.0,55.0,15,0.5,0.0,150,3.0704727844835418,0.5252112105420343,,,,,,
daily_curve,4.0,55.0,15,0.5,0.0,151,3.1108294737363598,0.5281104530282166,,,,,,
daily_curve,4.0,55.0,15,0.5,0.0,152,3.150674872629411,0.5309120663908716,,,,,,
daily_curve,4.0,55.0,15,0.5,0.0,153,3.189975923845301,0.5336169347687632,,,,,,
daily_curve,4.0,55.0,15,0.5,0.0,154,3.228699695365619,0.5362259154645086,,,,,,
daily_curve,4.0,55.0,15,0.5,0.0,155,3.266813425840336,0.5387398367154868,,,,,,
daily_curve,4.0,55.0,15,0.5,0.0,156,3.3042845702317254,0.5411594955827194,,,,,,
daily_curve,4.0,55.0,15,0.5,0.0,157,3.341080845645088,0.543485655941557,,,,,,
daily_curve,4.0,55.0,15,0.5,0.0,158,3.3771702772570737,0.5457190465584958,,,,,,
daily_curve,4.0,55.0,15,0.5,0.0,159,3.4125212442511375,0.5478603592388845,,,,,,
daily_curve,4.0,55.0,15,0.5,0.0,160,3.4471025256686256,0.5499102470306311,,,,,,
daily_curve,4.0,55.0,15,0.5,0.0,161,3.4808833460831723,0.5518693224692984,,,,,,
daily_curve,4.0,55.0,15,0.5,0.0,162,3.513833421005532,0.5537381558501716,,,,,,
daily_curve,4.0,55.0,15,0.5,0.0,163,3.5459230019256274,0.555517273512987,,,,,,
daily_curve,4.0,55.0,15,0.5,0.0,164,3.5771229208985145,0.5572071561250314,,,,,,
daily_curve,4.0,55.0,15,0.5,0.0,165,3.6074046345811306,0.5588082369482403,,,,,,
daily_curve,4.0,55.0,15,0.5,0.0,166,3.636740267627097,0.5603209000757416,,,,,,
daily_curve,4.0,55.0,15,0.5,0.0,167,3.6651026553475066,0.561745478623003,,,,,,
daily_curve,4.0,55.0,15,0.5,0.0,168,3.692465385546543,0.5630822528583338,,,,,,
daily_curve,4.0,55.0,15,0.5,0.0,169,3.7188028394419357,0.5643314482569635,,,,,,
daily_curve,4.0,55.0,15,0.5,0.0,170,3.744090231581659,0.5654932334622507,,,,,,
daily_curve,4.0,55.0,15,0.5,0.0,171,3.7683036486699506,0.5665677181367741,,,,,,
daily_curve,4.0,55.0,15,0.5,0.0,172,3.7914200872176043,0.5675549506850817,,,,,,
daily_curve,4.0,55.0,15,0.5,0.0,173,3.8134174899336473,0.5684549158287456,,,,,,
daily_curve,4.0,55.0,15,0.5,0.0,174,3.8342747807778674,0.5692675320130405,,,,,,
daily_curve,4.0,55.0,15,0.5,0.0,175,3.8539718985962717,0.5699926486230347,,,,,,
daily_curve,4.0,55.0,15,0.5,0.0,176,3.872489829264362,0.5706300429851349,,,,,,
daily_curve,4.0,55.0,15,0.5,0.0,177,3.8898106362661657,0.5711794171281186,,,,,,
daily_curve,4.0,55.0,15,0.5,0.0,178,3.9059174896402054,0.5716403942754235,,,,,,
daily_curve,4.0,55.0,15,0.5,0.0,179,3.920794693227021,0.5720125150378866,,,,,,
daily_curve,4.0,55.0,15,0.5,0.0,180,3.9344277101565113,0.5722952332732307,,,,,,
daily_curve,4.0,55.0,15,0.5,0.0,181,3.9468031865171644,0.5724879115753225,,,,,,
daily_curve,4.0,55.0,15,0.5,0.0,182,3.9579089731532338,0.5725898163525707,,,,,,
daily_curve,4.0,55.0,15,0.5,0.0,183,3.9677341455400583,0.5726001124507125,,,,,,
daily_curve,4.0,55.0,15,0.5,0.0,184,3.9762690216920125,0.5725178572706522,,,,,,
daily_curve,4.0,55.0,15,0.5,0.0,185,3.9835051780619937,0.5723419943268766,,,,,,
daily_curve,4.0,55.0,15,0.5,0.0,186,3.989435463395899,0.5720713461862691,,,,,,
daily_curve,4.0,55.0,15,0.5,0.0,187,3.9940540105101916,0.571704606720787,,,,,,
daily_curve,4.0,55.0,15,0.5,0.0,188,3.9973562459654075,0.5712403326004277,,,,,,
daily_curve,4.0,55.0,15,0.5,0.0,189,3.9993388976132724,0.5706769339451239,,,,,,
daily_curve,4.0,55.0,15,0.5,0.0,190,4.0,0.5700126640456198,,,,,,
daily_curve,4.0,55.0,15,0.5,0.0,191,3.9993388976132724,0.569245608053951,,,,,,
daily_curve,4.0,55.0,15,0.5,0.0,192,3.9973562459654075,0.5683736705338283,,,,,,
daily_curve,4.0,55.0,15,0.5,0.0,193,3.9940540105101916,0.5673945617500007,,,,,,
daily_curve,4.0,55.0,15,0.5,0.0,194,3.989435463395899,0.5663057825635212,,,,,,
daily_curve,4.0,55.0,15,0.5,0.0,195,3.9835051780619937,0.565104607786802,,,,,,
daily_curve,4.0,55.0,15,0.5,0.0,196,3.9762690216920125,0.5637880678384879,,,,,,
daily_curve,4.0,55.0,15,0.5,0.0,197,3.9677341455400583,0.5623529285236143,,,,,,
daily_curve,4.0,55.0,15,0.5,0.0,198,3.9579089731532338,0.560795668749487,,,,,,
daily_curve,4.0,55.0,15,0.5,0.0,199,3.9468031865171644,0.5591124559725111,,,,,,
daily_curve,4.0,55.0,15,0.5,0.0,200,3.9344277101565113,0.5572991191562985,,,,,,
daily_curve,4.0,55.0,15,0.5,0.0,201,3.920794693227021,0.5553511190074556,,,,,,
daily_curve,4.0,55.0,15,0.5,0.0,202,3.9059174896402054,0.5532635152433916,,,,,,
daily_curve,4.0,55.0,15,0.5,0.0,203,3.8898106362661657,0.5510309306375654,,,,,,
daily_curve,4.0,55.0,15,0.5,0.0,204,3.872489829264362,0.5486475115834792,,,,,,
daily_curve,4.0,55.0,15,0.5,0.0,205,3.8539718985962717,0.5461068849216331,,,,,,
daily_curve,4.0,55.0,15,0.5,0.0,206,3.8342747807778674,0.5434021107865654,,,,,,
daily_curve,4.0,55.0,15,0.5,0.0,207,3.8134174899336473,0.5405256312578,,,,,,
daily_curve,4.0,55.0,15,0.5,0.0,208,3.7914200872176043,0.5374692146440001,,,,,,
daily_curve,4.0,55.0,15,0.5,0.0,209,3.7683036486699506,0.5342238953002656,,,,,,
daily_curve,4.0,55.0,15,0.5,0.0,210,3.744090231581659,0.5307799089824015,,,,,,
daily_curve,4.0,55.0,15,0.5,0.0,211,3.7188028394419357,0.527126623889436,,,,,,
daily_curve,4.0,55.0,15,0.5,0.0,212,3.692465385546543,0.5232524677494872,,,,,,
daily_curve,4.0,55.0,15,0.5,0.0,213,3.6651026553475066,0.5191448515802176,,,,,,
daily_curve,4.0,55.0,15,0.5,0.0,214,3.636740267627097,0.5147900911230497,,,,,,
daily_curve,4.0,55.0,15,0.5,0.0,215,3.6074046345811306,0.5101733274335847,,,,,,
daily_curve,4.0,55.0,15,0.5,0.0,216,3.5771229208985145,0.5052784487371549,,,,,,
daily_curve,4.0,55.0,15,0.5,0.0,217,3.5459230019256274,0.5000880164605184,,,,,,
daily_curve,4.0,55.0,15,0.5,0.0,218,3.513833421005532,0.49458319936475514,,,,,,
daily_curve,4.0,55.0,15,0.5,0.0,219,3.4808833460831723,0.48874372096973584,,,,,,
daily_curve,4.0,55.0,15,0.5,0.0,220,3.4471025256686256,0.48254782701676957,,,,,,
daily_curve,4.0,55.0,15,0.5,0.0,221,3.4125212442511375,0.47597228159905547,,,,,,
daily_curve,4.0,55.0,15,0.5,0.0,222,3.3771702772570737,0.468992402824294,,,,,,
daily_curve,4.0,55.0,15,0.5,0.0,223,3.341080845645088,0.46158215146365666,,,,,,
daily_curve,4.0,55.0,15,0.5,0.0,224,3.3042845702317254,0.4537142889524449,,,,,,
daily_curve,4.0,55.0,15,0.5,0.0,225,3.266813425840336,0.4453606242472563,,,,,,
daily_curve,4.0,55.0,15,0.5,0.0,226,3.228699695365619,0.4364923722313624,,,,,,
daily_curve,4.0,55.0,15,0.5,0.0,227,3.189975923845301,0.4270806492886352,,,,,,
daily_curve,4.0,55.0,15,0.5,0.0,228,3.150674872629411,0.41709713386399405,,,,,,
daily_curve,4.0,55.0,15,0.5,0.0,229,3.1108294737363598,0.40651492061077643,,,,,,
daily_curve,4.0,55.0,15,0.5,0.0,230,3.0704727844835418,0.3953095951604132,,,,,,
daily_curve,4.0,55.0,15,0.5,0.0,231,3.0296379424784683,0.38346055144395275,,,,,,
daily_curve,4.0,55.0,15,0.5,0.0,232,2.9883581210545653,0.3709525634297902,,,,,,
daily_curve,4.0,55.0,15,0.5,0.0,233,2.9466664852336413,0.357777606592956,,,,,,
daily_curve,4.0,55.0,15,0.5,0.0,234,2.9045961482947633,0.34393690001226196,,,,,,
daily_curve,4.0,55.0,15,0.5,0.0,235,2.862180129026804,0.3294431068618019,,,,,,
daily_curve,4.0,55.0,15,0.5,0.0,236,2.8194513097392835,0.3143225895155849,,,,,,
daily_curve,4.0,55.0,15,0.5,0.0,237,2.7764423951033512,0.29861756767729153,,,,,,
daily_curve,4.0,55.0,15,0.5,0.0,238,2.7331858718917874,0.2823879786569994,,,,,,
daily_curve,4.0,55.0,15,0.5,0.0,239,2.689713969683841,0.2657127960507646,,,,,,
daily_curve,4.0,55.0,15,0.5,0.0,240,2.6460586225974985,0.24869053757415427,,,,,,
daily_curve,4.0,55.0,15,0.5,0.0,241,2.6022514321084746,0.23143869745977363,,,,,,
daily_curve,4.0,55.0,15,0.5,0.0,242,2.5583236310117607,0.2140918857653683,,,,,,
daily_curve,4.0,55.0,15,0.5,0.0,243,2.5143060485780775,0.19679855369189425,,,,,,
daily_curve,4.0,55.0,15,0.5,0.0,244,2.470229076953959,0.17971632906011747,,,,,,
daily_curve,4.0,55.0,15,0.5,0.0,245,2.4261226388505337,0.16300616529651113,,,,,,
daily_curve,4.0,55.0,15,0.5,0.0,246,2.3820161565623534,0.1468256932102232,,,,,,
daily_curve,4.0,55.0,15,0.5,0.0,247,2.3379385223538343,0.1313223206820474,,,,,,
daily_curve,4.0,55.0,15,0.5,0.0,248,2.2939180702471043,0.11662671351387699,,,,,,
daily_curve,4.0,55.0,15,0.5,0.0,249,2.2499825492411833,0.10284728393009368,,,,,,
daily_curve,4.0,55.0,15,0.5,0.0,250,2.2061590979886576,0.09006620474649452,,,,,,
daily_curve,4.0,55.0,15,0.5,0.0,251,2.1624742209521095,0.07833727473329444,,,,,,
daily_curve,4.0,55.0,15,0.5,0.0,252,2.118953766058822,0.06768572253568883,,,,,,
daily_curve,4.0,55.0,15,0.5,0.0,253,2.07562290386842,0.05810980068369842,,,,,,
daily_curve,4.0,55.0,15,0.5,0.0,254,2.032506108264421,0.04958383158648427,,,,,,
daily_curve,4.0,55.0,15,0.5,0.0,255,1.9896271386769018,0.04206225235296612,,,,,,
daily_curve,4.0,55.0,15,0.5,0.0,256,1.9470090238398867,0.035484172657805124,,,,,,
daily_curve,4.0,55.0,15,0.5,0.0,257,1.9046740470834296,0.029777998913497306,,,,,,
daily_curve,4.0,55.0,15,0.5,0.0,258,1.8626437331568924,0.024865766136886847,,,,,,
daily_curve,4.0,55.0,15,0.5,0.0,259,1.8209388365764523,0.02066692998979791,,,,,,
daily_curve,4.0,55.0,15,0.5,0.0,260,1.7795793314865727,0.017101482645001775,,,,,,
daily_curve,4.0,55.0,15,0.5,0.0,261,1.7385844030218958,0.014092351527762226,,,,,,
daily_curve,4.0,55.0,15,0.5,0.0,262,1.6979724401529204,0.011567111587180379,,,,,,
daily_curve,4.0,55.0,15,0.5,0.0,263,1.657761029995775,0.009459088092033663,,,,,,
daily_curve,4.0,55.0,15,0.5,0.0,264,1.617966953563532,0.00770795091063059,,,,,,
daily_curve,4.0,55.0,15,0.5,0.0,265,1.5786061829337084,0.006259907864298753,,,,,,
daily_curve,4.0,55.0,15,0.5,0.0,266,1.539693879803977,0.0050675995329839685,,,,,,
daily_curve,4.0,55.0,15,0.5,0.0,267,1.5012443954055983,0.004089785733956464,,,,,,
daily_curve,4.0,55.0,15,0.5,0.0,268,1.4632712717417125,0.003290898605596615,,,,,,
daily_curve,4.0,55.0,15,0.5,0.0,269,1.4257872441154251,0.0026405214592911674,,,,,,
daily_curve,4.0,55.0,15,0.5,0.0,270,1.388804244910519,0.0021128379439185885,,,,,,
daily_curve,4.0,55.0,15,0.5,0.0,271,1.352333408585729,0.0016860834412175674,,,,,,
daily_curve,4.0,55.0,15,0.5,0.0,272,1.3163850778417048,0.0013420202708792628,,,,,,
daily_curve,4.0,55.0,15,0.5,0.0,273,1.2809688109181951,0.0010654501831327545,,,,,,
daily_curve,4.0,55.0,15,0.5,0.0,274,1.2460933899774884,0.0008437715183278183,,,,,,
daily_curve,4.0,55.0,15,0.5,0.0,275,1.2117668305288496,0.0006665840014272728,,,,,,
daily_curve,4.0,55.0,15,0.5,0.0,276,1.1779963918475047,0.0005253410849102025,,,,,,
daily_curve,4.0,55.0,15,0.5,0.0,277,1.144788588340738,0.0004130477509838304,,,,,,
daily_curve,4.0,55.0,15,0.5,0.0,278,1.1121492018127763,0.0003240004698201737,,,,,,
daily_curve,4.0,55.0,15,0.5,0.0,279,1.0800832945794532,0.0002535653684142547,,,,,,
daily_curve,4.0,55.0,15,0.5,0.0,280,1.0485952233830522,0.00019799042359991414,,,,,,
daily_curve,4.0,55.0,15,0.5,0.0,281,1.0176886540573393,0.0001542475216548267,,,,,,
daily_curve,4.0,55.0,15,0.5,0.0,282,0.9873665768924857,0.00011990042803300405,,,,,,
daily_curve,4.0,55.0,15,0.5,0.0,283,0.9576313226494763,9.299501312332037e-05,,,,,,
daily_curve,4.0,55.0,15,0.5,0.0,284,0.9284845791735727,7.196843339962733e-05,,,,,,
daily_curve,4.0,55.0,15,0.5,0.0,285,0.8999274085565381,5.557433758374142e-05,,,,,,
daily_curve,4.0,55.0,15,0.5,0.0,286,0.871960264797591,4.2821531890946396e-05,,,,,,
daily_curve,4.0,55.0,15,0.5,0.0,287,0.844583011913423,3.292388300635274e-05,,,,,,
daily_curve,4.0,55.0,15,0.5,0.0,288,0.8177949424481247,2.525955411325498e-05,,,,,,
daily_curve,4.0,55.0,15,0.5,0.0,289,0.7915947963344586,1.9337954253462186e-05,,,,,,
daily_curve,4.0,55.0,15,0.5,0.0,290,0.7659807800586523,1.4773033531589874e-05,,,,,,
daily_curve,4.0,55.0,15,0.5,0.0,291,0.7409505860816799,1.1261777011717378e-05,,,,,,
daily_curve,4.0,55.0,15,0.5,0.0,292,0.7165014124709431,8.566940536858247e-06,,,,,,
daily_curve,4.0,55.0,15,0.5,0.0,293,0.6926299826972384,6.503234677102121e-06,,,,,,
daily_curve,4.0,55.0,15,0.5,0.0,294,0.6693325655530165,4.926301423457957e-06,,,,,,
daily_curve,4.0,55.0,15,0.5,0.0,295,0.6466049951490795,3.723944963507364e-06,,,,,,
daily_curve,4.0,55.0,15,0.5,0.0,296,0.6244426909481351,2.8091756801851275e-06,,,,,,
daily_curve,4.0,55.0,15,0.5,0.0,297,0.6028406777948999,2.114708013367661e-06,,,,,,
daily_curve,4.0,55.0,15,0.5,0.0,298,0.5817936059038499,1.6849044905953292e-06,,,,,,
daily_curve,4.0,55.0,15,0.5,0.0,299,0.5612957707671075,1.4208844059115933e-06,,,,,,
daily_curve,4.0,55.0,15,0.5,0.0,300,0.5413411329464508,1.1957647265692373e-06,,,,,,
daily_curve,4.0,55.0,15,0.5,0.0,301,0.5219233377149304,1.0042335103488398e-06,,,,,,
daily_curve,4.0,55.0,15,0.5,0.0,302,0.5030357345151416,8.416355395945985e-07,,,,,,
daily_curve,4.0,55.0,15,0.5,0.0,303,0.48467139620277205,7.039019498389365e-07,,,,,,
daily_curve,4.0,55.0,15,0.5,0.0,304,0.46682313804566866,5.874857419430057e-07,,,,,,
daily_curve,4.0,55.0,15,0.5,0.0,305,0.44948353645026934,4.893029406094485e-07,,,,,,
daily_curve,4.0,55.0,15,0.5,0.0,306,0.43264494738891884,4.0667912670766526e-07,,,,,,
daily_curve,4.0,55.0,15,0.5,0.0,307,0.41629952450321256,3.3730104687101914e-07,,,,,,
daily_curve,4.0,55.0,15,0.5,0.0,308,0.4004392368601788,2.7917298828228354e-07,,,,,,
daily_curve,4.0,55.0,15,0.5,0.0,309,0.38505588633975757,2.3057759912514797e-07,,,,,,
daily_curve,4.0,55.0,15,0.5,0.0,310,0.37014112463368815,1.9004082996154636e-07,,,,,,
daily_curve,4.0,55.0,15,0.5,0.0,311,0.3556864698375452,1.563006757354657e-07,,,,,,
daily_curve,4.0,55.0,15,0.5,0.0,312,0.3416833226192904,1.2827940543136407e-07,,,,,,
daily_curve,4.0,55.0,15,0.5,0.0,313,0.3281229819493038,1.1158591861626377e-07,,,,,,
daily_curve,4.0,55.0,15,0.5,0.0,314,0.3149966603784455,1.0287558327437551e-07,,,,,,
daily_curve,4.0,55.0,15,0.5,0.0,315,0.3022954988522431,9.464238848178042e-08,,,,,,
daily_curve,4.0,55.0,15,0.5,0.0,316,0.2900105810508266,8.688142505430818e-08,,,,,,
daily_curve,4.0,55.0,15,0.5,0.0,317,0.2781329472457167,7.958539627317407e-08,,,,,,
daily_curve,4.0,55.0,15,0.5,0.0,318,0.2666536076660326,7.274486069075436e-08,,,,,,
daily_curve,4.0,55.0,15,0.5,0.0,319,0.2555635553680888,6.634847815600864e-08,,,,,,
daily_curve,4.0,55.0,15,0.5,0.0,320,0.24485377860372626,6.038325284229984e-08,,,,,,
daily_curve,4.0,55.0,15,0.5,0.0,321,0.23451527268405242,5.483477361067912e-08,,,,,,
daily_curve,4.0,55.0,15,0.5,0.0,322,0.2245390513365349,4.968744771183253e-08,,,,,,
daily_curve,4.0,55.0,15,0.5,0.0,323,0.21491615755464286,4.4924725051131986e-08,,,,,,
daily_curve,4.0,55.0,15,0.5,0.0,324,0.2056376739403971,4.052931357190204e-08,,,,,,
daily_curve,4.0,55.0,15,0.5,0.0,325,0.19669473254133388,3.648338153805497e-08,,,,,,
daily_curve,4.0,55.0,15,0.5,0.0,326,0.18807852418445836,3.276874638302729e-08,,,,,,
daily_curve,4.0,55.0,15,0.5,0.0,327,0.17978030731080094,2.9367050236039915e-08,,,,,,
daily_curve,4.0,55.0,15,0.5,0.0,328,0.17179141631515402,2.7892830489761877e-08,,,,,,
daily_curve,4.0,55.0,15,0.5,0.0,329,0.16410326939649347,2.8077133396031684e-08,,,,,,
daily_curve,4.0,55.0,15,0.5,0.0,330,0.1567073759254471,2.819928579533837e-08,,,,,,
daily_curve,4.0,55.0,15,0.5,0.0,331,0.14959534333599045,2.8258245854395625e-08,,,,,,
daily_curve,4.0,55.0,15,0.5,0.0,332,0.14275888354929975,2.825339096013124e-08,,,,,,
daily_curve,4.0,55.0,15,0.5,0.0,333,0.13618981893839732,2.818452682351591e-08,,,,,,
daily_curve,4.0,55.0,15,0.5,0.0,334,0.12988008784286847,2.8051892697611436e-08,,,,,,
daily_curve,4.0,55.0,15,0.5,0.0,335,0.1238217496435283,2.7856161155526138e-08,,,,,,
daily_curve,4.0,55.0,15,0.5,0.0,336,0.11800698940745373,2.7598433205433537e-08,,,,,,
daily_curve,4.0,55.0,15,0.5,0.0,337,0.11242812211428865,2.7280228742654344e-08,,,,,,
daily_curve,4.0,55.0,15,0.5,0.0,338,0.10707759647516678,2.690347200573484e-08,,,,,,
daily_curve,4.0,55.0,15,0.5,0.0,339,0.10194799835598894,2.6470472036521642e-08,,,,,,
daily_curve,4.0,55.0,15,0.5,0.0,340,0.09703205381712912,2.5983899920589693e-08,,,,,,
daily_curve,4.0,55.0,15,0.5,0.0,341,0.09232263178193874,2.544676092064435e-08,,,,,,
daily_curve,4.0,55.0,15,0.5,0.0,342,0.08781274634666608,2.4862363612321303e-08,,,,,,
daily_curve,4.0,55.0,15,0.5,0.0,343,0.0834955587446087,2.5741339504392613e-08,,,,,,
daily_curve,4.0,55.0,15,0.5,0.0,344,0.07936437897748119,2.824195144413011e-08,,,,,,
daily_curve,4.0,55.0,15,0.5,0.0,345,0.0754126671270946,3.0912080339895454e-08,,,,,,
daily_curve,4.0,55.0,15,0.5,0.0,346,0.07163403436052755,3.3754198103252975e-08,,,,,,
daily_curve,4.0,55.0,15,0.5,0.0,347,0.06802224364200686,3.676964377419267e-08,,,,,,
daily_curve,4.0,55.0,15,0.5,0.0,348,0.06457121016472465,3.995849462423706e-08,,,,,,
daily_curve,4.0,55.0,15,0.5,0.0,349,0.061275001515786534,4.3319442477596226e-08,,,,,,
daily_curve,4.0,55.0,15,0.5,0.0,350,0.05812783758742666,4.6849675805482605e-08,,,,,,
daily_curve,4.0,55.0,15,0.5,0.0,351,0.05512409024753076,5.054477092425458e-08,,,,,,
daily_curve,4.0,55.0,15,0.5,0.0,352,0.05225828278238948,5.4398594295790303e-08,,,,,,
daily_curve,4.0,55.0,15,0.5,0.0,353,0.049525089124454434,5.8403219371783166e-08,,,,,,
daily_curve,4.0,55.0,15,0.5,0.0,354,0.04691933287769666,6.25488597583157e-08,,,,,,
daily_curve,4.0,55.0,15,0.5,0.0,355,0.044435986152969224,6.682382258649255e-08,,,,,,
daily_curve,4.0,55.0,15,0.5,0.0,356,0.042070168225558924,7.121448253322171e-08,,,,,,
daily_curve,4.0,55.0,15,0.5,0.0,357,0.03981714402687104,7.570528071099147e-08,,,,,,
daily_curve,4.0,55.0,15,0.5,0.0,358,0.037672322481936305,8.527107664413336e-08,,,,,,
daily_curve,4.0,55.0,15,0.5,0.0,359,0.035631254704154854,1.0176318543386742e-07,,,,,,
daily_curve,4.0,55.0,15,0.5,0.0,360,0.03368963205840371,1.2113998471008358e-07,,,,,,
daily_curve,4.0,55.0,15,0.5,0.0,361,0.03184328410333457,1.4384270730083415e-07,,,,,,
daily_curve,4.0,55.0,15,0.5,0.0,362,0.03008817642337343,1.7036771782219517e-07,,,,,,
daily_curve,4.0,55.0,15,0.5,0.0,363,0.02842040836061312,2.0127112476675535e-07,,,,,,
daily_curve,4.0,55.0,15,0.5,0.0,364,0.026836210656455584,2.371733653916408e-07,,,,,,
daily_curve,4.0,55.0,15,0.5,0.0,365,0.025331943012524685,2.7876367181267625e-07,,,,,,
daily_curve,4.0,55.0,15,0.5,0.1,1,0.021513682422021375,1.8392542455725192e-07,,,,,,
daily_curve,4.0,55.0,15,0.5,0.1,2,0.02029433974772763,2.154981306734527e-07,,,,,,
daily_curve,4.0,55.0,15,0.5,0.1,3,0.019137778836783654,2.518497315140422e-07,,,,,,
daily_curve,4.0,55.0,15,0.5,0.1,4,0.018041164554917815,2.935835132777953e-07,,,,,,
daily_curve,4.0,55.0,15,0.5,0.1,5,0.017001766044272514,3.4135789617195655e-07,,,,,,
daily_curve,4.0,55.0,15,0.5,0.1,6,0.01601695425461626,3.958879543075611e-07,,,,,,
daily_curve,4.0,55.0,15,0.5,0.1,7,0.015084199453038936,4.57946335741255e-07,,,,,,
daily_curve,4.0,55.0,15,0.5,0.1,8,0.015084199453038936,5.612211010364021e-07,,,,,,
daily_curve,4.0,55.0,15,0.5,0.1,9,0.01601695425461626,7.286624755797888e-07,,,,,,
daily_curve,4.0,55.0,15,0.5,0.1,10,0.017001766044272514,9.43596954350312e-07,,,,,,
daily_curve,4.0,55.0,15,0.5,0.1,11,0.018041164554917815,1.218737843533546e-06,,,,,,
daily_curve,4.0,55.0,15,0.5,0.1,12,0.019137778836783654,1.5699782784928118e-06,,,,,,
daily_curve,4.0,55.0,15,0.5,0.1,13,0.02029433974772763,2.0171236717603236e-06,,,,,,
daily_curve,4.0,55.0,15,0.5,0.1,14,0.021513682422021375,2.584776029324054e-06,,,,,,
daily_curve,4.0,55.0,15,0.5,0.1,15,0.02279874871127222,3.3033973448892695e-06,,,,,,
daily_curve,4.0,55.0,15,0.5,0.1,16,0.024152589590810025,4.210583122943312e-06,,,,,,
daily_curve,4.0,55.0,15,0.5,0.1,17,0.02557836752455181,5.3525812238053305e-06,,,,,,
daily_curve,4.0,55.0,15,0.5,0.1,18,0.027079358781036088,6.786095631317046e-06,,,,,,
daily_curve,4.0,55.0,15,0.5,0.1,19,0.028658955693001115,8.580419367021364e-06,,,,,,
daily_curve,4.0,55.0,15,0.5,0.1,20,0.030320668852563338,1.081994552620813e-05,,,,,,
daily_curve,4.0,55.0,15,0.5,0.1,21,0.03206812923373937,1.3607110201929729e-05,,,,,,
daily_curve,4.0,55.0,15,0.5,0.1,22,0.03390509023374268,1.7065825754003505e-05,,,,,,
daily_curve,4.0,55.0,15,0.5,0.1,23,0.035835429624183936,2.1345467312028354e-05,,,,,,
daily_curve,4.0,55.0,15,0.5,0.1,24,0.03786315140300303,2.6625479378372674e-05,,,,,,
daily_curve,4.0,55.0,15,0.5,0.1,25,0.0399923875376723,3.312067268568253e-05,,,,,,
daily_curve,4.0,55.0,15,0.5,0.1,26,0.042227399589926995,4.108728379970117e-05,,,,,,
daily_curve,4.0,55.0,15,0.5,0.1,27,0.044572580212008994,5.082987103077752e-05,,,,,,
daily_curve,4.0,55.0,15,0.5,0.1,28,0.047032454504150535,6.2709119698523e-05,,,,,,
daily_curve,4.0,55.0,15,0.5,0.1,29,0.04961168122277768,7.715062730939692e-05,,,,,,
daily_curve,4.0,55.0,15,0.5,0.1,30,0.05231505382868399,9.465473437786365e-05,,,,,,
daily_curve,4.0,55.0,15,0.5,0.1,31,0.05514750136420788,0.00011580745903383427,,,,,,
daily_curve,4.0,55.0,15,0.5,0.1,32,0.05811408914825219,0.0001412925828302436,,,,,,
daily_curve,4.0,55.0,15,0.5,0.1,33,0.061220019277806174,0.00017190492088547948,,,,,,
daily_curve,4.0,55.0,15,0.5,0.1,34,0.0644706309244748,0.0002085647913300237,,,,,,
daily_curve,4.0,55.0,15,0.5,0.1,35,0.06787140041438515,0.00025233367665933315,,,,,,
daily_curve,4.0,55.0,15,0.5,0.1,36,0.07142794107973308,0.00030443104280530875,,,,,,
daily_curve,4.0,55.0,15,0.5,0.1,37,0.07514600287014783,0.0003662522504030985,,,,,,
daily_curve,4.0,55.0,15,0.5,0.1,38,0.07903147171199948,0.0004393874568482392,,,,,,
daily_curve,4.0,55.0,15,0.5,0.1,39,0.08309036860374487,0.0005256413674704641,,,,,,
daily_curve,4.0,55.0,15,0.5,0.1,40,0.08732884843541622,0.0006270536498461654,,,,,,
daily_curve,4.0,55.0,15,0.5,0.1,41,0.09175319852039006,0.0007459197774609683,,,,,,
daily_curve,4.0,55.0,15,0.5,0.1,42,0.0963698368276501,0.0008848120184165031,,,,,,
daily_curve,4.0,55.0,15,0.5,0.1,43,0.10118530990285979,0.0010466002326476875,,,,,,
daily_curve,4.0,55.0,15,0.5,0.1,44,0.10620629046670836,0.001234472088469163,,,,,,
daily_curve,4.0,55.0,15,0.5,0.1,45,0.11143957467917547,0.0014519522577036703,,,,,,
daily_curve,4.0,55.0,15,0.5,0.1,46,0.11689207905858164,0.0017029200999398864,,,,,,
daily_curve,4.0,55.0,15,0.5,0.1,47,0.1225708370445576,0.001991625302572131,,,,,,
daily_curve,4.0,55.0,15,0.5,0.1,48,0.1284829951943698,0.0023227009063578885,,,,,,
daily_curve,4.0,55.0,15,0.5,0.1,49,0.13463580900239142,0.002701173118534017,,,,,,
daily_curve,4.0,55.0,15,0.5,0.1,50,0.1410366383329024,0.003132467299386432,,,,,,
daily_curve,4.0,55.0,15,0.5,0.1,51,0.14769294245684414,0.0036224095058398076,,,,,,
daily_curve,4.0,55.0,15,0.5,0.1,52,0.1546122746836386,0.004177222989264484,,,,,,
daily_curve,4.0,55.0,15,0.5,0.1,53,0.16180227657972085,0.004803519076172602,,,,,,
daily_curve,4.0,55.0,15,0.5,0.1,54,0.16927067176601254,0.005508281911328239,,,,,,
daily_curve,4.0,55.0,15,0.5,0.1,55,0.1770252592872005,0.006298846614049336,,,,,,
daily_curve,4.0,55.0,15,0.5,0.1,56,0.1850739065463574,0.007182870490568427,,,,,,
daily_curve,4.0,55.0,15,0.5,0.1,57,0.19342454179917856,0.008168297057940976,,,,,,
daily_curve,4.0,55.0,15,0.5,0.1,58,0.20208514620288143,0.009263312767058385,,,,,,
daily_curve,4.0,55.0,15,0.5,0.1,59,0.21106374541564718,0.010476296461842893,,,,,,
daily_curve,4.0,55.0,15,0.5,0.1,60,0.22036840074335365,0.011815761775799016,,,,,,
daily_curve,4.0,55.0,15,0.5,0.1,61,0.2300071998312799,0.013290292841993234,,,,,,
daily_curve,4.0,55.0,15,0.5,0.1,62,0.23998824689942932,0.01490847387359251,,,,,,
daily_curve,4.0,55.0,15,0.5,0.1,63,0.250319652521145,0.01667881335396848,,,,,,
daily_curve,4.0,55.0,15,0.5,0.1,64,0.261009522945744,0.018609663752132577,,,,,,
daily_curve,4.0,55.0,15,0.5,0.1,65,0.2720659489670188,0.02070913784460182,,,,,,
daily_curve,4.0,55.0,15,0.5,0.1,66,0.28349699434060094,0.022985022872307193,,,,,,
daily_curve,4.0,55.0,15,0.5,0.1,67,0.2953106837543734,0.025444693884589475,,,,,,
daily_curve,4.0,55.0,15,0.5,0.1,68,0.30751499035736135,0.028095027715928977,,,,,,
daily_curve,4.0,55.0,15,0.5,0.1,69,0.3201178228537907,0.030942319099833915,,,,,,
daily_curve,4.0,55.0,15,0.5,0.1,70,0.3331270121703193,0.033992200444374454,,,,,,
daily_curve,4.0,55.0,15,0.5,0.1,71,0.34655029770578183,0.037249566772611487,,,,,,
daily_curve,4.0,55.0,15,0.5,0.1,72,0.3603953131741609,0.040718507267598514,,,,,,
daily_curve,4.0,55.0,15,0.5,0.1,73,0.3746695720528913,0.04440224475636079,,,,,,
daily_curve,4.0,55.0,15,0.5,0.1,74,0.38938045265002696,0.04830308432259367,,,,,,
daily_curve,4.0,55.0,15,0.5,0.1,75,0.4045351828052424,0.052422372057778666,,,,,,
daily_curve,4.0,55.0,15,0.5,0.1,76,0.42014082424110183,0.056760464750475914,,,,,,
daily_curve,4.0,55.0,15,0.5,0.1,77,0.43620425658249484,0.061316711080510844,,,,,,
daily_curve,4.0,55.0,15,0.5,0.1,78,0.45273216106362746,0.06608944463638122,,,,,,
daily_curve,4.0,55.0,15,0.5,0.1,79,0.46973100394343736,0.07107598881884081,,,,,,
daily_curve,4.0,55.0,15,0.5,0.1,80,0.48720701965180574,0.07627267343982636,,,,,,
daily_curve,4.0,55.0,15,0.5,0.1,81,0.5051661936903967,0.08167486258206746,,,,,,
daily_curve,4.0,55.0,15,0.5,0.1,82,0.5236142453134649,0.08727699305861936,,,,,,
daily_curve,4.0,55.0,15,0.5,0.1,83,0.5425566100154099,0.09307262261001259,,,,,,
daily_curve,4.0,55.0,15,0.5,0.1,84,0.5619984218533216,0.09905448680532725,,,,,,
daily_curve,4.0,55.0,15,0.5,0.1,85,0.5819444956341716,0.1052145634764281,,,,,,
daily_curve,4.0,55.0,15,0.5,0.1,86,0.6023993089977149,0.11154414341445529,,,,,,
daily_curve,4.0,55.0,15,0.5,0.1,87,0.6233669844275146,0.11803390599547403,,,,,,
daily_curve,4.0,55.0,15,0.5,0.1,88,0.6448512712238488,0.12467399837747728,,,,,,
daily_curve,4.0,55.0,15,0.5,0.1,89,0.6668555274735118,0.13145411692180198,,,,,,
daily_curve,4.0,55.0,15,0.5,0.1,90,0.6893827020527871,0.13836358953546024,,,,,,
daily_curve,4.0,55.0,15,0.5,0.1,91,0.7124353167010128,0.14539145770284234,,,,,,
daily_curve,4.0,55.0,15,0.5,0.1,92,0.7360154482033122,0.15252655707111773,,,,,,
daily_curve,4.0,55.0,15,0.5,0.1,93,0.7601247107220808,0.15975759556830726,,,,,,
daily_curve,4.0,55.0,15,0.5,0.1,94,0.7847642383178319,0.16707322816126446,,,,,,
daily_curve,4.0,55.0,15,0.5,0.1,95,0.8099346677008843,0.17446212749752643,,,,,,
daily_curve,4.0,55.0,15,0.5,0.1,96,0.8356361212562154,0.18191304981539513,,,,,,
daily_curve,4.0,55.0,15,0.5,0.1,97,0.8618681903845287,0.1894148956462941,,,,,,
daily_curve,4.0,55.0,15,0.5,0.1,98,0.8886299192032372,0.19695676496865155,,,,,,
daily_curve,4.0,55.0,15,0.5,0.1,99,0.9159197886516054,0.2045280066001366,,,,,,
daily_curve,4.0,55.0,15,0.5,0.1,100,0.943735701044747,0.2121182617325611,,,,,,
daily_curve,4.0,55.0,15,0.5,0.1,101,0.9720749651215079,0.21971750161935588,,,,,,
daily_curve,4.0,55.0,15,0.5,0.1,102,1.0009342816314988,0.22731605951808675,,,,,,
daily_curve,4.0,55.0,15,0.5,0.1,103,1.0303097295066643,0.23490465706941321,,,,,,
daily_curve,4.0,55.0,15,0.5,0.1,104,1.0601967526627543,0.24247442535912722,,,,,,
daily_curve,4.0,55.0,15,0.5,0.1,105,1.0905901474759647,0.2500169209618184,,,,,,
daily_curve,4.0,55.0,15,0.5,0.1,106,1.1214840509797397,0.2575241373039525,,,,,,
daily_curve,4.0,55.0,15,0.5,0.1,107,1.1528719298263757,0.2649885117117131,,,,,,
daily_curve,4.0,55.0,15,0.5,0.1,108,1.1847465700575344,0.27240292852592574,,,,,,
daily_curve,4.0,55.0,15,0.5,0.1,109,1.2171000677271562,0.27976071867403907,,,,,,
daily_curve,4.0,55.0,15,0.5,0.1,110,1.2499238204194671,0.2870556560887232,,,,,,
daily_curve,4.0,55.0,15,0.5,0.1,111,1.2832085197038827,0.2942819513554733,,,,,,
daily_curve,4.0,55.0,15,0.5,0.1,112,1.3169441445675412,0.3014342429588932,,,,,,
daily_curve,4.0,55.0,15,0.5,0.1,113,1.3511199558650384,0.30850758648025767,,,,,,
daily_curve,4.0,55.0,15,0.5,0.1,114,1.3857244918235794,0.31549744207856545,,,,,,
daily_curve,4.0,55.0,15,0.5,0.1,115,1.4207455646403375,0.3223996605645757,,,,,,
daily_curve,4.0,55.0,15,0.5,0.1,116,1.4561702582071787,0.3292104683530893,,,,,,
daily_curve,4.0,55.0,15,0.5,0.1,117,1.4919849269961976,0.3359264515537409,,,,,,
daily_curve,4.0,55.0,15,0.5,0.1,118,1.5281751961376284,0.3425445394353914,,,,,,
daily_curve,4.0,55.0,15,0.5,0.1,119,1.5647259627197063,0.349061987474388,,,,,,
daily_curve,4.0,55.0,15,0.5,0.1,120,1.6016213983379155,0.355476360172847,,,,,,
daily_curve,4.0,55.0,15,0.5,0.1,121,1.6388449529188072,0.3617855138100702,,,,,,
daily_curve,4.0,55.0,15,0.5,0.1,122,1.6763793598412031,0.36798757926841297,,,,,,
daily_curve,4.0,55.0,15,0.5,0.1,123,1.7142066423750866,0.3740809450545718,,,,,,
daily_curve,4.0,55.0,15,0.5,0.1,124,1.752308121455898,0.380064240618431,,,,,,
daily_curve,4.0,55.0,15,0.5,0.1,125,1.7906644248092116,0.38593632005435674,,,,,,
daily_curve,4.0,55.0,15,0.5,0.1,126,1.829255497437979,0.3916962462541608,,,,,,
daily_curve,4.0,55.0,15,0.5,0.1,127,1.8680606134815783,0.39734327556684634,,,,,,
daily_curve,4.0,55.0,15,0.5,0.1,128,1.9070583894529398,0.40287684300764737,,,,,,
daily_curve,4.0,55.0,15,0.5,0.1,129,1.9462267988568986,0.40829654804771176,,,,,,
daily_curve,4.0,55.0,15,0.5,0.1,130,1.9855431881897918,0.4136021410059697,,,,,,
daily_curve,4.0,55.0,15,0.5,0.1,131,2.0249842943170653,0.4187935100561836,,,,,,
daily_curve,4.0,55.0,15,0.5,0.1,132,2.064526263222394,0.4238706688548024,,,,,,
daily_curve,4.0,55.0,15,0.5,0.1,133,2.1041446701184507,0.42883374478892644,,,,,,
daily_curve,4.0,55.0,15,0.5,0.1,134,2.143814540906118,0.4336829678383529,,,,,,
daily_curve,4.0,55.0,15,0.5,0.1,135,2.1835103749654805,0.43841866004119723,,,,,,
daily_curve,4.0,55.0,15,0.5,0.1,136,2.223206169258563,0.44304122554890013,,,,,,
daily_curve,4.0,55.0,15,0.5,0.1,137,2.2628754437202696,0.44755114125342577,,,,,,
daily_curve,4.0,55.0,15,0.5,0.1,138,2.3024912679105847,0.45194894796707286,,,,,,
daily_curve,4.0,55.0,15,0.5,0.1,139,2.3420262888976273,0.4562352421334601,,,,,,
daily_curve,4.0,55.0,15,0.5,0.1,140,2.3814527603377487,0.4604106680468544,,,,,,
daily_curve,4.0,55.0,15,0.5,0.1,141,2.420742572715457,0.46447591055601056,,,,,,
daily_curve,4.0,55.0,15,0.5,0.1,142,2.4598672847026086,0.4684316882280386,,,,,,
daily_curve,4.0,55.0,15,0.5,0.1,143,2.498798155593016,0.47227874694743377,,,,,,
daily_curve,4.0,55.0,15,0.5,0.1,144,2.537506178765355,0.4760178539252792,,,,,,
daily_curve,4.0,55.0,15,0.5,0.1,145,2.5759621161241237,0.4796497920936871,,,,,,
daily_curve,4.0,55.0,15,0.5,0.1,146,2.614136533465287,0.48317535486076735,,,,,,
daily_curve,4.0,55.0,15,0.5,0.1,147,2.651999836710277,0.48659534120175885,,,,,,
daily_curve,4.0,55.0,15,0.5,0.1,148,2.6895223089491087,0.48991055106239456,,,,,,
daily_curve,4.0,55.0,15,0.5,0.1,149,2.7266741482306216,0.49312178105109006,,,,,,
daily_curve,4.0,55.0,15,0.5,0.1,150,2.7634255060351878,0.49622982039709385,,,,,,
daily_curve,4.0,55.0,15,0.5,0.1,151,2.799746526362724,0.49923544715232815,,,,,,
daily_curve,4.0,55.0,15,0.5,0.1,152,2.83560738536647,0.5021394246152393,,,,,,
daily_curve,4.0,55.0,15,0.5,0.1,153,2.8709783314607713,0.5049424979555649,,,,,,
daily_curve,4.0,55.0,15,0.5,0.1,154,2.905829725829057,0.5076453910194956,,,,,,
daily_curve,4.0,55.0,15,0.5,0.1,155,2.9401320832563025,0.5102488032952435,,,,,,
daily_curve,4.0,55.0,15,0.5,0.1,156,2.973856113208553,0.5127534070195265,,,,,,
daily_curve,4.0,55.0,15,0.5,0.1,157,3.006972761080579,0.5151598444059234,,,,,,
daily_curve,4.0,55.0,15,0.5,0.1,158,3.0394532495313666,0.5174687249764351,,,,,,
daily_curve,4.0,55.0,15,0.5,0.1,159,3.071269119826024,0.5196806229779081,,,,,,
daily_curve,4.0,55.0,15,0.5,0.1,160,3.102392273101763,0.5217960748652113,,,,,,
daily_curve,4.0,55.0,15,0.5,0.1,161,3.132795011474855,0.5238155768332229,,,,,,
daily_curve,4.0,55.0,15,0.5,0.1,162,3.162450078904979,0.525739582379738,,,,,,
daily_curve,4.0,55.0,15,0.5,0.1,163,3.1913307017330648,0.5275684998813901,,,,,,
daily_curve,4.0,55.0,15,0.5,0.1,164,3.2194106288086632,0.5293026901645314,,,,,,
daily_curve,4.0,55.0,15,0.5,0.1,165,3.2466641711230175,0.5309424640527702,,,,,,
daily_curve,4.0,55.0,15,0.5,0.1,166,3.2730662408643876,0.5324880798724889,,,,,,
daily_curve,4.0,55.0,15,0.5,0.1,167,3.298592389812756,0.5339397408971553,,,,,,
daily_curve,4.0,55.0,15,0.5,0.1,168,3.323218846991889,0.5352975927105972,,,,,,
daily_curve,4.0,55.0,15,0.5,0.1,169,3.346922555497742,0.5365617204685951,,,,,,
daily_curve,4.0,55.0,15,0.5,0.1,170,3.369681208423493,0.5377321460371856,,,,,,
daily_curve,4.0,55.0,15,0.5,0.1,171,3.3914732838029558,0.5388088249849099,,,,,,
daily_curve,4.0,55.0,15,0.5,0.1,172,3.4122780784958437,0.5397916434048907,,,,,,
daily_curve,4.0,55.0,15,0.5,0.1,173,3.4320757409402827,0.5406804145410623,,,,,,
daily_curve,4.0,55.0,15,0.5,0.1,174,3.4508473027000806,0.5414748751910761,,,,,,
daily_curve,4.0,55.0,15,0.5,0.1,175,3.4685747087366448,0.5421746818563591,,,,,,
daily_curve,4.0,55.0,15,0.5,0.1,176,3.4852408463379256,0.542779406607472,,,,,,
daily_curve,4.0,55.0,15,0.5,0.1,177,3.500829572639549,0.5432885326302934,,,,,,
daily_curve,4.0,55.0,15,0.5,0.1,178,3.515325740676185,0.5437014494155976,,,,,,
daily_curve,4.0,55.0,15,0.5,0.1,179,3.528715223904319,0.5440174475512864,,,,,,
daily_curve,4.0,55.0,15,0.5,0.1,180,3.54098493914086,0.5442357130728477,,,,,,
daily_curve,4.0,55.0,15,0.5,0.1,181,3.552122867865448,0.5443553213234914,,,,,,
daily_curve,4.0,55.0,15,0.5,0.1,182,3.5621180758379105,0.5443752302708684,,,,,,
daily_curve,4.0,55.0,15,0.5,0.1,183,3.5709607309860525,0.5442942732222267,,,,,,
daily_curve,4.0,55.0,15,0.5,0.1,184,3.578642119522811,0.5441111508743184,,,,,,
daily_curve,4.0,55.0,15,0.5,0.1,185,3.585154660255794,0.5438244226282737,,,,,,
daily_curve,4.0,55.0,15,0.5,0.1,186,3.590491917056309,0.5434324970930093,,,,,,
daily_curve,4.0,55.0,15,0.5,0.1,187,3.5946486094591723,0.5429336216935056,,,,,,
daily_curve,4.0,55.0,15,0.5,0.1,188,3.5976206213688666,0.5423258712924721,,,,,,
daily_curve,4.0,55.0,15,0.5,0.1,189,3.5994050078519453,0.5416071357255373,,,,,,
daily_curve,4.0,55.0,15,0.5,0.1,190,3.6,0.5407751061411787,,,,,,
daily_curve,4.0,55.0,15,0.5,0.1,191,3.5994050078519453,0.5398272600272249,,,,,,
daily_curve,4.0,55.0,15,0.5,0.1,192,3.5976206213688666,0.5387608447960165,,,,,,
daily_curve,4.0,55.0,15,0.5,0.1,193,3.5946486094591723,0.5375728597903913,,,,,,
daily_curve,4.0,55.0,15,0.5,0.1,194,3.590491917056309,0.5362600365627785,,,,,,
daily_curve,4.0,55.0,15,0.5,0.1,195,3.585154660255794,0.53481881727023,,,,,,
daily_curve,4.0,55.0,15,0.5,0.1,196,3.578642119522811,0.5332453310196164,,,,,,
daily_curve,4.0,55.0,15,0.5,0.1,197,3.5709607309860525,0.5315353679901613,,,,,,
daily_curve,4.0,55.0,15,0.5,0.1,198,3.5621180758379105,0.5296843511557934,,,,,,
daily_curve,4.0,55.0,15,0.5,0.1,199,3.552122867865448,0.527687305428636,,,,,,
daily_curve,4.0,55.0,15,0.5,0.1,200,3.54098493914086,0.5255388240488097,,,,,,
daily_curve,4.0,55.0,15,0.5,0.1,201,3.528715223904319,0.5232330320565033,,,,,,
daily_curve,4.0,55.0,15,0.5,0.1,202,3.515325740676185,0.5207635467025091,,,,,,
daily_curve,4.0,55.0,15,0.5,0.1,203,3.500829572639549,0.5181234346862684,,,,,,
daily_curve,4.0,55.0,15,0.5,0.1,204,3.4852408463379256,0.5153051661600017,,,,,,
daily_curve,4.0,55.0,15,0.5,0.1,205,3.4685747087366448,0.5123005655088148,,,,,,
daily_curve,4.0,55.0,15,0.5,0.1,206,3.4508473027000806,0.509100759016149,,,,,,
daily_curve,4.0,55.0,15,0.5,0.1,207,3.4320757409402827,0.5056961196595403,,,,,,
daily_curve,4.0,55.0,15,0.5,0.1,208,3.4122780784958437,0.5020762094630943,,,,,,
daily_curve,4.0,55.0,15,0.5,0.1,209,3.3914732838029558,0.49822972007227595,,,,,,
daily_curve,4.0,55.0,15,0.5,0.1,210,3.369681208423493,0.49414441252778907,,,,,,
daily_curve,4.0,55.0,15,0.5,0.1,211,3.346922555497742,0.4898070576153911,,,,,,
daily_curve,4.0,55.0,15,0.5,0.1,212,3.323218846991889,0.4852033786770463,,,,,,
daily_curve,4.0,55.0,15,0.5,0.1,213,3.298592389812756,0.48031799940807407,,,,,,
daily_curve,4.0,55.0,15,0.5,0.1,214,3.2730662408643876,0.47513439995921847,,,,,,
daily_curve,4.0,55.0,15,0.5,0.1,215,3.2466641711230175,0.46963488563718225,,,,,,
daily_curve,4.0,55.0,15,0.5,0.1,216,3.2194106288086632,0.46380057367654537,,,,,,
daily_curve,4.0,55.0,15,0.5,0.1,217,3.1913307017330648,0.457611404960345,,,,,,
daily_curve,4.0,55.0,15,0.5,0.1,218,3.162450078904979,0.4510461892069594,,,,,,
daily_curve,4.0,55.0,15,0.5,0.1,219,3.132795011474855,0.4440826940116953,,,,,,
daily_curve,4.0,55.0,15,0.5,0.1,220,3.102392273101763,0.43669779019987565,,,,,,
daily_curve,4.0,55.0,15,0.5,0.1,221,3.071269119826024,0.4288676681400856,,,,,,
daily_curve,4.0,55.0,15,0.5,0.1,222,3.0394532495313666,0.4205681418474557,,,,,,
daily_curve,4.0,55.0,15,0.5,0.1,223,3.006972761080579,0.4117750596607036,,,,,,
daily_curve,4.0,55.0,15,0.5,0.1,224,2.973856113208553,0.40246484167789465,,,,,,
daily_curve,4.0,55.0,15,0.5,0.1,225,2.9401320832563025,0.3926151645246263,,,,,,
daily_curve,4.0,55.0,15,0.5,0.1,226,2.905829725829057,0.38220581278913734,,,,,,
daily_curve,4.0,55.0,15,0.5,0.1,227,2.8709783314607713,0.3712197128143414,,,,,,
daily_curve,4.0,55.0,15,0.5,0.1,228,2.83560738536647,0.3596441575705097,,,,,,
daily_curve,4.0,55.0,15,0.5,0.1,229,2.799746526362724,0.3474722200596162,,,,,,
daily_curve,4.0,55.0,15,0.5,0.1,230,2.7634255060351878,0.3347043362127161,,,,,,
daily_curve,4.0,55.0,15,0.5,0.1,231,2.7266741482306216,0.32135001593439594,,,,,,
daily_curve,4.0,55.0,15,0.5,0.1,232,2.6895223089491087,0.3074296128723567,,,,,,
daily_curve,4.0,55.0,15,0.5,0.1,233,2.651999836710277,0.2929760507746313,,,,,,
daily_curve,4.0,55.0,15,0.5,0.1,234,2.614136533465287,0.2780363696105611,,,,,,
daily_curve,4.0,55.0,15,0.5,0.1,235,2.5759621161241237,0.26267292254662233,,,,,,
daily_curve,4.0,55.0,15,0.5,0.1,236,2.537506178765355,0.24696403192990513,,,,,,
daily_curve,4.0,55.0,15,0.5,0.1,237,2.498798155593016,0.23100390668938897,,,,,,
daily_curve,4.0,55.0,15,0.5,0.1,238,2.4598672847026086,0.21490164334019723,,,,,,
daily_curve,4.0,55.0,15,0.5,0.1,239,2.420742572715457,0.1987791846062159,,,,,,
daily_curve,4.0,55.0,15,0.5,0.1,240,2.3814527603377487,0.1827681956725533,,,,,,
daily_curve,4.0,55.0,15,0.5,0.1,241,2.3420262888976273,0.16700593336199243,,,,,,
daily_curve,4.0,55.0,15,0.5,0.1,242,2.3024912679105847,0.15163031477704247,,,,,,
daily_curve,4.0,55.0,15,0.5,0.1,243,2.2628754437202696,0.13677451815440345,,,,,,
daily_curve,4.0,55.0,15,0.5,0.1,244,2.223206169258563,0.12256154474681791,,,,,,
daily_curve,4.0,55.0,15,0.5,0.1,245,2.1835103749654805,0.10909921334447326,,,,,,
daily_curve,4.0,55.0,15,0.5,0.1,246,2.143814540906118,0.09647603426902196,,,,,,
daily_curve,4.0,55.0,15,0.5,0.1,247,2.1041446701184507,0.08475831707199488,,,,,,
daily_curve,4.0,55.0,15,0.5,0.1,248,2.064526263222394,0.07398872088919828,,,,,,
daily_curve,4.0,55.0,15,0.5,0.1,249,2.0249842943170653,0.06418628549442651,,,,,,
daily_curve,4.0,55.0,15,0.5,0.1,250,1.9855431881897918,0.05534781627080054,,,,,,
daily_curve,4.0,55.0,15,0.5,0.1,251,1.9462267988568986,0.04745036555350446,,,,,,
daily_curve,4.0,55.0,15,0.5,0.1,252,1.9070583894529398,0.040454473767122634,,,,,,
daily_curve,4.0,55.0,15,0.5,0.1,253,1.8680606134815783,0.03430781109529546,,,,,,
daily_curve,4.0,55.0,15,0.5,0.1,254,1.829255497437979,0.0289488869530955,,,,,,
daily_curve,4.0,55.0,15,0.5,0.1,255,1.7906644248092116,0.024310555576511517,,,,,,
daily_curve,4.0,55.0,15,0.5,0.1,256,1.752308121455898,0.020323124369987178,,,,,,
daily_curve,4.0,55.0,15,0.5,0.1,257,1.7142066423750866,0.016916951768457533,,,,,,
daily_curve,4.0,55.0,15,0.5,0.1,258,1.6763793598412031,0.01402449205301981,,,,,,
daily_curve,4.0,55.0,15,0.5,0.1,259,1.6388449529188072,0.011581799592191522,,,,,,
daily_curve,4.0,55.0,15,0.5,0.1,260,1.6016213983379155,0.009529542551025227,,,,,,
daily_curve,4.0,55.0,15,0.5,0.1,261,1.5647259627197063,0.007813597532992822,,,,,,
daily_curve,4.0,55.0,15,0.5,0.1,262,1.5281751961376284,0.0063853049472069046,,,,,,
daily_curve,4.0,55.0,15,0.5,0.1,263,1.4919849269961976,0.005201463764807013,,,,,,
daily_curve,4.0,55.0,15,0.5,0.1,264,1.4561702582071787,0.004224137190345756,,,,,,
daily_curve,4.0,55.0,15,0.5,0.1,265,1.4207455646403375,0.003420330467732602,,,,,,
daily_curve,4.0,55.0,15,0.5,0.1,266,1.3857244918235794,0.002761590663306168,,,,,,
daily_curve,4.0,55.0,15,0.5,0.1,267,1.3511199558650384,0.002223567212305766,,,,,,
daily_curve,4.0,55.0,15,0.5,0.1,268,1.3169441445675412,0.001785562089164805,,,,,,
daily_curve,4.0,55.0,15,0.5,0.1,269,1.2832085197038827,0.0014300900449369935,,,,,,
daily_curve,4.0,55.0,15,0.5,0.1,270,1.2499238204194671,0.0011424625340065164,,,,,,
daily_curve,4.0,55.0,15,0.5,0.1,271,1.2171000677271562,0.0009104036373986935,,,,,,
daily_curve,4.0,55.0,15,0.5,0.1,272,1.1847465700575344,0.0007237022992484521,,,,,,
daily_curve,4.0,55.0,15,0.5,0.1,273,1.1528719298263757,0.0005739023085117312,,,,,,
daily_curve,4.0,55.0,15,0.5,0.1,274,1.1214840509797397,0.000454029461754879,,,,,,
daily_curve,4.0,55.0,15,0.5,0.1,275,1.0905901474759647,0.0003583540361500326,,,,,,
daily_curve,4.0,55.0,15,0.5,0.1,276,1.0601967526627543,0.0002821859140933469,,,,,,
daily_curve,4.0,55.0,15,0.5,0.1,277,1.0303097295066643,0.00022169929205195782,,,,,,
daily_curve,4.0,55.0,15,0.5,0.1,278,1.0009342816314988,0.00017378376500409853,,,,,,
daily_curve,4.0,55.0,15,0.5,0.1,279,0.9720749651215079,0.00013591861827966234,,,,,,
daily_curve,4.0,55.0,15,0.5,0.1,280,0.943735701044747,0.00010606731605289355,,,,,,
daily_curve,4.0,55.0,15,0.5,0.1,281,0.9159197886516054,8.258940273797588e-05,,,,,,
daily_curve,4.0,55.0,15,0.5,0.1,282,0.8886299192032372,6.41672961595452e-05,,,,,,
daily_curve,4.0,55.0,15,0.5,0.1,283,0.8618681903845287,4.9745726034000626e-05,,,,,,
daily_curve,4.0,55.0,15,0.5,0.1,284,0.8356361212562154,3.848184223276263e-05,,,,,,
daily_curve,4.0,55.0,15,0.5,0.1,285,0.8099346677008843,2.9704274498221217e-05,,,,,,
daily_curve,4.0,55.0,15,0.5,0.1,286,0.7847642383178319,2.287966282088494e-05,,,,,,
daily_curve,4.0,55.0,15,0.5,0.1,287,0.7601247107220808,1.7585392648067355e-05,,,,,,
daily_curve,4.0,55.0,15,0.5,0.1,288,0.7360154482033122,1.3487460487682235e-05,,,,,,
daily_curve,4.0,55.0,15,0.5,0.1,289,0.7124353167010128,1.0322563683495822e-05,,,,,,
daily_curve,4.0,55.0,15,0.5,0.1,290,0.6893827020527871,7.883654394968964e-06,,,,,,
daily_curve,4.0,55.0,15,0.5,0.1,291,0.6668555274735118,6.008323794159942e-06,,,,,,
daily_curve,4.0,55.0,15,0.5,0.1,292,0.6448512712238488,4.5694901551485145e-06,,,,,,
daily_curve,4.0,55.0,15,0.5,0.1,293,0.6233669844275146,3.467955867475503e-06,,,,,,
daily_curve,4.0,55.0,15,0.5,0.1,294,0.6023993089977149,2.6264754340310503e-06,,,,,,
daily_curve,4.0,55.0,15,0.5,0.1,295,0.5819444956341716,1.985041088059525e-06,,,,,,
daily_curve,4.0,55.0,15,0.5,0.1,296,0.5619984218533216,1.4971465183144517e-06,,,,,,
daily_curve,4.0,55.0,15,0.5,0.1,297,0.5425566100154099,1.1268338779846232e-06,,,,,,
daily_curve,4.0,55.0,15,0.5,0.1,298,0.5236142453134649,8.977984835567554e-07,,,,,,
daily_curve,4.0,55.0,15,0.5,0.1,299,0.5051661936903967,7.572257013643835e-07,,,,,,
daily_curve,4.0,55.0,15,0.5,0.1,300,0.48720701965180574,6.373509759960427e-07,,,,,,
daily_curve,4.0,55.0,15,0.5,0.1,301,0.46973100394343736,5.353494676452186e-07,,,,,,
daily_curve,4.0,55.0,15,0.5,0.1,302,0.45273216106362746,4.487454341450814e-07,,,,,,
daily_curve,4.0,55.0,15,0.5,0.1,303,0.43620425658249484,3.753748335499907e-07,,,,,,
daily_curve,4.0,55.0,15,0.5,0.1,304,0.42014082424110183,3.1335105177277e-07,,,,,,
daily_curve,4.0,55.0,15,0.5,0.1,305,0.4045351828052424,2.610336314878836e-07,,,,,,
daily_curve,4.0,55.0,15,0.5,0.1,306,0.38938045265002696,2.1699985719436654e-07,,,,,,
daily_curve,4.0,55.0,15,0.5,0.1,307,0.3746695720528913,1.800190374545707e-07,,,,,,
daily_curve,4.0,55.0,15,0.5,0.1,308,0.3603953131741609,1.4902931944060782e-07,,,,,,
daily_curve,4.0,55.0,15,0.5,0.1,309,0.34655029770578183,1.2311686603538874e-07,,,,,,
daily_curve,4.0,55.0,15,0.5,0.1,310,0.3331270121703193,1.0149722184937815e-07,,,,,,
daily_curve,4.0,55.0,15,0.5,0.1,311,0.3201178228537907,8.349870006529869e-08,,,,,,
daily_curve,4.0,55.0,15,0.5,0.1,312,0.30751499035736135,6.854762046870633e-08,,,,,,
daily_curve,4.0,55.0,15,0.5,0.1,313,0.2953106837543734,5.964461657903541e-08,,,,,,
daily_curve,4.0,55.0,15,0.5,0.1,314,0.28349699434060094,5.500614852493868e-08,,,,,,
daily_curve,4.0,55.0,15,0.5,0.1,315,0.2720659489670188,5.0620690084102193e-08,,,,,,
daily_curve,4.0,55.0,15,0.5,0.1,316,0.261009522945744,4.648569651433121e-08,,,,,,
daily_curve,4.0,55.0,15,0.5,0.1,317,0.250319652521145,4.259735653100449e-08,,,,,,
daily_curve,4.0,55.0,15,0.5,0.1,318,0.23998824689942932,3.895072009374445e-08,,,,,,
daily_curve,4.0,55.0,15,0.5,0.1,319,0.2300071998312799,3.553982852455562e-08,,,,,,
daily_curve,4.0,55.0,15,0.5,0.1,320,0.22036840074335365,3.235784340471781e-08,,,,,,
daily_curve,4.0,55.0,15,0.5,0.1,321,0.21106374541564718,2.9397173251233255e-08,,,,,,
daily_curve,4.0,55.0,15,0.5,0.1,322,0.20208514620288143,2.66495969736269e-08,,,,,,
daily_curve,4.0,55.0,15,0.5,0.1,323,0.19342454179917856,2.410638277883237e-08,,,,,,
daily_curve,4.0,55.0,15,0.5,0.1,324,0.1850739065463574,2.1758402302118895e-08,,,,,,
daily_curve,4.0,55.0,15,0.5,0.1,325,0.1770252592872005,1.9596236855434768e-08,,,,,,
daily_curve,4.0,55.0,15,0.5,0.1,326,0.16927067176601254,1.7610277902591065e-08,,,,,,
daily_curve,4.0,55.0,15,0.5,0.1,327,0.16180227657972085,1.579082020697342e-08,,,,,,
daily_curve,4.0,55.0,15,0.5,0.1,328,0.1546122746836386,1.5006689890739722e-08,,,,,,
daily_curve,4.0,55.0,15,0.5,0.1,329,0.14769294245684414,1.511483538330083e-08,,,,,,
daily_curve,4.0,55.0,15,0.5,0.1,330,0.1410366383329024,1.5189981827923305e-08,,,,,,
daily_curve,4.0,55.0,15,0.5,0.1,331,0.13463580900239142,1.5231520822389655e-08,,,,,,
daily_curve,4.0,55.0,15,0.5,0.1,332,0.1284829951943698,1.5239063455574353e-08,,,,,,
daily_curve,4.0,55.0,15,0.5,0.1,333,0.1225708370445576,1.521244652469278e-08,,,,,,
daily_curve,4.0,55.0,15,0.5,0.1,334,0.11689207905858164,1.515173519983648e-08,,,,,,
daily_curve,4.0,55.0,15,0.5,0.1,335,0.11143957467917547,1.5057224023173887e-08,,,,,,
daily_curve,4.0,55.0,15,0.5,0.1,336,0.10620629046670836,1.4929434355437365e-08,,,,,,
daily_curve,4.0,55.0,15,0.5,0.1,337,0.10118530990285979,1.476911082320953e-08,,,,,,
daily_curve,4.0,55.0,15,0.5,0.1,338,0.0963698368276501,1.4577213436339775e-08,,,,,,
daily_curve,4.0,55.0,15,0.5,0.1,339,0.09175319852039006,1.435490848411547e-08,,,,,,
daily_curve,4.0,55.0,15,0.5,0.1,340,0.08732884843541622,1.41035569889425e-08,,,,,,
daily_curve,4.0,55.0,15,0.5,0.1,341,0.08309036860374487,1.3824700606512863e-08,,,,,,
daily_curve,4.0,55.0,15,0.5,0.1,342,0.07903147171199948,1.3520046082682313e-08,,,,,,
daily_curve,4.0,55.0,15,0.5,0.1,343,0.07514600287014783,1.4011785176570868e-08,,,,,,
daily_curve,4.0,55.0,15,0.5,0.1,344,0.07142794107973308,1.538856087002216e-08,,,,,,
daily_curve,4.0,55.0,15,0.5,0.1,345,0.06787140041438515,1.6861148366409395e-08,,,,,,
daily_curve,4.0,55.0,15,0.5,0.1,346,0.0644706309244748,1.8431356108017383e-08,,,,,,
daily_curve,4.0,55.0,15,0.5,0.1,347,0.061220019277806174,2.0100404896084e-08,,,,,,
daily_curve,4.0,55.0,15,0.5,0.1,348,0.05811408914825219,2.186885472710287e-08,,,,,,
daily_curve,4.0,55.0,15,0.5,0.1,349,0.05514750136420788,2.3736534959795108e-08,,,,,,
daily_curve,4.0,55.0,15,0.5,0.1,350,0.05231505382868399,2.5702475592304097e-08,,,,,,
daily_curve,4.0,55.0,15,0.5,0.1,351,0.04961168122277768,2.776484309130467e-08,,,,,,
daily_curve,4.0,55.0,15,0.5,0.1,352,0.047032454504150535,2.99208816612051e-08,,,,,,
daily_curve,4.0,55.0,15,0.5,0.1,353,0.044572580212008994,3.2166861174687256e-08,,,,,,
daily_curve,4.0,55.0,15,0.5,0.1,354,0.042227399589926995,3.449803342991942e-08,,,,,,
daily_curve,4.0,55.0,15,0.5,0.1,355,0.0399923875376723,3.690859751159792e-08,,,,,,
daily_curve,4.0,55.0,15,0.5,0.1,356,0.03786315140300303,3.939167758648665e-08,,,,,,
daily_curve,4.0,55.0,15,0.5,0.1,357,0.035835429624183936,4.193931146811991e-08,,,,,,
daily_curve,4.0,55.0,15,0.5,0.1,358,0.03390509023374268,4.731243752331693e-08,,,,,,
daily_curve,4.0,55.0,15,0.5,0.1,359,0.03206812923373937,5.655391088765782e-08,,,,,,
daily_curve,4.0,55.0,15,0.5,0.1,360,0.030320668852563338,6.743388081265067e-08,,,,,,
daily_curve,4.0,55.0,15,0.5,0.1,361,0.028658955693001115,8.020804398434223e-08,,,,,,
daily_curve,4.0,55.0,15,0.5,0.1,362,0.027079358781036088,9.51651653036123e-08,,,,,,
daily_curve,4.0,55.0,15,0.5,0.1,363,0.02557836752455181,1.1263008881101655e-07,,,,,,
daily_curve,4.0,55.0,15,0.5,0.1,364,0.024152589590810025,1.329667945748625e-07,,,,,,
daily_curve,4.0,55.0,15,0.5,0.1,365,0.02279874871127222,1.5658145335883944e-07,,,,,,
daily_curve,4.0,55.0,15,0.5,0.2,1,0.019123273264019,9.615925822270555e-08,,,,,,
daily_curve,4.0,55.0,15,0.5,0.2,2,0.018039413109091226,1.1289690493576643e-07,,,,,,
daily_curve,4.0,55.0,15,0.5,0.2,3,0.017011358966029913,1.3221891415060583e-07,,,,,,
daily_curve,4.0,55.0,15,0.5,0.2,4,0.016036590715482503,1.5446218715187143e-07,,,,,,
daily_curve,4.0,55.0,15,0.5,0.2,5,0.015112680928242235,1.7999657220268972e-07,,,,,,
daily_curve,4.0,55.0,15,0.5,0.2,6,0.014237292670770008,2.0922624621722008e-07,,,,,,
daily_curve,4.0,55.0,15,0.5,0.2,7,0.013408177291590165,2.4259082831434853e-07,,,,,,
daily_curve,4.0,55.0,15,0.5,0.2,8,0.013408177291590165,2.98013894228788e-07,,,,,,
daily_curve,4.0,55.0,15,0.5,0.2,9,0.014237292670770008,3.878814167634914e-07,,,,,,
daily_curve,4.0,55.0,15,0.5,0.2,10,0.015112680928242235,5.03566631060437e-07,,,,,,
daily_curve,4.0,55.0,15,0.5,0.2,11,0.016036590715482503,6.520889519467943e-07,,,,,,
daily_curve,4.0,55.0,15,0.5,0.2,12,0.017011358966029913,8.422579031996946e-07,,,,,,
daily_curve,4.0,55.0,15,0.5,0.2,13,0.018039413109091226,1.0850959413222228e-06,,,,,,
daily_curve,4.0,55.0,15,0.5,0.2,14,0.019123273264019,1.394352008188271e-06,,,,,,
daily_curve,4.0,55.0,15,0.5,0.2,15,0.02026555441001975,1.7871229257560017e-06,,,,,,
daily_curve,4.0,55.0,15,0.5,0.2,16,0.02146896852516447,2.284602395152824e-06,,,,,,
daily_curve,4.0,55.0,15,0.5,0.2,17,0.0227363266884905,2.9129802893157475e-06,,,,,,
daily_curve,4.0,55.0,15,0.5,0.2,18,0.024070541138698748,3.7045181238148928e-06,,,,,,
daily_curve,4.0,55.0,15,0.5,0.2,19,0.025474627282667656,4.698830046390157e-06,,,,,,
daily_curve,4.0,55.0,15,0.5,0.2,20,0.02695170564672297,5.9444023720045536e-06,,,,,,
daily_curve,4.0,55.0,15,0.5,0.2,21,0.028505003763323884,7.500388572223571e-06,,,,,,
daily_curve,4.0,55.0,15,0.5,0.2,22,0.030137857985549046,9.438720637300335e-06,,,,,,
daily_curve,4.0,55.0,15,0.5,0.2,23,0.03185371522149683,1.1846581812191559e-05,,,,,,
daily_curve,4.0,55.0,15,0.5,0.2,24,0.03365613458044714,1.4829289731066453e-05,,,,,,
daily_curve,4.0,55.0,15,0.5,0.2,25,0.03554878892237538,1.8513642852768797e-05,,,,,,
daily_curve,4.0,55.0,15,0.5,0.2,26,0.03753546630215733,2.3051786646632877e-05,,,,,,
daily_curve,4.0,55.0,15,0.5,0.2,27,0.03962007129956355,2.8625659040382168e-05,,,,,,
daily_curve,4.0,55.0,15,0.5,0.2,28,0.04180662622591159,3.5452076995734494e-05,,,,,,
daily_curve,4.0,55.0,15,0.5,0.2,29,0.04409927219802461,4.378852749076234e-05,,,,,,
daily_curve,4.0,55.0,15,0.5,0.2,30,0.04650227006994133,5.393972639555766e-05,,,,,,
daily_curve,4.0,55.0,15,0.5,0.2,31,0.04902000121262923,6.626500743556196e-05,,,,,,
daily_curve,4.0,55.0,15,0.5,0.2,32,0.051656968131779724,8.118660033795688e-05,,,,,,
daily_curve,4.0,55.0,15,0.5,0.2,33,0.05441779491360549,9.919885201803424e-05,,,,,,
daily_curve,4.0,55.0,15,0.5,0.2,34,0.05730722748842204,0.00012087843696606537,,,,,,
daily_curve,4.0,55.0,15,0.5,0.2,35,0.060330133701675684,0.0001468955924968096,,,,,,
daily_curve,4.0,55.0,15,0.5,0.2,36,0.06349150318198496,0.00017802640093422806,,,,,,
daily_curve,4.0,55.0,15,0.5,0.2,37,0.06679644699568697,0.00021516612383420952,,,,,,
daily_curve,4.0,55.0,15,0.5,0.2,38,0.07025019707733286,0.00025934357278434295,,,,,,
daily_curve,4.0,55.0,15,0.5,0.2,39,0.07385810542555099,0.0003117364770033326,,,,,,
daily_curve,4.0,55.0,15,0.5,0.2,40,0.0776256430537033,0.0003736877798364846,,,,,,
daily_curve,4.0,55.0,15,0.5,0.2,41,0.08155839868479116,0.0004467227643529803,,,,,,
daily_curve,4.0,55.0,15,0.5,0.2,42,0.08566207718013343,0.0005325668727906852,,,,,,
daily_curve,4.0,55.0,15,0.5,0.2,43,0.08994249769143092,0.0006331640458900889,,,,,,
daily_curve,4.0,55.0,15,0.5,0.2,44,0.09440559152596299,0.0007506953667457683,,,,,,
daily_curve,4.0,55.0,15,0.5,0.2,45,0.09905739971482264,0.0008875977503609578,,,,,,
daily_curve,4.0,55.0,15,0.5,0.2,46,0.10390407027429478,0.0010465823755416714,,,,,,
daily_curve,4.0,55.0,15,0.5,0.2,47,0.10895185515071787,0.0012306525112044664,,,,,,
daily_curve,4.0,55.0,15,0.5,0.2,48,0.1142071068394398,0.0014431203459095432,,,,,,
daily_curve,4.0,55.0,15,0.5,0.2,49,0.11967627466879237,0.001687622388957588,,,,,,
daily_curve,4.0,55.0,15,0.5,0.2,50,0.12536590074035767,0.0019681329753715726,,,,,,
daily_curve,4.0,55.0,15,0.5,0.2,51,0.13128261551719478,0.00228897537730699,,,,,,
daily_curve,4.0,55.0,15,0.5,0.2,52,0.1374331330521232,0.002654830002769004,,,,,,
daily_curve,4.0,55.0,15,0.5,0.2,53,0.14382424584864076,0.003070739150868862,,,,,,
daily_curve,4.0,55.0,15,0.5,0.2,54,0.1504628193475667,0.0035421077930681832,,,,,,
daily_curve,4.0,55.0,15,0.5,0.2,55,0.1573557860330671,0.004074699863671372,,,,,,
daily_curve,4.0,55.0,15,0.5,0.2,56,0.16451013915231769,0.004674629571737143,,,,,,
daily_curve,4.0,55.0,15,0.5,0.2,57,0.1719329260437143,0.0053483472917968955,,,,,,
daily_curve,4.0,55.0,15,0.5,0.2,58,0.17963124106922793,0.006102619653061692,,,,,,
daily_curve,4.0,55.0,15,0.5,0.2,59,0.18761221814724194,0.0069445035264774635,,,,,,
daily_curve,4.0,55.0,15,0.5,0.2,60,0.195883022882981,0.00788131370572387,,,,,,
daily_curve,4.0,55.0,15,0.5,0.2,61,0.20445084429447102,0.008920584191104086,,,,,,
daily_curve,4.0,55.0,15,0.5,0.2,62,0.21332288613282607,0.010070023112546234,,,,,,
daily_curve,4.0,55.0,15,0.5,0.2,63,0.22250635779657335,0.011337461467247567,,,,,,
daily_curve,4.0,55.0,15,0.5,0.2,64,0.2320084648406613,0.012730795995696598,,,,,,
daily_curve,4.0,55.0,15,0.5,0.2,65,0.2418363990817945,0.014257926673113097,,,,,,
daily_curve,4.0,55.0,15,0.5,0.2,66,0.2519973283027564,0.01592668944734743,,,,,,
daily_curve,4.0,55.0,15,0.5,0.2,67,0.26249838555944305,0.01774478500413712,,,,,,
daily_curve,4.0,55.0,15,0.5,0.2,68,0.27334665809543235,0.019719704481165334,,,,,,
daily_curve,4.0,55.0,15,0.5,0.2,69,0.2845491758700362,0.021858653178358334,,,,,,
daily_curve,4.0,55.0,15,0.5,0.2,70,0.29611289970695054,0.024168473418180736,,,,,,
daily_curve,4.0,55.0,15,0.5,0.2,71,0.3080447090718061,0.02665556779157008,,,,,,
daily_curve,4.0,55.0,15,0.5,0.2,72,0.32035138948814307,0.029325824078481055,,,,,,
daily_curve,4.0,55.0,15,0.5,0.2,73,0.33303961960257006,0.03218454315346331,,,,,,
daily_curve,4.0,55.0,15,0.5,0.2,74,0.3461159579111351,0.0352363711740602,,,,,,
daily_curve,4.0,55.0,15,0.5,0.2,75,0.3595868291602155,0.038485237302042785,,,,,,
daily_curve,4.0,55.0,15,0.5,0.2,76,0.37345851043653494,0.041934298124894354,,,,,,
daily_curve,4.0,55.0,15,0.5,0.2,77,0.3877371169622177,0.04558588982920586,,,,,,
daily_curve,4.0,55.0,15,0.5,0.2,78,0.4024285876121133,0.0494414890317334,,,,,,
daily_curve,4.0,55.0,15,0.5,0.2,79,0.41753867017194435,0.05350168300207192,,,,,,
daily_curve,4.0,55.0,15,0.5,0.2,80,0.43307290635716067,0.05776614981852901,,,,,,
daily_curve,4.0,55.0,15,0.5,0.2,81,0.449036616613686,0.0622336487920061,,,,,,
daily_curve,4.0,55.0,15,0.5,0.2,82,0.4654348847230799,0.06690202127823575,,,,,,
daily_curve,4.0,55.0,15,0.5,0.2,83,0.48227254223592,0.07176820178355381,,,,,,
daily_curve,4.0,55.0,15,0.5,0.2,84,0.4995541527585081,0.0768282390603956,,,,,,
daily_curve,4.0,55.0,15,0.5,0.2,85,0.5172839961192637,0.08207732669241286,,,,,,
daily_curve,4.0,55.0,15,0.5,0.2,86,0.5354660524424132,0.08750984249133753,,,,,,
daily_curve,4.0,55.0,15,0.5,0.2,87,0.5541039861577908,0.09311939587338902,,,,,,
daily_curve,4.0,55.0,15,0.5,0.2,88,0.5732011299767545,0.09889888225595556,,,,,,
daily_curve,4.0,55.0,15,0.5,0.2,89,0.592760468865344,0.10484054341806437,,,,,,
daily_curve,4.0,55.0,15,0.5,0.2,90,0.6127846240469219,0.11093603270215135,,,,,,
daily_curve,4.0,55.0,15,0.5,0.2,91,0.633275837067567,0.11717648389992175,,,,,,
daily_curve,4.0,55.0,15,0.5,0.2,92,0.6542359539584998,0.12355258266063074,,,,,,
daily_curve,4.0,55.0,15,0.5,0.2,93,0.6756664095307384,0.13005463928381256,,,,,,
daily_curve,4.0,55.0,15,0.5,0.2,94,0.6975682118380728,0.13667266180745563,,,,,,
daily_curve,4.0,55.0,15,0.5,0.2,95,0.7199419268452305,0.14339642837328692,,,,,,
daily_curve,4.0,55.0,15,0.5,0.2,96,0.7427876633388583,0.15021555793923902,,,,,,
daily_curve,4.0,55.0,15,0.5,0.2,97,0.7661050581195811,0.15711957851110736,,,,,,
daily_curve,4.0,55.0,15,0.5,0.2,98,0.7898932615139886,0.1640979921766802,,,,,,
daily_curve,4.0,55.0,15,0.5,0.2,99,0.8141509232458715,0.17114033634215642,,,,,,
daily_curve,4.0,55.0,15,0.5,0.2,100,0.8388761787064418,0.17823624068871535,,,,,,
daily_curve,4.0,55.0,15,0.5,0.2,101,0.8640666356635626,0.18537547948330613,,,,,,
daily_curve,4.0,55.0,15,0.5,0.2,102,0.8897193614502211,0.19254801898921647,,,,,,
daily_curve,4.0,55.0,15,0.5,0.2,103,0.9158308706725905,0.19974405982641819,,,,,,
daily_curve,4.0,55.0,15,0.5,0.2,104,0.9423971134780038,0.20695407422726353,,,,,,
daily_curve,4.0,55.0,15,0.5,0.2,105,0.9694134644230797,0.2141688382185527,,,,,,
daily_curve,4.0,55.0,15,0.5,0.2,106,0.9968747119819907,0.22137945883550636,,,,,,
daily_curve,4.0,55.0,15,0.5,0.2,107,1.0247750487345562,0.22857739653643538,,,,,,
daily_curve,4.0,55.0,15,0.5,0.2,108,1.053108062273364,0.23575448303892244,,,,,,
daily_curve,4.0,55.0,15,0.5,0.2,109,1.0818667268685833,0.24290293483949876,,,,,,
daily_curve,4.0,55.0,15,0.5,0.2,110,1.1110433959284152,0.2500153627097005,,,,,,
daily_curve,4.0,55.0,15,0.5,0.2,111,1.14062979529234,0.2570847774828562,,,,,,
daily_curve,4.0,55.0,15,0.5,0.2,112,1.17061701739337,0.2641045924588893,,,,,,
daily_curve,4.0,55.0,15,0.5,0.2,113,1.2009955163244788,0.2710686227598499,,,,,,
daily_curve,4.0,55.0,15,0.5,0.2,114,1.2317551038431818,0.27797108196783904,,,,,,
daily_curve,4.0,55.0,15,0.5,0.2,115,1.2628849463469667,0.2848065763705001,,,,,,
daily_curve,4.0,55.0,15,0.5,0.2,116,1.2943735628508257,0.2915700971283004,,,,,,
daily_curve,4.0,55.0,15,0.5,0.2,117,1.32620882399662,0.29825701066336896,,,,,,
daily_curve,4.0,55.0,15,0.5,0.2,118,1.3583779521223365,0.3048630475525126,,,,,,
daily_curve,4.0,55.0,15,0.5,0.2,119,1.3908675224175167,0.3113842901880096,,,,,,
daily_curve,4.0,55.0,15,0.5,0.2,120,1.4236634651892581,0.3178171594495198,,,,,,
daily_curve,4.0,55.0,15,0.5,0.2,121,1.4567510692611618,0.32415840060955114,,,,,,
daily_curve,4.0,55.0,15,0.5,0.2,122,1.4901149865255139,0.3304050686738804,,,,,,
daily_curve,4.0,55.0,15,0.5,0.2,123,1.5237392376667438,0.3365545133375283,,,,,,
daily_curve,4.0,55.0,15,0.5,0.2,124,1.5576072190719095,0.3426043637166817,,,,,,
daily_curve,4.0,55.0,15,0.5,0.2,125,1.5917017109415215,0.3485525129975774,,,,,,
daily_curve,4.0,55.0,15,0.5,0.2,126,1.626004886611537,0.3543971031250077,,,,,,
daily_curve,4.0,55.0,15,0.5,0.2,127,1.6604983230947363,0.36013650963590926,,,,,,
daily_curve,4.0,55.0,15,0.5,0.2,128,1.6951630128470576,0.3657693267275398,,,,,,
daily_curve,4.0,55.0,15,0.5,0.2,129,1.7299793767616878,0.37129435263507116,,,,,,
daily_curve,4.0,55.0,15,0.5,0.2,130,1.7649272783909262,0.37671057538005126,,,,,,
daily_curve,4.0,55.0,15,0.5,0.2,131,1.7999860393929468,0.3820171589390843,,,,,,
daily_curve,4.0,55.0,15,0.5,0.2,132,1.8351344561976835,0.38721342987122764,,,,,,
daily_curve,4.0,55.0,15,0.5,0.2,133,1.8703508178830675,0.3922988644329296,,,,,,
daily_curve,4.0,55.0,15,0.5,0.2,134,1.9056129252498828,0.39727307620079466,,,,,,
daily_curve,4.0,55.0,15,0.5,0.2,135,1.940898111080427,0.40213580421497064,,,,,,
daily_curve,4.0,55.0,15,0.5,0.2,136,1.9761832615631674,0.4068869016494363,,,,,,
daily_curve,4.0,55.0,15,0.5,0.2,137,2.011444838862462,0.4115263250098492,,,,,,
daily_curve,4.0,55.0,15,0.5,0.2,138,2.0466589048094086,0.4160541238548091,,,,,,
daily_curve,4.0,55.0,15,0.5,0.2,139,2.08180114568678,0.4204704310323226,,,,,,
daily_curve,4.0,55.0,15,0.5,0.2,140,2.116846898077999,0.42477545341985345,,,,,,
daily_curve,4.0,55.0,15,0.5,0.2,141,2.151771175747073,0.4289694631535177,,,,,,
daily_curve,4.0,55.0,15,0.5,0.2,142,2.18654869751343,0.43305278932969093,,,,,,
daily_curve,4.0,55.0,15,0.5,0.2,143,2.221153916082681,0.43702581016044795,,,,,,
daily_curve,4.0,55.0,15,0.5,0.2,144,2.255561047791427,0.4408889455628099,,,,,,
daily_curve,4.0,55.0,15,0.5,0.2,145,2.289744103221443,0.44464265016066695,,,,,,
daily_curve,4.0,55.0,15,0.5,0.2,146,2.323676918635811,0.4482874066774323,,,,,,
daily_curve,4.0,55.0,15,0.5,0.2,147,2.3573331881869133,0.4518237196969068,,,,,,
daily_curve,4.0,55.0,15,0.5,0.2,148,2.3906864968436525,0.45525210976947594,,,,,,
daily_curve,4.0,55.0,15,0.5,0.2,149,2.423710353982775,0.45857310784055105,,,,,,
daily_curve,4.0,55.0,15,0.5,0.2,150,2.4563782275868338,0.4617872499781044,,,,,,
daily_curve,4.0,55.0,15,0.5,0.2,151,2.488663578989088,0.46489507237617644,,,,,,
daily_curve,4.0,55.0,15,0.5,0.2,152,2.5205398981035287,0.46789710661134487,,,,,,
daily_curve,4.0,55.0,15,0.5,0.2,153,2.551980739076241,0.47079387512929827,,,,,,
daily_curve,4.0,55.0,15,0.5,0.2,154,2.5829597562924955,0.47358588693884696,,,,,,
daily_curve,4.0,55.0,15,0.5,0.2,155,2.6134507406722687,0.47627363349089313,,,,,,
daily_curve,4.0,55.0,15,0.5,0.2,156,2.6434276561853807,0.478857584720068,,,,,,
daily_curve,4.0,55.0,15,0.5,0.2,157,2.6728646765160704,0.4813381852269032,,,,,,
daily_curve,4.0,55.0,15,0.5,0.2,158,2.701736221805659,0.48371585057851396,,,,,,
daily_curve,4.0,55.0,15,0.5,0.2,159,2.73001699540091,0.4859909637058393,,,,,,
daily_curve,4.0,55.0,15,0.5,0.2,160,2.757682020534901,0.4881638713754729,,,,,,
daily_curve,4.0,55.0,15,0.5,0.2,161,2.784706676866538,0.490234880714032,,,,,,
daily_curve,4.0,55.0,15,0.5,0.2,162,2.8110667368044258,0.4922042557628298,,,,,,
daily_curve,4.0,55.0,15,0.5,0.2,163,2.836738401540502,0.4940722140403315,,,,,,
daily_curve,4.0,55.0,15,0.5,0.2,164,2.8616983367188116,0.49583892308947164,,,,,,
daily_curve,4.0,55.0,15,0.5,0.2,165,2.8859237076649045,0.49750449698637855,,,,,,
daily_curve,4.0,55.0,15,0.5,0.2,166,2.9093922141016777,0.4990689927863786,,,,,,
daily_curve,4.0,55.0,15,0.5,0.2,167,2.9320821242780055,0.5005324068823299,,,,,,
daily_curve,4.0,55.0,15,0.5,0.2,168,2.9539723084372347,0.501894671249336,,,,,,
daily_curve,4.0,55.0,15,0.5,0.2,169,2.9750422715535487,0.5031556495487213,,,,,,
daily_curve,4.0,55.0,15,0.5,0.2,170,2.9952721852653275,0.5043151330627771,,,,,,
daily_curve,4.0,55.0,15,0.5,0.2,171,3.0146429189359605,0.5053728364302057,,,,,,
daily_curve,4.0,55.0,15,0.5,0.2,172,3.0331360697740837,0.506328393150381,,,,,,
daily_curve,4.0,55.0,15,0.5,0.2,173,3.050733991946918,0.5071813508224976,,,,,,
daily_curve,4.0,55.0,15,0.5,0.2,174,3.067419824622294,0.5079311660833601,,,,,,
daily_curve,4.0,55.0,15,0.5,0.2,175,3.0831775188770174,0.5085771992049808,,,,,,
daily_curve,4.0,55.0,15,0.5,0.2,176,3.09799186341149,0.5091187083102668,,,,,,
daily_curve,4.0,55.0,15,0.5,0.2,177,3.111848509012933,0.5095548431618825,,,,,,
daily_curve,4.0,55.0,15,0.5,0.2,178,3.1247339917121644,0.5098846384758546,,,,,,
daily_curve,4.0,55.0,15,0.5,0.2,179,3.136635754581617,0.5101070067076303,,,,,,
daily_curve,4.0,55.0,15,0.5,0.2,180,3.1475421681252094,0.5102207302540983,,,,,,
daily_curve,4.0,55.0,15,0.5,0.2,181,3.157442549213732,0.5102244530105413,,,,,,
daily_curve,4.0,55.0,15,0.5,0.2,182,3.1663271785225873,0.5101166712166021,,,,,,
daily_curve,4.0,55.0,15,0.5,0.2,183,3.1741873164320467,0.5098957235201476,,,,,,
daily_curve,4.0,55.0,15,0.5,0.2,184,3.18101521735361,0.5095597801824342,,,,,,
daily_curve,4.0,55.0,15,0.5,0.2,185,3.186804142449595,0.5091068313422643,,,,,,
daily_curve,4.0,55.0,15,0.5,0.2,186,3.191548370716719,0.5085346742509789,,,,,,
daily_curve,4.0,55.0,15,0.5,0.2,187,3.1952432084081535,0.5078408993842589,,,,,,
daily_curve,4.0,55.0,15,0.5,0.2,188,3.197884996772326,0.5070228753309911,,,,,,
daily_curve,4.0,55.0,15,0.5,0.2,189,3.199471118090618,0.506077732354116,,,,,,
daily_curve,4.0,55.0,15,0.5,0.2,190,3.2,0.5050023445137333,,,,,,
daily_curve,4.0,55.0,15,0.5,0.2,191,3.199471118090618,0.5037933102391892,,,,,,
daily_curve,4.0,55.0,15,0.5,0.2,192,3.197884996772326,0.502446931234978,,,,,,
daily_curve,4.0,55.0,15,0.5,0.2,193,3.1952432084081535,0.5009591896057111,,,,,,
daily_curve,4.0,55.0,15,0.5,0.2,194,3.191548370716719,0.49932572308908585,,,,,,
daily_curve,4.0,55.0,15,0.5,0.2,195,3.186804142449595,0.49754179829383227,,,,,,
daily_curve,4.0,55.0,15,0.5,0.2,196,3.18101521735361,0.49560228185352095,,,,,,
daily_curve,4.0,55.0,15,0.5,0.2,197,3.1741873164320467,0.49350160942869925,,,,,,
daily_curve,4.0,55.0,15,0.5,0.2,198,3.1663271785225873,0.49123375252140944,,,,,,
daily_curve,4.0,55.0,15,0.5,0.2,199,3.157442549213732,0.48879218311061945,,,,,,
daily_curve,4.0,55.0,15,0.5,0.2,200,3.1475421681252094,0.4861698361780197,,,,,,
daily_curve,4.0,55.0,15,0.5,0.2,201,3.136635754581617,0.4833590702754228,,,,,,
daily_curve,4.0,55.0,15,0.5,0.2,202,3.1247339917121644,0.48035162639298123,,,,,,
daily_curve,4.0,55.0,15,0.5,0.2,203,3.111848509012933,0.4771385855281012,,,,,,
daily_curve,4.0,55.0,15,0.5,0.2,204,3.09799186341149,0.47371032553603043,,,,,,
daily_curve,4.0,55.0,15,0.5,0.2,205,3.0831775188770174,0.47005647807376305,,,,,,
daily_curve,4.0,55.0,15,0.5,0.2,206,3.067419824622294,0.4661658867397932,,,,,,
daily_curve,4.0,55.0,15,0.5,0.2,207,3.050733991946918,0.4620265678754869,,,,,,
daily_curve,4.0,55.0,15,0.5,0.2,208,3.0331360697740837,0.45762567594289383,,,,,,
daily_curve,4.0,55.0,15,0.5,0.2,209,3.0146429189359605,0.45294947594314383,,,,,,
daily_curve,4.0,55.0,15,0.5,0.2,210,2.9952721852653275,0.44798332600386426,,,,,,
daily_curve,4.0,55.0,15,0.5,0.2,211,2.9750422715535487,0.4427116740570073,,,,,,
daily_curve,4.0,55.0,15,0.5,0.2,212,2.9539723084372347,0.43711807346087783,,,,,,
daily_curve,4.0,55.0,15,0.5,0.2,213,2.9320821242780055,0.43118522349690147,,,,,,
daily_curve,4.0,55.0,15,0.5,0.2,214,2.9093922141016777,0.4248950418876125,,,,,,
daily_curve,4.0,55.0,15,0.5,0.2,215,2.8859237076649045,0.41822877781638035,,,,,,
daily_curve,4.0,55.0,15,0.5,0.2,216,2.8616983367188116,0.4111671753367463,,,,,,
daily_curve,4.0,55.0,15,0.5,0.2,217,2.836738401540502,0.403690698461444,,,,,,
daily_curve,4.0,55.0,15,0.5,0.2,218,2.8110667368044258,0.3957798304939254,,,,,,
daily_curve,4.0,55.0,15,0.5,0.2,219,2.784706676866538,0.38741546112458425,,,,,,
daily_curve,4.0,55.0,15,0.5,0.2,220,2.757682020534901,0.3785793752020341,,,,,,
daily_curve,4.0,55.0,15,0.5,0.2,221,2.73001699540091,0.3692548565629319,,,,,,
daily_curve,4.0,55.0,15,0.5,0.2,222,2.701736221805659,0.3594274184262879,,,,,,
daily_curve,4.0,55.0,15,0.5,0.2,223,2.6728646765160704,0.34908566810947095,,,,,,
daily_curve,4.0,55.0,15,0.5,0.2,224,2.6434276561853807,0.33822230762657723,,,,,,
daily_curve,4.0,55.0,15,0.5,0.2,225,2.6134507406722687,0.3268352625139632,,,,,,
daily_curve,4.0,55.0,15,0.5,0.2,226,2.5829597562924955,0.3149289185318319,,,,,,
daily_curve,4.0,55.0,15,0.5,0.2,227,2.551980739076241,0.302515429523161,,,,,,
daily_curve,4.0,55.0,15,0.5,0.2,228,2.5205398981035287,0.28961603996106255,,,,,,
daily_curve,4.0,55.0,15,0.5,0.2,229,2.488663578989088,0.2762623436001329,,,,,,
daily_curve,4.0,55.0,15,0.5,0.2,230,2.4563782275868338,0.2624973771529643,,,,,,
daily_curve,4.0,55.0,15,0.5,0.2,231,2.423710353982775,0.24837642815209082,,,,,,
daily_curve,4.0,55.0,15,0.5,0.2,232,2.3906864968436525,0.2339674233323622,,,,,,
daily_curve,4.0,55.0,15,0.5,0.2,233,2.3573331881869133,0.21935076291649902,,,,,,
daily_curve,4.0,55.0,15,0.5,0.2,234,2.323676918635811,0.20461848200917754,,,,,,
daily_curve,4.0,55.0,15,0.5,0.2,235,2.289744103221443,0.18987265657188546,,,,,,
daily_curve,4.0,55.0,15,0.5,0.2,236,2.255561047791427,0.17522302912993304,,,,,,
daily_curve,4.0,55.0,15,0.5,0.2,237,2.221153916082681,0.16078390533579834,,,,,,
daily_curve,4.0,55.0,15,0.5,0.2,238,2.18654869751343,0.14667045880214347,,,,,,
daily_curve,4.0,55.0,15,0.5,0.2,239,2.151771175747073,0.13299466577975072,,,,,,
daily_curve,4.0,55.0,15,0.5,0.2,240,2.116846898077999,0.11986115826539667,,,,,,
daily_curve,4.0,55.0,15,0.5,0.2,241,2.08180114568678,0.10736331959920986,,,,,,
daily_curve,4.0,55.0,15,0.5,0.2,242,2.0466589048094086,0.09557994061283759,,,,,,
daily_curve,4.0,55.0,15,0.5,0.2,243,2.011444838862462,0.08457270460597299,,,,,,
daily_curve,4.0,55.0,15,0.5,0.2,244,1.9761832615631674,0.0743846825094242,,,,,,
daily_curve,4.0,55.0,15,0.5,0.2,245,1.940898111080427,0.06503990997278752,,,,,,
daily_curve,4.0,55.0,15,0.5,0.2,246,1.9056129252498828,0.05654400455919406,,,,,,
daily_curve,4.0,55.0,15,0.5,0.2,247,1.8703508178830675,0.04888568221996725,,,,,,
daily_curve,4.0,55.0,15,0.5,0.2,248,1.8351344561976835,0.042038961709210954,,,,,,
daily_curve,4.0,55.0,15,0.5,0.2,249,1.7999860393929468,0.03596581041458469,,,,,,
daily_curve,4.0,55.0,15,0.5,0.2,250,1.7649272783909262,0.03061898456825185,,,,,,
daily_curve,4.0,55.0,15,0.5,0.2,251,1.7299793767616878,0.025944844379122367,,,,,,
daily_curve,4.0,55.0,15,0.5,0.2,252,1.6951630128470576,0.02188597043410867,,,,,,
daily_curve,4.0,55.0,15,0.5,0.2,253,1.6604983230947363,0.01838346135741631,,,,,,
daily_curve,4.0,55.0,15,0.5,0.2,254,1.626004886611537,0.015378845360528914,,,,,,
daily_curve,4.0,55.0,15,0.5,0.2,255,1.5917017109415215,0.012815583818131193,,,,,,
daily_curve,4.0,55.0,15,0.5,0.2,256,1.5576072190719095,0.010640180120646714,,,,,,
daily_curve,4.0,55.0,15,0.5,0.2,257,1.5237392376667438,0.00880293100173013,,,,,,
daily_curve,4.0,55.0,15,0.5,0.2,258,1.4901149865255139,0.007258371266080421,,,,,,
daily_curve,4.0,55.0,15,0.5,0.2,259,1.4567510692611618,0.0059654682548888616,,,,,,
daily_curve,4.0,55.0,15,0.5,0.2,260,1.4236634651892581,0.004887621713712598,,,,,,
daily_curve,4.0,55.0,15,0.5,0.2,261,1.3908675224175167,0.003992520093493712,,,,,,
daily_curve,4.0,55.0,15,0.5,0.2,262,1.3583779521223365,0.0032518974964665937,,,,,,
daily_curve,4.0,55.0,15,0.5,0.2,263,1.32620882399662,0.0026412278181834337,,,,,,
daily_curve,4.0,55.0,15,0.5,0.2,264,1.2943735628508257,0.0021393850564788153,,,,,,
daily_curve,4.0,55.0,15,0.5,0.2,265,1.2628849463469667,0.0017282918222281118,,,,,,
daily_curve,4.0,55.0,15,0.5,0.2,266,1.2317551038431818,0.0013925720855558765,,,,,,
daily_curve,4.0,55.0,15,0.5,0.2,267,1.2009955163244788,0.0011192192224226405,,,,,,
daily_curve,4.0,55.0,15,0.5,0.2,268,1.17061701739337,0.0008972864643962408,,,,,,
daily_curve,4.0,55.0,15,0.5,0.2,269,1.14062979529234,0.0007176038025382692,,,,,,
daily_curve,4.0,55.0,15,0.5,0.2,270,1.1110433959284152,0.0005725231255129248,,,,,,
daily_curve,4.0,55.0,15,0.5,0.2,271,1.0818667268685833,0.00045569174501935983,,,,,,
daily_curve,4.0,55.0,15,0.5,0.2,272,1.053108062273364,0.0003618533479170516,,,,,,
daily_curve,4.0,55.0,15,0.5,0.2,273,1.0247750487345562,0.0002866746979983681,,,,,,
daily_curve,4.0,55.0,15,0.5,0.2,274,0.9968747119819907,0.00022659599291940946,,,,,,
daily_curve,4.0,55.0,15,0.5,0.2,275,0.9694134644230797,0.00017870258287200347,,,,,,
daily_curve,4.0,55.0,15,0.5,0.2,276,0.9423971134780038,0.00014061571323620292,,,,,,
daily_curve,4.0,55.0,15,0.5,0.2,277,0.9158308706725905,0.00011040001412587763,,,,,,
daily_curve,4.0,55.0,15,0.5,0.2,278,0.8897193614502211,8.648558792812011e-05,,,,,,
daily_curve,4.0,55.0,15,0.5,0.2,279,0.8640666356635626,6.760271386840877e-05,,,,,,
daily_curve,4.0,55.0,15,0.5,0.2,280,0.8388761787064418,5.272737630557245e-05,,,,,,
daily_curve,4.0,55.0,15,0.5,0.2,281,0.8141509232458715,4.103601679994462e-05,,,,,,
daily_curve,4.0,55.0,15,0.5,0.2,282,0.7898932615139886,3.186809953492631e-05,,,,,,
daily_curve,4.0,55.0,15,0.5,0.2,283,0.7661050581195811,2.469525927717431e-05,,,,,,
daily_curve,4.0,55.0,15,0.5,0.2,284,0.7427876633388583,1.9095967125126734e-05,,,,,,
daily_curve,4.0,55.0,15,0.5,0.2,285,0.7199419268452305,1.4734799954174704e-05,,,,,,
daily_curve,4.0,55.0,15,0.5,0.2,286,0.6975682118380728,1.1345534120299483e-05,,,,,,
daily_curve,4.0,55.0,15,0.5,0.2,287,0.6756664095307384,8.717402853908318e-06,,,,,,
daily_curve,4.0,55.0,15,0.5,0.2,288,0.6542359539584998,6.6839606295276965e-06,,,,,,
daily_curve,4.0,55.0,15,0.5,0.2,289,0.633275837067567,5.1140877324051814e-06,,,,,,
daily_curve,4.0,55.0,15,0.5,0.2,290,0.6127846240469219,3.904745509264451e-06,,,,,,
daily_curve,4.0,55.0,15,0.5,0.2,291,0.592760468865344,2.9751587332649265e-06,,,,,,
daily_curve,4.0,55.0,15,0.5,0.2,292,0.5732011299767545,2.2621574147230206e-06,,,,,,
daily_curve,4.0,55.0,15,0.5,0.2,293,0.5541039861577908,1.716457534328697e-06,,,,,,
daily_curve,4.0,55.0,15,0.5,0.2,294,0.5354660524424132,1.2996997081904382e-06,,,,,,
daily_curve,4.0,55.0,15,0.5,0.2,295,0.5172839961192637,9.8209779286762e-07,,,,,,
daily_curve,4.0,55.0,15,0.5,0.2,296,0.4995541527585081,7.405768491786091e-07,,,,,,
daily_curve,4.0,55.0,15,0.5,0.2,297,0.48227254223592,5.573025575467128e-07,,,,,,
daily_curve,4.0,55.0,15,0.5,0.2,298,0.4654348847230799,4.440224609103538e-07,,,,,,
daily_curve,4.0,55.0,15,0.5,0.2,299,0.449036616613686,3.745545092970204e-07,,,,,,
daily_curve,4.0,55.0,15,0.5,0.2,300,0.43307290635716067,3.1530821653635854e-07,,,,,,
daily_curve,4.0,55.0,15,0.5,0.2,301,0.41753867017194435,2.6488930848778125e-07,,,,,,
daily_curve,4.0,55.0,15,0.5,0.2,302,0.4024285876121133,2.2207574623678283e-07,,,,,,
daily_curve,4.0,55.0,15,0.5,0.2,303,0.3877371169622177,1.857992792952956e-07,,,,,,
daily_curve,4.0,55.0,15,0.5,0.2,304,0.37345851043653494,1.5512854190102843e-07,,,,,,
daily_curve,4.0,55.0,15,0.5,0.2,305,0.3595868291602155,1.292536282448964e-07,,,,,,
daily_curve,4.0,55.0,15,0.5,0.2,306,0.3461159579111351,1.0747207646044643e-07,,,,,,
daily_curve,4.0,55.0,15,0.5,0.2,307,0.33303961960257006,8.917618354864487e-08,,,,,,
daily_curve,4.0,55.0,15,0.5,0.2,308,0.32035138948814307,7.384156830436694e-08,,,,,,
daily_curve,4.0,55.0,15,0.5,0.2,309,0.3080447090718061,6.101689953297296e-08,,,,,,
daily_curve,4.0,55.0,15,0.5,0.2,310,0.29611289970695054,5.031470451388742e-08,,,,,,
daily_curve,4.0,55.0,15,0.5,0.2,311,0.2845491758700362,4.140317277911976e-08,,,,,,
daily_curve,4.0,55.0,15,0.5,0.2,312,0.27334665809543235,3.399887371635657e-08,,,,,,
daily_curve,4.0,55.0,15,0.5,0.2,313,0.26249838555944305,2.9591782246818354e-08,,,,,,
daily_curve,4.0,55.0,15,0.5,0.2,314,0.2519973283027564,2.7299148608328494e-08,,,,,,
daily_curve,4.0,55.0,15,0.5,0.2,315,0.2418363990817945,2.5131035474856844e-08,,,,,,
daily_curve,4.0,55.0,15,0.5,0.2,316,0.2320084648406613,2.3086219158585664e-08,,,,,,
daily_curve,4.0,55.0,15,0.5,0.2,317,0.22250635779657335,2.116285202635737e-08,,,,,,
daily_curve,4.0,55.0,15,0.5,0.2,318,0.21332288613282607,1.9358525560342343e-08,,,,,,
daily_curve,4.0,55.0,15,0.5,0.2,319,0.20445084429447102,1.7670333862795928e-08,,,,,,
daily_curve,4.0,55.0,15,0.5,0.2,320,0.195883022882981,1.6094937160815448e-08,,,,,,
daily_curve,4.0,55.0,15,0.5,0.2,321,0.18761221814724194,1.4628623756784975e-08,,,,,,
daily_curve,4.0,55.0,15,0.5,0.2,322,0.17963124106922793,1.3267370646552479e-08,,,,,,
daily_curve,4.0,55.0,15,0.5,0.2,323,0.1719329260437143,1.2006902250227824e-08,,,,,,
daily_curve,4.0,55.0,15,0.5,0.2,324,0.16451013915231769,1.0842745923334007e-08,,,,,,
daily_curve,4.0,55.0,15,0.5,0.2,325,0.1573557860330671,9.770284359333914e-09,,,,,,
daily_curve,4.0,55.0,15,0.5,0.2,326,0.1504628193475667,8.78480510557722e-09,,,,,,
daily_curve,4.0,55.0,15,0.5,0.2,327,0.14382424584864076,7.8815459714221e-09,,,,,,
daily_curve,4.0,55.0,15,0.5,0.2,328,0.1374331330521232,7.494497800131228e-09,,,,,,
daily_curve,4.0,55.0,15,0.5,0.2,329,0.13128261551719478,7.553051406539169e-09,,,,,,
daily_curve,4.0,55.0,15,0.5,0.2,330,0.12536590074035767,7.595354345468763e-09,,,,,,
daily_curve,4.0,55.0,15,0.5,0.2,331,0.11967627466879237,7.621079101127748e-09,,,,,,
daily_curve,4.0,55.0,15,0.5,0.2,332,0.1142071068394398,7.630005294245734e-09,,,,,,
daily_curve,4.0,55.0,15,0.5,0.2,333,0.10895185515071787,7.62202234660947e-09,,,,,,
daily_curve,4.0,55.0,15,0.5,0.2,334,0.10390407027429478,7.59713147946428e-09,,,,,,
daily_curve,4.0,55.0,15,0.5,0.2,335,0.09905739971482264,7.555446157603285e-09,,,,,,
daily_curve,4.0,55.0,15,0.5,0.2,336,0.09440559152596299,7.497191534255876e-09,,,,,,
daily_curve,4.0,55.0,15,0.5,0.2,337,0.08994249769143092,7.4227026747308855e-09,,,,,,
daily_curve,4.0,55.0,15,0.5,0.2,338,0.08566207718013343,7.332421336769812e-09,,,,,,
daily_curve,4.0,55.0,15,0.5,0.2,339,0.08155839868479116,7.226891529654722e-09,,,,,,
daily_curve,4.0,55.0,15,0.5,0.2,340,0.0776256430537033,7.106754407182336e-09,,,,,,
daily_curve,4.0,55.0,15,0.5,0.2,341,0.07385810542555099,6.9727414953035805e-09,,,,,,
daily_curve,4.0,55.0,15,0.5,0.2,342,0.07025019707733286,6.825667697718529e-09,,,,,,
daily_curve,4.0,55.0,15,0.5,0.2,343,0.06679644699568697,7.080989128382953e-09,,,,,,
daily_curve,4.0,55.0,15,0.5,0.2,344,0.06349150318198496,7.78478570495622e-09,,,,,,
daily_curve,4.0,55.0,15,0.5,0.2,345,0.060330133701675684,8.538841855809665e-09,,,,,,
daily_curve,4.0,55.0,15,0.5,0.2,346,0.05730722748842204,9.344317652981715e-09,,,,,,
daily_curve,4.0,55.0,15,0.5,0.2,347,0.05441779491360549,1.0202091949018666e-08,,,,,,
daily_curve,4.0,55.0,15,0.5,0.2,348,0.051656968131779724,1.1112725850637162e-08,,,,,,
daily_curve,4.0,55.0,15,0.5,0.2,349,0.04902000121262923,1.2076424416029852e-08,,,,,,
daily_curve,4.0,55.0,15,0.5,0.2,350,0.04650227006994133,1.3093001016706296e-08,,,,,,
daily_curve,4.0,55.0,15,0.5,0.2,351,0.04409927219802461,1.4161842143423087e-08,,,,,,
daily_curve,4.0,55.0,15,0.5,0.2,352,0.04180662622591159,1.5281875209716134e-08,,,,,,
daily_curve,4.0,55.0,15,0.5,0.2,353,0.03962007129956355,1.6451538464856696e-08,,,,,,
daily_curve,4.0,55.0,15,0.5,0.2,354,0.03753546630215733,1.766875545872182e-08,,,,,,
daily_curve,4.0,55.0,15,0.5,0.2,355,0.03554878892237538,1.8930913281423045e-08,,,,,,
daily_curve,4.0,55.0,15,0.5,0.2,356,0.03365613458044714,2.0234846465072565e-08,,,,,,
daily_curve,4.0,55.0,15,0.5,0.2,357,0.03185371522149683,2.1576826436664476e-08,,,,,,
daily_curve,4.0,55.0,15,0.5,0.2,358,0.030137857985549046,2.4379920415817935e-08,,,,,,
daily_curve,4.0,55.0,15,0.5,0.2,359,0.028505003763323884,2.9189763828263438e-08,,,,,,
daily_curve,4.0,55.0,15,0.5,0.2,360,0.02695170564672297,3.486404465125048e-08,,,,,,
daily_curve,4.0,55.0,15,0.5,0.2,361,0.025474627282667656,4.154036936654393e-08,,,,,,
daily_curve,4.0,55.0,15,0.5,0.2,362,0.024070541138698748,4.937474096244898e-08,,,,,,
daily_curve,4.0,55.0,15,0.5,0.2,363,0.0227363266884905,5.854336471156074e-08,,,,,,
daily_curve,4.0,55.0,15,0.5,0.2,364,0.02146896852516447,6.924451378953478e-08,,,,,,
daily_curve,4.0,55.0,15,0.5,0.2,365,0.02026555441001975,8.170043386268588e-08,,,,,,
daily_curve,4.0,55.0,15,0.5,0.3,1,0.016732864106016623,4.578217360773351e-08,,,,,,
daily_curve,4.0,55.0,15,0.5,0.3,2,0.01578448647045482,5.386338164381499e-08,,,,,,
daily_curve,4.0,55.0,15,0.5,0.3,3,0.014884939095276172,6.321734691283609e-08,,,,,,
daily_curve,4.0,55.0,15,0.5,0.3,4,0.014032016876047188,7.401526125327962e-08,,,,,,
daily_curve,4.0,55.0,15,0.5,0.3,5,0.013223595812211953,8.644613169739301e-08,,,,,,
daily_curve,4.0,55.0,15,0.5,0.3,6,0.012457631086923757,1.0071775724540544e-07,,,,,,
daily_curve,4.0,55.0,15,0.5,0.3,7,0.011732155130141394,1.1705760694091794e-07,,,,,,
daily_curve,4.0,55.0,15,0.5,0.3,8,0.011732155130141394,1.4415327165284708e-07,,,,,,
daily_curve,4.0,55.0,15,0.5,0.3,9,0.012457631086923757,1.8809513135931155e-07,,,,,,
daily_curve,4.0,55.0,15,0.5,0.3,10,0.013223595812211953,2.448242834018899e-07,,,,,,
daily_curve,4.0,55.0,15,0.5,0.3,11,0.014032016876047188,3.1787198462307487e-07,,,,,,
daily_curve,4.0,55.0,15,0.5,0.3,12,0.014884939095276172,4.116875990112234e-07,,,,,,
daily_curve,4.0,55.0,15,0.5,0.3,13,0.01578448647045482,5.31860876229473e-07,,,,,,
daily_curve,4.0,55.0,15,0.5,0.3,14,0.016732864106016623,6.853935330397576e-07,,,,,,
daily_curve,4.0,55.0,15,0.5,0.3,15,0.01773236010876728,8.810298923744853e-07,,,,,,
daily_curve,4.0,55.0,15,0.5,0.3,16,0.018785347459518906,1.1296579747188673e-06,,,,,,
daily_curve,4.0,55.0,15,0.5,0.3,17,0.019894285852429184,1.4447942764395094e-06,,,,,,
daily_curve,4.0,55.0,15,0.5,0.3,18,0.0210617234963614,1.8431675288255178e-06,,,,,,
daily_curve,4.0,55.0,15,0.5,0.3,19,0.022290298872334198,2.3454190097860206e-06,,,,,,
daily_curve,4.0,55.0,15,0.5,0.3,20,0.023582742440882595,2.9769394763734525e-06,,,,,,
daily_curve,4.0,55.0,15,0.5,0.3,21,0.024941878292908396,3.76886550190747e-06,,,,,,
daily_curve,4.0,55.0,15,0.5,0.3,22,0.02637062573735541,4.759260914477537e-06,,,,,,
daily_curve,4.0,55.0,15,0.5,0.3,23,0.027872000818809726,5.994512119800177e-06,,,,,,
daily_curve,4.0,55.0,15,0.5,0.3,24,0.029449117757891243,7.530969324154313e-06,,,,,,
daily_curve,4.0,55.0,15,0.5,0.3,25,0.031105190307078454,9.436868984247226e-06,,,,,,
daily_curve,4.0,55.0,15,0.5,0.3,26,0.03284353301438766,1.179457615130275e-05,,,,,,
daily_curve,4.0,55.0,15,0.5,0.3,27,0.0346675623871181,1.4703188652376298e-05,,,,,,
daily_curve,4.0,55.0,15,0.5,0.3,28,0.03658079794767263,1.8281548154308602e-05,,,,,,
daily_curve,4.0,55.0,15,0.5,0.3,29,0.03858686317327153,2.2671705976251566e-05,,,,,,
daily_curve,4.0,55.0,15,0.5,0.3,30,0.04068948631119866,2.8042893882807007e-05,,,,,,
daily_curve,4.0,55.0,15,0.5,0.3,31,0.042892501061050574,3.459605185640591e-05,,,,,,
daily_curve,4.0,55.0,15,0.5,0.3,32,0.04519984711530726,4.256896580179248e-05,,,,,,
daily_curve,4.0,55.0,15,0.5,0.3,33,0.0476155705494048,5.2242068074859205e-05,,,,,,
daily_curve,4.0,55.0,15,0.5,0.3,34,0.050143824052369286,6.394495241768272e-05,,,,,,
daily_curve,4.0,55.0,15,0.5,0.3,35,0.05278886698896622,7.806365206952659e-05,,,,,,
daily_curve,4.0,55.0,15,0.5,0.3,36,0.05555506528423683,9.504872526067132e-05,,,,,,
daily_curve,4.0,55.0,15,0.5,0.3,37,0.05844689112122609,0.0001154241857167504,,,,,,
daily_curve,4.0,55.0,15,0.5,0.3,38,0.06146892244266625,0.00013979730694635428,,,,,,
daily_curve,4.0,55.0,15,0.5,0.3,39,0.06462584224735711,0.00016886931773241187,,,,,,
daily_curve,4.0,55.0,15,0.5,0.3,40,0.06792243767199038,0.00020344699216012785,,,,,,
daily_curve,4.0,55.0,15,0.5,0.3,41,0.07136359884919226,0.000244455120546494,,,,,,
daily_curve,4.0,55.0,15,0.5,0.3,42,0.07495431753261673,0.00029294982765226685,,,,,,
daily_curve,4.0,55.0,15,0.5,0.3,43,0.07869968548000206,0.00035013268152417343,,,,,,
daily_curve,4.0,55.0,15,0.5,0.3,44,0.08260489258521761,0.0004173655102719387,,,,,,
daily_curve,4.0,55.0,15,0.5,0.3,45,0.0866752247504698,0.0004961858151750764,,,,,,
daily_curve,4.0,55.0,15,0.5,0.3,46,0.09091606149000793,0.0005883226370124728,,,,,,
daily_curve,4.0,55.0,15,0.5,0.3,47,0.09533287325687811,0.000695712698798312,,,,,,
daily_curve,4.0,55.0,15,0.5,0.3,48,0.09993121848450982,0.000820516612753841,,,,,,
daily_curve,4.0,55.0,15,0.5,0.3,49,0.1047167403351933,0.0009651349030221912,,,,,,
daily_curve,4.0,55.0,15,0.5,0.3,50,0.10969516314781295,0.0011322235592122754,,,,,,
daily_curve,4.0,55.0,15,0.5,0.3,51,0.11487228857754542,0.001324708800336749,,,,,,
daily_curve,4.0,55.0,15,0.5,0.3,52,0.1202539914206078,0.0015458006952422387,,,,,,
daily_curve,4.0,55.0,15,0.5,0.3,53,0.12584621511756064,0.0017990052555058034,,,,,,
daily_curve,4.0,55.0,15,0.5,0.3,54,0.13165496692912085,0.0020881345913688065,,,,,,
daily_curve,4.0,55.0,15,0.5,0.3,55,0.1376863127789337,0.002417314702062412,,,,,,
daily_curve,4.0,55.0,15,0.5,0.3,56,0.14394637175827796,0.002790990460335152,,,,,,
daily_curve,4.0,55.0,15,0.5,0.3,57,0.15044131028825,0.003213927348579726,,,,,,
daily_curve,4.0,55.0,15,0.5,0.3,58,0.15717733593557442,0.0036912095120630317,,,,,,
daily_curve,4.0,55.0,15,0.5,0.3,59,0.1641606908788367,0.004228233714614893,,,,,,
daily_curve,4.0,55.0,15,0.5,0.3,60,0.17139764502260837,0.004830698814748402,,,,,,
daily_curve,4.0,55.0,15,0.5,0.3,61,0.17889448875766215,0.005504590426276046,,,,,,
daily_curve,4.0,55.0,15,0.5,0.3,62,0.1866575253662228,0.006256160487422835,,,,,,
daily_curve,4.0,55.0,15,0.5,0.3,63,0.19469306307200168,0.007091901536131817,,,,,,
daily_curve,4.0,55.0,15,0.5,0.3,64,0.20300740673557863,0.00801851557615152,,,,,,
daily_curve,4.0,55.0,15,0.5,0.3,65,0.21160684919657016,0.009042877517497105,,,,,,
daily_curve,4.0,55.0,15,0.5,0.3,66,0.22049766226491183,0.01017199328433005,,,,,,
daily_curve,4.0,55.0,15,0.5,0.3,67,0.22968608736451263,0.011412952800999965,,,,,,
daily_curve,4.0,55.0,15,0.5,0.3,68,0.23917832583350326,0.012772878190185799,,,,,,
daily_curve,4.0,55.0,15,0.5,0.3,69,0.24898052888628164,0.014258867642537476,,,,,,
daily_curve,4.0,55.0,15,0.5,0.3,70,0.2590987872435817,0.015877935541317112,,,,,,
daily_curve,4.0,55.0,15,0.5,0.3,71,0.2695391204378303,0.017636949544348912,,,,,,
daily_curve,4.0,55.0,15,0.5,0.3,72,0.2803074658021251,0.01954256543503685,,,,,,
daily_curve,4.0,55.0,15,0.5,0.3,73,0.29140966715224875,0.021601160650223106,,,,,,
daily_curve,4.0,55.0,15,0.5,0.3,74,0.30285146317224315,0.023818767471358915,,,,,,
daily_curve,4.0,55.0,15,0.5,0.3,75,0.31463847551518853,0.026201006923312287,,,,,,
daily_curve,4.0,55.0,15,0.5,0.3,76,0.32677619663196805,0.02875302445917416,,,,,,
daily_curve,4.0,55.0,15,0.5,0.3,77,0.3392699773419404,0.03147942851737007,,,,,,
daily_curve,4.0,55.0,15,0.5,0.3,78,0.3521250141605991,0.03438423301783622,,,,,,
daily_curve,4.0,55.0,15,0.5,0.3,79,0.3653463364004512,0.037470804816519765,,,,,,
daily_curve,4.0,55.0,15,0.5,0.3,80,0.37893879306251554,0.04074181706258928,,,,,,
daily_curve,4.0,55.0,15,0.5,0.3,81,0.3929070395369752,0.04419920930211696,,,,,,
daily_curve,4.0,55.0,15,0.5,0.3,82,0.4072555241326949,0.04784415504823536,,,,,,
daily_curve,4.0,55.0,15,0.5,0.3,83,0.4219884744564299,0.051677037394417424,,,,,,
daily_curve,4.0,55.0,15,0.5,0.3,84,0.4371098836636945,0.05569743308889319,,,,,,
daily_curve,4.0,55.0,15,0.5,0.3,85,0.45262349660435564,0.05990410531918422,,,,,,
daily_curve,4.0,55.0,15,0.5,0.3,86,0.4685327958871115,0.06429500528160148,,,,,,
daily_curve,4.0,55.0,15,0.5,0.3,87,0.48484098788806684,0.06886728243670714,,,,,,
daily_curve,4.0,55.0,15,0.5,0.3,88,0.5015509887296602,0.07361730318352577,,,,,,
daily_curve,4.0,55.0,15,0.5,0.3,89,0.5186654102571758,0.07854067752765925,,,,,,
daily_curve,4.0,55.0,15,0.5,0.3,90,0.5361865460410566,0.08363229317590315,,,,,,
daily_curve,4.0,55.0,15,0.5,0.3,91,0.554116357434121,0.08888635636616682,,,,,,
daily_curve,4.0,55.0,15,0.5,0.3,92,0.5724564597136872,0.0942964386394084,,,,,,
daily_curve,4.0,55.0,15,0.5,0.3,93,0.5912081083393961,0.09985552868183634,,,,,,
daily_curve,4.0,55.0,15,0.5,0.3,94,0.6103721853583137,0.1055560883118426,,,,,,
daily_curve,4.0,55.0,15,0.5,0.3,95,0.6299491859895766,0.11139011165708312,,,,,,
daily_curve,4.0,55.0,15,0.5,0.3,96,0.6499392054215009,0.11734918656201476,,,,,,
daily_curve,4.0,55.0,15,0.5,0.3,97,0.6703419258546334,0.12342455728346613,,,,,,
daily_curve,4.0,55.0,15,0.5,0.3,98,0.69115660382474,0.12960718756925405,,,,,,
daily_curve,4.0,55.0,15,0.5,0.3,99,0.7123820578401375,0.13588782326975024,,,,,,
daily_curve,4.0,55.0,15,0.5,0.3,100,0.7340166563681365,0.14225705370161612,,,,,,
daily_curve,4.0,55.0,15,0.5,0.3,101,0.7560583062056172,0.14870537106343484,,,,,,
daily_curve,4.0,55.0,15,0.5,0.3,102,0.7785044412689434,0.1552232272914249,,,,,,
daily_curve,4.0,55.0,15,0.5,0.3,103,0.8013520118385166,0.16180108783665959,,,,,,
daily_curve,4.0,55.0,15,0.5,0.3,104,0.8245974742932533,0.16842948194028762,,,,,,
daily_curve,4.0,55.0,15,0.5,0.3,105,0.8482367813701946,0.17509904907749474,,,,,,
daily_curve,4.0,55.0,15,0.5,0.3,106,0.8722653729842419,0.18180058133205446,,,,,,
daily_curve,4.0,55.0,15,0.5,0.3,107,0.8966781676427366,0.18852506154937143,,,,,,
daily_curve,4.0,55.0,15,0.5,0.3,108,0.9214695544891933,0.19526369719541115,,,,,,
daily_curve,4.0,55.0,15,0.5,0.3,109,0.9466333860100102,0.2020079499207269,,,,,,
daily_curve,4.0,55.0,15,0.5,0.3,110,0.9721629714373632,0.20874956089220087,,,,,,
daily_curve,4.0,55.0,15,0.5,0.3,111,0.9980510708807975,0.21548057200972703,,,,,,
daily_curve,4.0,55.0,15,0.5,0.3,112,1.0242898902191986,0.22219334317081207,,,,,,
daily_curve,4.0,55.0,15,0.5,0.3,113,1.0508710767839187,0.22888056578311455,,,,,,
daily_curve,4.0,55.0,15,0.5,0.3,114,1.0777857158627837,0.2355352727536958,,,,,,
daily_curve,4.0,55.0,15,0.5,0.3,115,1.1050243280535959,0.2421508452047605,,,,,,
daily_curve,4.0,55.0,15,0.5,0.3,116,1.1325768674944723,0.24872101617958986,,,,,,
daily_curve,4.0,55.0,15,0.5,0.3,117,1.1604327209970424,0.25523987160997563,,,,,,
daily_curve,4.0,55.0,15,0.5,0.3,118,1.188580708107044,0.26170184881852554,,,,,,
daily_curve,4.0,55.0,15,0.5,0.3,119,1.217009082115327,0.2681017328265265,,,,,,
daily_curve,4.0,55.0,15,0.5,0.3,120,1.2457055320406007,0.27443465073141515,,,,,,
daily_curve,4.0,55.0,15,0.5,0.3,121,1.2746571856035165,0.2806960644080394,,,,,,
daily_curve,4.0,55.0,15,0.5,0.3,122,1.3038506132098246,0.28688176177550795,,,,,,
daily_curve,4.0,55.0,15,0.5,0.3,123,1.3332718329584006,0.2929878468571485,,,,,,
daily_curve,4.0,55.0,15,0.5,0.3,124,1.3629063166879207,0.2990107288454853,,,,,,
daily_curve,4.0,55.0,15,0.5,0.3,125,1.392738997073831,0.30494711036770894,,,,,,
daily_curve,4.0,55.0,15,0.5,0.3,126,1.4227542757850946,0.3107939751302726,,,,,,
daily_curve,4.0,55.0,15,0.5,0.3,127,1.452936032707894,0.31654857510435763,,,,,,
daily_curve,4.0,55.0,15,0.5,0.3,128,1.4832676362411754,0.32220841739732087,,,,,,
daily_curve,4.0,55.0,15,0.5,0.3,129,1.5137319546664765,0.32777125093908366,,,,,,
daily_curve,4.0,55.0,15,0.5,0.3,130,1.5443113685920602,0.33323505309696067,,,,,,
daily_curve,4.0,55.0,15,0.5,0.3,131,1.5749877844688283,0.3385980163177499,,,,,,
daily_curve,4.0,55.0,15,0.5,0.3,132,1.605742649172973,0.3438585348821682,,,,,,
daily_curve,4.0,55.0,15,0.5,0.3,133,1.636556965647684,0.34901519184391927,,,,,,
daily_curve,4.0,55.0,15,0.5,0.3,134,1.6674113095936474,0.3540667462139008,,,,,,
daily_curve,4.0,55.0,15,0.5,0.3,135,1.6982858471953735,0.35901212043927977,,,,,,
daily_curve,4.0,55.0,15,0.5,0.3,136,1.7291603538677711,0.36385038821738114,,,,,,
daily_curve,4.0,55.0,15,0.5,0.3,137,1.760014234004654,0.3685807626755121,,,,,,
daily_curve,4.0,55.0,15,0.5,0.3,138,1.7908265417082323,0.3732025849399545,,,,,,
daily_curve,4.0,55.0,15,0.5,0.3,139,1.8215760024759322,0.377715313110336,,,,,,
daily_curve,4.0,55.0,15,0.5,0.3,140,1.8522410358182488,0.3821185116493895,,,,,,
daily_curve,4.0,55.0,15,0.5,0.3,141,1.8827997787786885,0.38641184119266936,,,,,,
daily_curve,4.0,55.0,15,0.5,0.3,142,1.913230110324251,0.3905950487780536,,,,,,
daily_curve,4.0,55.0,15,0.5,0.3,143,1.9435096765723456,0.39466795849074865,,,,,,
daily_curve,4.0,55.0,15,0.5,0.3,144,1.9736159168174983,0.39863046251598555,,,,,,
daily_curve,4.0,55.0,15,0.5,0.3,145,2.0035260903187626,0.40248251258858236,,,,,,
daily_curve,4.0,55.0,15,0.5,0.3,146,2.0332173038063344,0.4062241118259806,,,,,,
daily_curve,4.0,55.0,15,0.5,0.3,147,2.0626665396635486,0.4098553069292187,,,,,,
daily_curve,4.0,55.0,15,0.5,0.3,148,2.0918506847381955,0.41337618073449456,,,,,,
daily_curve,4.0,55.0,15,0.5,0.3,149,2.1207465597349278,0.416786845096474,,,,,,
daily_curve,4.0,55.0,15,0.5,0.3,150,2.149330949138479,0.4200874340832591,,,,,,
daily_curve,4.0,55.0,15,0.5,0.3,151,2.177580631615452,0.4232780974619079,,,,,,
daily_curve,4.0,55.0,15,0.5,0.3,152,2.2054724108405876,0.42635899445255176,,,,,,
daily_curve,4.0,55.0,15,0.5,0.3,153,2.2329831466917107,0.42933028772845583,,,,,,
daily_curve,4.0,55.0,15,0.5,0.3,154,2.260089786755933,0.43219213763877606,,,,,,
daily_curve,4.0,55.0,15,0.5,0.3,155,2.286769398088235,0.4349446966302586,,,,,,
daily_curve,4.0,55.0,15,0.5,0.3,156,2.3129991991622076,0.4375881038436683,,,,,,
daily_curve,4.0,55.0,15,0.5,0.3,157,2.3387565919515616,0.4401224798603105,,,,,,
daily_curve,4.0,55.0,15,0.5,0.3,158,2.3640191940799515,0.44254792157357903,,,,,,
daily_curve,4.0,55.0,15,0.5,0.3,159,2.388764870975796,0.4448644971600353,,,,,,
daily_curve,4.0,55.0,15,0.5,0.3,160,2.412971767968038,0.44707224112403665,,,,,,
daily_curve,4.0,55.0,15,0.5,0.3,161,2.4366183422582206,0.4491711493894103,,,,,,
daily_curve,4.0,55.0,15,0.5,0.3,162,2.4596833947038723,0.4511611744110624,,,,,,
daily_curve,4.0,55.0,15,0.5,0.3,163,2.482146101347939,0.45304222027872076,,,,,,
daily_curve,4.0,55.0,15,0.5,0.3,164,2.50398604462896,0.4548141377842173,,,,,,
daily_curve,4.0,55.0,15,0.5,0.3,165,2.5251832442067914,0.45647671942280155,,,,,,
daily_curve,4.0,55.0,15,0.5,0.3,166,2.545718187338968,0.4580296942979315,,,,,,
daily_curve,4.0,55.0,15,0.5,0.3,167,2.5655718587432546,0.4594727228978026,,,,,,
daily_curve,4.0,55.0,15,0.5,0.3,168,2.58472576988258,0.46080539171052937,,,,,,
daily_curve,4.0,55.0,15,0.5,0.3,169,2.603161987609355,0.46202720764338756,,,,,,
daily_curve,4.0,55.0,15,0.5,0.3,170,2.6208631621071614,0.46313759220984074,,,,,,
daily_curve,4.0,55.0,15,0.5,0.3,171,2.637812554068965,0.46413587544621815,,,,,,
daily_curve,4.0,55.0,15,0.5,0.3,172,2.6539940610523227,0.46502128951786137,,,,,,
daily_curve,4.0,55.0,15,0.5,0.3,173,2.669392242953553,0.4657929619723401,,,,,,
daily_curve,4.0,55.0,15,0.5,0.3,174,2.6839923465445072,0.46644990859492974,,,,,,
daily_curve,4.0,55.0,15,0.5,0.3,175,2.69778032901739,0.4669910258189839,,,,,,
daily_curve,4.0,55.0,15,0.5,0.3,176,2.710742880485053,0.46741508264112863,,,,,,
daily_curve,4.0,55.0,15,0.5,0.3,177,2.7228674453863158,0.46772071198838283,,,,,,
daily_curve,4.0,55.0,15,0.5,0.3,178,2.7341422427481437,0.46790640148143003,,,,,,
daily_curve,4.0,55.0,15,0.5,0.3,179,2.7445562852589145,0.46797048353538007,,,,,,
daily_curve,4.0,55.0,15,0.5,0.3,180,2.7540993971095578,0.46791112473655094,,,,,,
daily_curve,4.0,55.0,15,0.5,0.3,181,2.7627622305620148,0.46772631443120405,,,,,,
daily_curve,4.0,55.0,15,0.5,0.3,182,2.7705362812072636,0.46741385245990275,,,,,,
daily_curve,4.0,55.0,15,0.5,0.3,183,2.777413901878041,0.46697133596945817,,,,,,
daily_curve,4.0,55.0,15,0.5,0.3,184,2.7833883151844088,0.46639614523350237,,,,,,
daily_curve,4.0,55.0,15,0.5,0.3,185,2.7884536246433953,0.46568542841294536,,,,,,
daily_curve,4.0,55.0,15,0.5,0.3,186,2.792604824377129,0.46483608518929065,,,,,,
daily_curve,4.0,55.0,15,0.5,0.3,187,2.795837807357134,0.46384474920757246,,,,,,
daily_curve,4.0,55.0,15,0.5,0.3,188,2.7981493721757853,0.4627077692721445,,,,,,
daily_curve,4.0,55.0,15,0.5,0.3,189,2.7995372283292905,0.4614211892485216,,,,,,
daily_curve,4.0,55.0,15,0.5,0.3,190,2.8,0.45998072663896283,,,,,,
daily_curve,4.0,55.0,15,0.5,0.3,191,2.7995372283292905,0.45838174981970425,,,,,,
daily_curve,4.0,55.0,15,0.5,0.3,192,2.7981493721757853,0.45661925395525615,,,,,,
daily_curve,4.0,55.0,15,0.5,0.3,193,2.795837807357134,0.4546878356418079,,,,,,
daily_curve,4.0,55.0,15,0.5,0.3,194,2.792604824377129,0.45258166637980457,,,,,,
daily_curve,4.0,55.0,15,0.5,0.3,195,2.7884536246433953,0.45029446503789705,,,,,,
daily_curve,4.0,55.0,15,0.5,0.3,196,2.7833883151844088,0.44781946954996876,,,,,,
daily_curve,4.0,55.0,15,0.5,0.3,197,2.777413901878041,0.44514940818767135,,,,,,
daily_curve,4.0,55.0,15,0.5,0.3,198,2.7705362812072636,0.4422764708773793,,,,,,
daily_curve,4.0,55.0,15,0.5,0.3,199,2.7627622305620148,0.43919228118793585,,,,,,
daily_curve,4.0,55.0,15,0.5,0.3,200,2.7540993971095578,0.43588786980996774,,,,,,
daily_curve,4.0,55.0,15,0.5,0.3,201,2.7445562852589145,0.4323536505855431,,,,,,
daily_curve,4.0,55.0,15,0.5,0.3,202,2.7341422427481437,0.4285794004357607,,,,,,
daily_curve,4.0,55.0,15,0.5,0.3,203,2.7228674453863158,0.42455424488100957,,,,,,
daily_curve,4.0,55.0,15,0.5,0.3,204,2.710742880485053,0.4202666512615849,,,,,,
daily_curve,4.0,55.0,15,0.5,0.3,205,2.69778032901739,0.41570443225169995,,,,,,
daily_curve,4.0,55.0,15,0.5,0.3,206,2.6839923465445072,0.41085476282254707,,,,,,
daily_curve,4.0,55.0,15,0.5,0.3,207,2.669392242953553,0.40570421445140914,,,,,,
daily_curve,4.0,55.0,15,0.5,0.3,208,2.6539940610523227,0.40023881109000525,,,,,,
daily_curve,4.0,55.0,15,0.5,0.3,209,2.637812554068965,0.39444411218411846,,,,,,
daily_curve,4.0,55.0,15,0.5,0.3,210,2.6208631621071614,0.38830532885397817,,,,,,
daily_curve,4.0,55.0,15,0.5,0.3,211,2.603161987609355,0.38180748016012933,,,,,,
daily_curve,4.0,55.0,15,0.5,0.3,212,2.58472576988258,0.37493559712961566,,,,,,
daily_curve,4.0,55.0,15,0.5,0.3,213,2.5655718587432546,0.3676749828105653,,,,,,
daily_curve,4.0,55.0,15,0.5,0.3,214,2.545718187338968,0.3600115369326241,,,,,,
daily_curve,4.0,55.0,15,0.5,0.3,215,2.5251832442067914,0.35193215360763297,,,,,,
daily_curve,4.0,55.0,15,0.5,0.3,216,2.50398604462896,0.3434251996956832,,,,,,
daily_curve,4.0,55.0,15,0.5,0.3,217,2.482146101347939,0.33448107972795216,,,,,,
daily_curve,4.0,55.0,15,0.5,0.3,218,2.4596833947038723,0.3250928903257344,,,,,,
daily_curve,4.0,55.0,15,0.5,0.3,219,2.4366183422582206,0.3152571625766961,,,,,,
daily_curve,4.0,55.0,15,0.5,0.3,220,2.412971767968038,0.3049746845408716,,,,,,
daily_curve,4.0,55.0,15,0.5,0.3,221,2.388764870975796,0.29425138776125703,,,,,,
daily_curve,4.0,55.0,15,0.5,0.3,222,2.3640191940799515,0.28309927131784896,,,,,,
daily_curve,4.0,55.0,15,0.5,0.3,223,2.3387565919515616,0.27153732483754733,,,,,,
daily_curve,4.0,55.0,15,0.5,0.3,224,2.3129991991622076,0.2595923986001666,,,,,,
daily_curve,4.0,55.0,15,0.5,0.3,225,2.286769398088235,0.24729995561461005,,,,,,
daily_curve,4.0,55.0,15,0.5,0.3,226,2.260089786755933,0.23470462900272493,,,,,,
daily_curve,4.0,55.0,15,0.5,0.3,227,2.2329831466917107,0.22186050048848616,,,,,,
daily_curve,4.0,55.0,15,0.5,0.3,228,2.2054724108405876,0.208831014881516,,,,,,
daily_curve,4.0,55.0,15,0.5,0.3,229,2.177580631615452,0.19568845380373823,,,,,,
daily_curve,4.0,55.0,15,0.5,0.3,230,2.149330949138479,0.18251291161642436,,,,,,
daily_curve,4.0,55.0,15,0.5,0.3,231,2.1207465597349278,0.16939074838933077,,,,,,
daily_curve,4.0,55.0,15,0.5,0.3,232,2.0918506847381955,0.15641253769759444,,,,,,
daily_curve,4.0,55.0,15,0.5,0.3,233,2.0626665396635486,0.14367057750634382,,,,,,
daily_curve,4.0,55.0,15,0.5,0.3,234,2.0332173038063344,0.13125608446351134,,,,,,
daily_curve,4.0,55.0,15,0.5,0.3,235,2.0035260903187626,0.11925623785886874,,,,,,
daily_curve,4.0,55.0,15,0.5,0.3,236,1.9736159168174983,0.10775127116826921,,,,,,
daily_curve,4.0,55.0,15,0.5,0.3,237,1.9435096765723456,0.09681181966066088,,,,,,
daily_curve,4.0,55.0,15,0.5,0.3,238,1.913230110324251,0.08649671827747929,,,,,,
daily_curve,4.0,55.0,15,0.5,0.3,239,1.8827997787786885,0.07685140549689917,,,,,,
daily_curve,4.0,55.0,15,0.5,0.3,240,1.8522410358182488,0.0679070312955945,,,,,,
daily_curve,4.0,55.0,15,0.5,0.3,241,1.8215760024759322,0.05968029931100005,,,,,,
daily_curve,4.0,55.0,15,0.5,0.3,242,1.7908265417082323,0.05217400525092453,,,,,,
daily_curve,4.0,55.0,15,0.5,0.3,243,1.760014234004654,0.04537817525927246,,,,,,
daily_curve,4.0,55.0,15,0.5,0.3,244,1.7291603538677711,0.03927166651949687,,,,,,
daily_curve,4.0,55.0,15,0.5,0.3,245,1.6982858471953735,0.03382407133134635,,,,,,
daily_curve,4.0,55.0,15,0.5,0.3,246,1.6674113095936474,0.0289977648543005,,,,,,
daily_curve,4.0,55.0,15,0.5,0.3,247,1.636556965647684,0.0247499522119774,,,,,,
daily_curve,4.0,55.0,15,0.5,0.3,248,1.605742649172973,0.021034597427688206,,,,,,
daily_curve,4.0,55.0,15,0.5,0.3,249,1.5749877844688283,0.017804148993283087,,,,,,
daily_curve,4.0,55.0,15,0.5,0.3,250,1.5443113685920602,0.015011009684554932,,,,,,
daily_curve,4.0,55.0,15,0.5,0.3,251,1.5137319546664765,0.012608727748506188,,,,,,
daily_curve,4.0,55.0,15,0.5,0.3,252,1.4832676362411754,0.010552910533331183,,,,,,
daily_curve,4.0,55.0,15,0.5,0.3,253,1.452936032707894,0.008801879125685752,,,,,,
daily_curve,4.0,55.0,15,0.5,0.3,254,1.4227542757850946,0.007317093774518391,,,,,,
daily_curve,4.0,55.0,15,0.5,0.3,255,1.392738997073831,0.006063385663005905,,,,,,
daily_curve,4.0,55.0,15,0.5,0.3,256,1.3629063166879207,0.005009032110063205,,,,,,
daily_curve,4.0,55.0,15,0.5,0.3,257,1.3332718329584006,0.004125710767064583,,,,,,
daily_curve,4.0,55.0,15,0.5,0.3,258,1.3038506132098246,0.0033883649350312517,,,,,,
daily_curve,4.0,55.0,15,0.5,0.3,259,1.2746571856035165,0.0027750076705392868,,,,,,
daily_curve,4.0,55.0,15,0.5,0.3,260,1.2457055320406007,0.002266487554394403,,,,,,
daily_curve,4.0,55.0,15,0.5,0.3,261,1.217009082115327,0.0018462343306787643,,,,,,
daily_curve,4.0,55.0,15,0.5,0.3,262,1.188580708107044,0.0014999983706496245,,,,,,
daily_curve,4.0,55.0,15,0.5,0.3,263,1.1604327209970424,0.0012155942236201644,,,,,,
daily_curve,4.0,55.0,15,0.5,0.3,264,1.1325768674944723,0.0009826554348305594,,,,,,
daily_curve,4.0,55.0,15,0.5,0.3,265,1.1050243280535959,0.0007924053235989215,,,,,,
daily_curve,4.0,55.0,15,0.5,0.3,266,1.0777857158627837,0.0006374464711997874,,,,,,
daily_curve,4.0,55.0,15,0.5,0.3,267,1.0508710767839187,0.0005115701957154606,,,,,,
daily_curve,4.0,55.0,15,0.5,0.3,268,1.0242898902191986,0.00040958621374265203,,,,,,
daily_curve,4.0,55.0,15,0.5,0.3,269,0.9980510708807975,0.00032717193187536964,,,,,,
daily_curve,4.0,55.0,15,0.5,0.3,270,0.9721629714373632,0.00026074030692779804,,,,,,
daily_curve,4.0,55.0,15,0.5,0.3,271,0.9466333860100102,0.00020732490454877794,,,,,,
daily_curve,4.0,55.0,15,0.5,0.3,272,0.9214695544891933,0.00016448062242668815,,,,,,
daily_curve,4.0,55.0,15,0.5,0.3,273,0.8966781676427366,0.00013019848704265424,,,,,,
daily_curve,4.0,55.0,15,0.5,0.3,274,0.8722653729842419,0.00010283295041768614,,,,,,
daily_curve,4.0,55.0,15,0.5,0.3,275,0.8482367813701946,8.104018108989752e-05,,,,,,
daily_curve,4.0,55.0,15,0.5,0.3,276,0.8245974742932533,6.372594305981139e-05,,,,,,
daily_curve,4.0,55.0,15,0.5,0.3,277,0.8013520118385166,5.000177385472426e-05,,,,,,
daily_curve,4.0,55.0,15,0.5,0.3,278,0.7785044412689434,3.914829813922438e-05,,,,,,
daily_curve,4.0,55.0,15,0.5,0.3,279,0.7560583062056172,3.05846393762188e-05,,,,,,
daily_curve,4.0,55.0,15,0.5,0.3,280,0.7340166563681365,2.3843014115842998e-05,,,,,,
daily_curve,4.0,55.0,15,0.5,0.3,281,0.7123820578401375,1.8547708453220402e-05,,,,,,
daily_curve,4.0,55.0,15,0.5,0.3,282,0.69115660382474,1.439774225553414e-05,,,,,,
daily_curve,4.0,55.0,15,0.5,0.3,283,0.6703419258546334,1.1152622970911352e-05,,,,,,
daily_curve,4.0,55.0,15,0.5,0.3,284,0.6499392054215009,8.620676990367393e-06,,,,,,
daily_curve,4.0,55.0,15,0.5,0.3,285,0.6299491859895766,6.649522793833462e-06,,,,,,
daily_curve,4.0,55.0,15,0.5,0.3,286,0.6103721853583137,5.11831699534504e-06,,,,,,
daily_curve,4.0,55.0,15,0.5,0.3,287,0.5912081083393961,3.9314625601694075e-06,,,,,,
daily_curve,4.0,55.0,15,0.5,0.3,288,0.5724564597136872,3.01351866183186e-06,,,,,,
daily_curve,4.0,55.0,15,0.5,0.3,289,0.554116357434121,2.3050947017821954e-06,,,,,,
daily_curve,4.0,55.0,15,0.5,0.3,290,0.5361865460410566,1.759547693325203e-06,,,,,,
daily_curve,4.0,55.0,15,0.5,0.3,291,0.5186654102571758,1.3403333134487383e-06,,,,,,
daily_curve,4.0,55.0,15,0.5,0.3,292,0.5015509887296602,1.018887139880853e-06,,,,,,
daily_curve,4.0,55.0,15,0.5,0.3,293,0.48484098788806684,7.729345943285892e-07,,,,,,
daily_curve,4.0,55.0,15,0.5,0.3,294,0.4685327958871115,5.851464898176673e-07,,,,,,
daily_curve,4.0,55.0,15,0.5,0.3,295,0.45262349660435564,4.4207235994075944e-07,,,,,,
daily_curve,4.0,55.0,15,0.5,0.3,296,0.4371098836636945,3.3329641224710826e-07,,,,,,
daily_curve,4.0,55.0,15,0.5,0.3,297,0.4219884744564299,2.507713813271195e-07,,,,,,
daily_curve,4.0,55.0,15,0.5,0.3,298,0.4072555241326949,1.997963590127938e-07,,,,,,
daily_curve,4.0,55.0,15,0.5,0.3,299,0.3929070395369752,1.6856283358013258e-07,,,,,,
daily_curve,4.0,55.0,15,0.5,0.3,300,0.37893879306251554,1.4192196728934903e-07,,,,,,
daily_curve,4.0,55.0,15,0.5,0.3,301,0.3653463364004512,1.1924764897752738e-07,,,,,,
daily_curve,4.0,55.0,15,0.5,0.3,302,0.3521250141605991,9.999107819513853e-08,,,,,,
daily_curve,4.0,55.0,15,0.5,0.3,303,0.3392699773419404,8.367248816032458e-08,,,,,,
daily_curve,4.0,55.0,15,0.5,0.3,304,0.32677619663196805,6.987355982701615e-08,,,,,,
daily_curve,4.0,55.0,15,0.5,0.3,305,0.31463847551518853,5.8230499866418484e-08,,,,,,
daily_curve,4.0,55.0,15,0.5,0.3,306,0.30285146317224315,4.8427751475621506e-08,,,,,,
daily_curve,4.0,55.0,15,0.5,0.3,307,0.29140966715224875,4.019230070984037e-08,,,,,,
daily_curve,4.0,55.0,15,0.5,0.3,308,0.2803074658021251,3.328854458750641e-08,,,,,,
daily_curve,4.0,55.0,15,0.5,0.3,309,0.2695391204378303,2.75136808891574e-08,,,,,,
daily_curve,4.0,55.0,15,0.5,0.3,310,0.2590987872435817,2.2693582790722644e-08,,,,,,
daily_curve,4.0,55.0,15,0.5,0.3,311,0.24898052888628164,1.8679120361575485e-08,,,,,,
daily_curve,4.0,55.0,15,0.5,0.3,312,0.23917832583350326,1.5342892178971113e-08,,,,,,
daily_curve,4.0,55.0,15,0.5,0.3,313,0.22968608736451263,1.3358044226308152e-08,,,,,,
daily_curve,4.0,55.0,15,0.5,0.3,314,0.22049766226491183,1.2327068144024622e-08,,,,,,
daily_curve,4.0,55.0,15,0.5,0.3,315,0.21160684919657016,1.1351848128171582e-08,,,,,,
daily_curve,4.0,55.0,15,0.5,0.3,316,0.20300740673557863,1.043184894022886e-08,,,,,,
daily_curve,4.0,55.0,15,0.5,0.3,317,0.19469306307200168,9.566255898540987e-09,,,,,,
daily_curve,4.0,55.0,15,0.5,0.3,318,0.1866575253662228,8.754002744915113e-09,,,,,,
daily_curve,4.0,55.0,15,0.5,0.3,319,0.17889448875766215,7.993800177352739e-09,,,,,,
daily_curve,4.0,55.0,15,0.5,0.3,320,0.17139764502260837,7.284164271759153e-09,,,,,,
daily_curve,4.0,55.0,15,0.5,0.3,321,0.1641606908788367,6.623444015474433e-09,,,,,,
daily_curve,4.0,55.0,15,0.5,0.3,322,0.15717733593557442,6.009848396715256e-09,,,,,,
daily_curve,4.0,55.0,15,0.5,0.3,323,0.15044131028825,5.441472605838271e-09,,,,,,
daily_curve,4.0,55.0,15,0.5,0.3,324,0.14394637175827796,4.9163227933135545e-09,,,,,,
daily_curve,4.0,55.0,15,0.5,0.3,325,0.1376863127789337,4.432339717475031e-09,,,,,,
daily_curve,4.0,55.0,15,0.5,0.3,326,0.13165496692912085,3.987420615914061e-09,,,,,,
daily_curve,4.0,55.0,15,0.5,0.3,327,0.12584621511756064,3.579439744605395e-09,,,,,,
daily_curve,4.0,55.0,15,0.5,0.3,328,0.1202539914206078,3.4056508724233936e-09,,,,,,
daily_curve,4.0,55.0,15,0.5,0.3,329,0.11487228857754542,3.4343504706768613e-09,,,,,,
daily_curve,4.0,55.0,15,0.5,0.3,330,0.10969516314781295,3.455774444383053e-09,,,,,,
daily_curve,4.0,55.0,15,0.5,0.3,331,0.1047167403351933,3.4697636985825397e-09,,,,,,
daily_curve,4.0,55.0,15,0.5,0.3,332,0.09993121848450982,3.4762063227944395e-09,,,,,,
daily_curve,4.0,55.0,15,0.5,0.3,333,0.09533287325687811,3.475039145328651e-09,,,,,,
daily_curve,4.0,55.0,15,0.5,0.3,334,0.09091606149000793,3.466248399419669e-09,,,,,,
daily_curve,4.0,55.0,15,0.5,0.3,335,0.0866752247504698,3.4498708334496087e-09,,,,,,
daily_curve,4.0,55.0,15,0.5,0.3,336,0.08260489258521761,3.4259926007251806e-09,,,,,,
daily_curve,4.0,55.0,15,0.5,0.3,337,0.07869968548000206,3.3947491484553893e-09,,,,,,
daily_curve,4.0,55.0,15,0.5,0.3,338,0.07495431753261673,3.3563241075285077e-09,,,,,,
daily_curve,4.0,55.0,15,0.5,0.3,339,0.07136359884919226,3.310946961043726e-09,,,,,,
daily_curve,4.0,55.0,15,0.5,0.3,340,0.06792243767199038,3.2588912679543114e-09,,,,,,
daily_curve,4.0,55.0,15,0.5,0.3,341,0.06462584224735711,3.2004717764877455e-09,,,,,,
daily_curve,4.0,55.0,15,0.5,0.3,342,0.06146892244266625,3.1360412044989516e-09,,,,,,
daily_curve,4.0,55.0,15,0.5,0.3,343,0.05844689112122609,3.2566527252697597e-09,,,,,,
daily_curve,4.0,55.0,15,0.5,0.3,344,0.05555506528423683,3.584100127795864e-09,,,,,,
daily_curve,4.0,55.0,15,0.5,0.3,345,0.05278886698896622,3.935534675925112e-09,,,,,,
daily_curve,4.0,55.0,15,0.5,0.3,346,0.050143824052369286,4.3116087367067735e-09,,,,,,
daily_curve,4.0,55.0,15,0.5,0.3,347,0.0476155705494048,4.712854329014249e-09,,,,,,
daily_curve,4.0,55.0,15,0.5,0.3,348,0.04519984711530726,5.13966469384286e-09,,,,,,
daily_curve,4.0,55.0,15,0.5,0.3,349,0.042892501061050574,5.5922776409644825e-09,,,,,,
daily_curve,4.0,55.0,15,0.5,0.3,350,0.04068948631119866,6.070756786158427e-09,,,,,,
daily_curve,4.0,55.0,15,0.5,0.3,351,0.03858686317327153,6.574975563999885e-09,,,,,,
daily_curve,4.0,55.0,15,0.5,0.3,352,0.03658079794767263,7.104600463492261e-09,,,,,,
daily_curve,4.0,55.0,15,0.5,0.3,353,0.0346675623871181,7.659076040056334e-09,,,,,,
daily_curve,4.0,55.0,15,0.5,0.3,354,0.03284353301438766,8.237611481831664e-09,,,,,,
daily_curve,4.0,55.0,15,0.5,0.3,355,0.031105190307078454,8.83916850824562e-09,,,,,,
daily_curve,4.0,55.0,15,0.5,0.3,356,0.029449117757891243,9.462451933117677e-09,,,,,,
daily_curve,4.0,55.0,15,0.5,0.3,357,0.027872000818809726,1.0105902337187445e-08,,,,,,
daily_curve,4.0,55.0,15,0.5,0.3,358,0.02637062573735541,1.1437308211625918e-08,,,,,,
daily_curve,4.0,55.0,15,0.5,0.3,359,0.024941878292908396,1.3716611069192197e-08,,,,,,
daily_curve,4.0,55.0,15,0.5,0.3,360,0.023582742440882595,1.6411180525643942e-08,,,,,,
daily_curve,4.0,55.0,15,0.5,0.3,361,0.022290298872334198,1.9588436206419146e-08,,,,,,
daily_curve,4.0,55.0,15,0.5,0.3,362,0.0210617234963614,2.3325104292482024e-08,,,,,,
daily_curve,4.0,55.0,15,0.5,0.3,363,0.019894285852429184,2.7708195515785405e-08,,,,,,
daily_curve,4.0,55.0,15,0.5,0.3,364,0.018785347459518906,3.283603000614477e-08,,,,,,
daily_curve,4.0,55.0,15,0.5,0.3,365,0.01773236010876728,3.8819302217163454e-08,,,,,,
daily_curve,4.0,55.0,15,0.5,0.4,1,0.01434245494801425,1.927958348524328e-08,,,,,,
daily_curve,4.0,55.0,15,0.5,0.4,2,0.01352955983181842,2.273106625150234e-08,,,,,,
daily_curve,4.0,55.0,15,0.5,0.4,3,0.012758519224522435,2.6736999836352027e-08,,,,,,
daily_curve,4.0,55.0,15,0.5,0.4,4,0.012027443036611875,3.137427206922894e-08,,,,,,
daily_curve,4.0,55.0,15,0.5,0.4,5,0.011334510696181676,3.672824566702815e-08,,,,,,
daily_curve,4.0,55.0,15,0.5,0.4,6,0.010677969503077506,4.2893321450243604e-08,,,,,,
daily_curve,4.0,55.0,15,0.5,0.4,7,0.010056132968692623,4.997347746726888e-08,,,,,,
daily_curve,4.0,55.0,15,0.5,0.4,8,0.010056132968692623,6.16947979370508e-08,,,,,,
daily_curve,4.0,55.0,15,0.5,0.4,9,0.010677969503077506,8.070752921529589e-08,,,,,,
daily_curve,4.0,55.0,15,0.5,0.4,10,0.011334510696181676,1.0532520577921645e-07,,,,,,
daily_curve,4.0,55.0,15,0.5,0.4,11,0.012027443036611875,1.3712000279664238e-07,,,,,,
daily_curve,4.0,55.0,15,0.5,0.4,12,0.012758519224522435,1.7808077223957497e-07,,,,,,
daily_curve,4.0,55.0,15,0.5,0.4,13,0.01352955983181842,2.3071640042893193e-07,,,,,,
daily_curve,4.0,55.0,15,0.5,0.4,14,0.01434245494801425,2.98182836422356e-07,,,,,,
daily_curve,4.0,55.0,15,0.5,0.4,15,0.01519916580751481,3.844386874396477e-07,,,,,,
daily_curve,4.0,55.0,15,0.5,0.4,16,0.01610172639387335,4.944351662539148e-07,,,,,,
daily_curve,4.0,55.0,15,0.5,0.4,17,0.017052245016367873,6.343471782299659e-07,,,,,,
daily_curve,4.0,55.0,15,0.5,0.4,18,0.018052905854024057,8.118534889911544e-07,,,,,,
daily_curve,4.0,55.0,15,0.5,0.4,19,0.01910597046200074,1.036475206883658e-06,,,,,,
daily_curve,4.0,55.0,15,0.5,0.4,20,0.020213779235042226,1.319983271130809e-06,,,,,,
daily_curve,4.0,55.0,15,0.5,0.4,21,0.02137875282249291,1.6768872516115252e-06,,,,,,
daily_curve,4.0,55.0,15,0.5,0.4,22,0.022603393489161783,2.125019553989027e-06,,,,,,
daily_curve,4.0,55.0,15,0.5,0.4,23,0.023890286416122623,2.686231075799128e-06,,,,,,
daily_curve,4.0,55.0,15,0.5,0.4,24,0.025242100935335354,3.387216475081445e-06,,,,,,
daily_curve,4.0,55.0,15,0.5,0.4,25,0.026661591691781533,4.260489481877627e-06,,,,,,
daily_curve,4.0,55.0,15,0.5,0.4,26,0.028151599726617994,5.345531078781995e-06,,,,,,
daily_curve,4.0,55.0,15,0.5,0.4,27,0.02971505347467266,6.690135889164672e-06,,,,,,
daily_curve,4.0,55.0,15,0.5,0.4,28,0.031354969669433685,8.351984677301694e-06,,,,,,
daily_curve,4.0,55.0,15,0.5,0.4,29,0.03307445414851846,1.0400473465344007e-05,,,,,,
daily_curve,4.0,55.0,15,0.5,0.4,30,0.03487670255245599,1.2918832317021511e-05,,,,,,
daily_curve,4.0,55.0,15,0.5,0.4,31,0.03676500090947192,1.60065692692557e-05,,,,,,
daily_curve,4.0,55.0,15,0.5,0.4,32,0.03874272609883479,1.978227711840752e-05,,,,,,
daily_curve,4.0,55.0,15,0.5,0.4,33,0.040813346185204116,2.438684266392599e-05,,,,,,
daily_curve,4.0,55.0,15,0.5,0.4,34,0.04298042061631653,2.9987099479322765e-05,,,,,,
daily_curve,4.0,55.0,15,0.5,0.4,35,0.04524760027625676,3.677996616013868e-05,,,,,,
daily_curve,4.0,55.0,15,0.5,0.4,36,0.04761862738648871,4.4997112141897944e-05,,,,,,
daily_curve,4.0,55.0,15,0.5,0.4,37,0.05009733524676522,5.491019242598316e-05,,,,,,
daily_curve,4.0,55.0,15,0.5,0.4,38,0.05268764780799965,6.683669070284282e-05,,,,,,
daily_curve,4.0,55.0,15,0.5,0.4,39,0.05539357906916324,8.11464072499879e-05,,,,,,
daily_curve,4.0,55.0,15,0.5,0.4,40,0.05821923229027747,9.82686234017871e-05,,,,,,
daily_curve,4.0,55.0,15,0.5,0.4,41,0.061168799013593365,0.0001186999681515033,,,,,,
daily_curve,4.0,55.0,15,0.5,0.4,42,0.06424655788510006,0.00014301300438746,,,,,,
daily_curve,4.0,55.0,15,0.5,0.4,43,0.06745687326857319,0.0001718655421950599,,,,,,
daily_curve,4.0,55.0,15,0.5,0.4,44,0.07080419364447224,0.0002060106744631307,,,,,,
daily_curve,4.0,55.0,15,0.5,0.4,45,0.07429304978611698,0.0002463075156006189,,,,,,
daily_curve,4.0,55.0,15,0.5,0.4,46,0.07792805270572108,0.0002937326074394786,,,,,,
daily_curve,4.0,55.0,15,0.5,0.4,47,0.08171389136303839,0.00034939193738958707,,,,,,
daily_curve,4.0,55.0,15,0.5,0.4,48,0.08565533012957985,0.0004145334926758393,,,,,,
daily_curve,4.0,55.0,15,0.5,0.4,49,0.08975720600159427,0.0004905602511889873,,,,,,
daily_curve,4.0,55.0,15,0.5,0.4,50,0.09402442555526826,0.0005790434843570003,,,,,,
daily_curve,4.0,55.0,15,0.5,0.4,51,0.09846196163789608,0.0006817362208388911,,,,,,
daily_curve,4.0,55.0,15,0.5,0.4,52,0.10307484978909241,0.0008005866922013993,,,,,,
daily_curve,4.0,55.0,15,0.5,0.4,53,0.10786818438648056,0.0009377515536220793,,,,,,
daily_curve,4.0,55.0,15,0.5,0.4,54,0.11284711451067501,0.0010956086447410085,,,,,,
daily_curve,4.0,55.0,15,0.5,0.4,55,0.11801683952480033,0.0012767690288338907,,,,,,
daily_curve,4.0,55.0,15,0.5,0.4,56,0.12338260436423824,0.0014840880233824016,,,,,,
daily_curve,4.0,55.0,15,0.5,0.4,57,0.1289496945327857,0.0017206749128354515,,,,,,
daily_curve,4.0,55.0,15,0.5,0.4,58,0.13472343080192092,0.0019899010159244446,,,,,,
daily_curve,4.0,55.0,15,0.5,0.4,59,0.14070916361043145,0.0022954057663855387,,,,,,
daily_curve,4.0,55.0,15,0.5,0.4,60,0.14691226716223574,0.00264110045844268,,,,,,
daily_curve,4.0,55.0,15,0.5,0.4,61,0.15333813322085327,0.0030311693079734248,,,,,,
daily_curve,4.0,55.0,15,0.5,0.4,62,0.15999216459961954,0.003470067487899575,,,,,,
daily_curve,4.0,55.0,15,0.5,0.4,63,0.16687976834743,0.003962515812903078,,,,,,
daily_curve,4.0,55.0,15,0.5,0.4,64,0.17400634863049597,0.004513491774756351,,,,,,
daily_curve,4.0,55.0,15,0.5,0.4,65,0.18137729931134586,0.005128216665881591,,,,,,
daily_curve,4.0,55.0,15,0.5,0.4,66,0.18899799622706728,0.005812138575438941,,,,,,
daily_curve,4.0,55.0,15,0.5,0.4,67,0.19687378916958226,0.006570911099204713,,,,,,
daily_curve,4.0,55.0,15,0.5,0.4,68,0.20500999357157423,0.007410367671311202,,,,,,
daily_curve,4.0,55.0,15,0.5,0.4,69,0.2134118819025271,0.008336491501768628,,,,,,
daily_curve,4.0,55.0,15,0.5,0.4,70,0.22208467478021288,0.009355381187376666,,,,,,
daily_curve,4.0,55.0,15,0.5,0.4,71,0.23103353180385452,0.010473212153550016,,,,,,
daily_curve,4.0,55.0,15,0.5,0.4,72,0.24026354211610726,0.011696194178768438,,,,,,
daily_curve,4.0,55.0,15,0.5,0.4,73,0.24977971470192753,0.013030525349469246,,,,,,
daily_curve,4.0,55.0,15,0.5,0.4,74,0.2595869684333513,0.014482342888638366,,,,,,
daily_curve,4.0,55.0,15,0.5,0.4,75,0.2696901218701616,0.016057671393285622,,,,,,
daily_curve,4.0,55.0,15,0.5,0.4,76,0.28009388282740116,0.017762369101464004,,,,,,
daily_curve,4.0,55.0,15,0.5,0.4,77,0.2908028377216632,0.0196020728855526,,,,,,
daily_curve,4.0,55.0,15,0.5,0.4,78,0.30182144070908495,0.021582142732309406,,,,,,
daily_curve,4.0,55.0,15,0.5,0.4,79,0.3131540026289582,0.02370760651908954,,,,,,
daily_curve,4.0,55.0,15,0.5,0.4,80,0.3248046797678705,0.025983105927348316,,,,,,
daily_curve,4.0,55.0,15,0.5,0.4,81,0.33677746246026447,0.02841284434730529,,,,,,
daily_curve,4.0,55.0,15,0.5,0.4,82,0.3490761635423099,0.031000537620221147,,,,,,
daily_curve,4.0,55.0,15,0.5,0.4,83,0.3617044066769399,0.033749368436561844,,,,,,
daily_curve,4.0,55.0,15,0.5,0.4,84,0.37466561456888103,0.03666194515954757,,,,,,
daily_curve,4.0,55.0,15,0.5,0.4,85,0.3879629970894477,0.03974026577507883,,,,,,
daily_curve,4.0,55.0,15,0.5,0.4,86,0.40159953933180986,0.0429856875824135,,,,,,
daily_curve,4.0,55.0,15,0.5,0.4,87,0.415577989618343,0.046398903137494285,,,,,,
daily_curve,4.0,55.0,15,0.5,0.4,88,0.42990084748256585,0.049979922845377334,,,,,,
daily_curve,4.0,55.0,15,0.5,0.4,89,0.4445703516490079,0.053728064473117065,,,,,,
daily_curve,4.0,55.0,15,0.5,0.4,90,0.4595884680351914,0.057641949723418406,,,,,,
daily_curve,4.0,55.0,15,0.5,0.4,91,0.47495687780067514,0.06171950787622682,,,,,,
daily_curve,4.0,55.0,15,0.5,0.4,92,0.4906769654688748,0.06595798637410566,,,,,,
daily_curve,4.0,55.0,15,0.5,0.4,93,0.5067498071480537,0.07035396810147854,,,,,,
daily_curve,4.0,55.0,15,0.5,0.4,94,0.5231761588785546,0.07490339499107634,,,,,,
daily_curve,4.0,55.0,15,0.5,0.4,95,0.5399564451339228,0.07960159748625295,,,,,,
daily_curve,4.0,55.0,15,0.5,0.4,96,0.5570907475041437,0.08444332929774179,,,,,,
daily_curve,4.0,55.0,15,0.5,0.4,97,0.5745787935896858,0.0894228068197922,,,,,,
daily_curve,4.0,55.0,15,0.5,0.4,98,0.5924199461354914,0.09453375251472662,,,,,,
daily_curve,4.0,55.0,15,0.5,0.4,99,0.6106131924344036,0.09976944153733558,,,,,,
daily_curve,4.0,55.0,15,0.5,0.4,100,0.6291571340298313,0.10512275085113543,,,,,,
daily_curve,4.0,55.0,15,0.5,0.4,101,0.6480499767476718,0.11058621008666314,,,,,,
daily_curve,4.0,55.0,15,0.5,0.4,102,0.6672895210876658,0.1161520534064936,,,,,,
daily_curve,4.0,55.0,15,0.5,0.4,103,0.6868731530044428,0.1218122716708937,,,,,,
daily_curve,4.0,55.0,15,0.5,0.4,104,0.7067978351085028,0.12755866424002993,,,,,,
daily_curve,4.0,55.0,15,0.5,0.4,105,0.7270600983173098,0.1333828898012135,,,,,,
daily_curve,4.0,55.0,15,0.5,0.4,106,0.747656033986493,0.1392765156705088,,,,,,
daily_curve,4.0,55.0,15,0.5,0.4,107,0.7685812865509171,0.14523106508480255,,,,,,
daily_curve,4.0,55.0,15,0.5,0.4,108,0.7898310467050228,0.15123806207087298,,,,,,
daily_curve,4.0,55.0,15,0.5,0.4,109,0.8114000451514374,0.15728907354998423,,,,,,
daily_curve,4.0,55.0,15,0.5,0.4,110,0.8332825469463113,0.1633757484081375,,,,,,
daily_curve,4.0,55.0,15,0.5,0.4,111,0.8554723464692551,0.1694898533316449,,,,,,
daily_curve,4.0,55.0,15,0.5,0.4,112,0.8779627630450274,0.17562330527375225,,,,,,
daily_curve,4.0,55.0,15,0.5,0.4,113,0.9007466372433589,0.1817682004794755,,,,,,
daily_curve,4.0,55.0,15,0.5,0.4,114,0.9238163278823861,0.18791684005178266,,,,,,
daily_curve,4.0,55.0,15,0.5,0.4,115,0.947163709760225,0.19406175209216192,,,,,,
daily_curve,4.0,55.0,15,0.5,0.4,116,0.9707801721381191,0.20019571049211937,,,,,,
daily_curve,4.0,55.0,15,0.5,0.4,117,0.994656617997465,0.20631175048914074,,,,,,
daily_curve,4.0,55.0,15,0.5,0.4,118,1.0187834640917521,0.21240318113117052,,,,,,
daily_curve,4.0,55.0,15,0.5,0.4,119,1.0431506418131373,0.21846359481798172,,,,,,
daily_curve,4.0,55.0,15,0.5,0.4,120,1.0677475988919436,0.22448687410623192,,,,,,
daily_curve,4.0,55.0,15,0.5,0.4,121,1.0925633019458714,0.23046719597801146,,,,,,
daily_curve,4.0,55.0,15,0.5,0.4,122,1.1175862398941354,0.23639903378078064,,,,,,
daily_curve,4.0,55.0,15,0.5,0.4,123,1.1428044282500578,0.24227715705031094,,,,,,
daily_curve,4.0,55.0,15,0.5,0.4,124,1.168205414303932,0.24809662942817567,,,,,,
daily_curve,4.0,55.0,15,0.5,0.4,125,1.193776283206141,0.253852804882014,,,,,,
daily_curve,4.0,55.0,15,0.5,0.4,126,1.2195036649586526,0.2595413224307932,,,,,,
daily_curve,4.0,55.0,15,0.5,0.4,127,1.245373742321052,0.2651580995691082,,,,,,
daily_curve,4.0,55.0,15,0.5,0.4,128,1.2713722596352932,0.2706993245746825,,,,,,
daily_curve,4.0,55.0,15,0.5,0.4,129,1.2974845325712656,0.27616144787209096,,,,,,
daily_curve,4.0,55.0,15,0.5,0.4,130,1.3236954587931946,0.28154117261370915,,,,,,
daily_curve,4.0,55.0,15,0.5,0.4,131,1.34998952954471,0.2868354446263389,,,,,,
daily_curve,4.0,55.0,15,0.5,0.4,132,1.3763508421482624,0.2920414418591606,,,,,,
daily_curve,4.0,55.0,15,0.5,0.4,133,1.4027631134123004,0.29715656345586206,,,,,,
daily_curve,4.0,55.0,15,0.5,0.4,134,1.429209693937412,0.30217841856120276,,,,,,
daily_curve,4.0,55.0,15,0.5,0.4,135,1.4556735833103203,0.30710481496003394,,,,,,
daily_curve,4.0,55.0,15,0.5,0.4,136,1.4821374461723753,0.31193374763506365,,,,,,
daily_curve,4.0,55.0,15,0.5,0.4,137,1.5085836291468464,0.3166633873184985,,,,,,
daily_curve,4.0,55.0,15,0.5,0.4,138,1.5349941786070564,0.3212920691021993,,,,,,
daily_curve,4.0,55.0,15,0.5,0.4,139,1.5613508592650847,0.3258182811611797,,,,,,
daily_curve,4.0,55.0,15,0.5,0.4,140,1.587635173558499,0.33024065363619537,,,,,,
daily_curve,4.0,55.0,15,0.5,0.4,141,1.6138283818103045,0.334557947712802,,,,,,
daily_curve,4.0,55.0,15,0.5,0.4,142,1.6399115231350725,0.3387690449266101,,,,,,
daily_curve,4.0,55.0,15,0.5,0.4,143,1.6658654370620107,0.3428729367175056,,,,,,
daily_curve,4.0,55.0,15,0.5,0.4,144,1.69167078584357,0.3468687142493042,,,,,,
daily_curve,4.0,55.0,15,0.5,0.4,145,1.7173080774160823,0.3507555585056419,,,,,,
daily_curve,4.0,55.0,15,0.5,0.4,146,1.742757688976858,0.3545327306678189,,,,,,
daily_curve,4.0,55.0,15,0.5,0.4,147,1.7679998911401846,0.3581995627757799,,,,,,
daily_curve,4.0,55.0,15,0.5,0.4,148,1.793014872632739,0.36175544866937115,,,,,,
daily_curve,4.0,55.0,15,0.5,0.4,149,1.8177827654870808,0.3651998352034359,,,,,,
daily_curve,4.0,55.0,15,0.5,0.4,150,1.8422836706901249,0.3685322137271321,,,,,,
daily_curve,4.0,55.0,15,0.5,0.4,151,1.8664976842418157,0.37175211181504675,,,,,,
daily_curve,4.0,55.0,15,0.5,0.4,152,1.8904049235776466,0.3748590852351944,,,,,,
daily_curve,4.0,55.0,15,0.5,0.4,153,1.9139855543071806,0.37785271013677646,,,,,,
daily_curve,4.0,55.0,15,0.5,0.4,154,1.9372198172193713,0.3807325754386168,,,,,,
daily_curve,4.0,55.0,15,0.5,0.4,155,1.9600880555042015,0.38349827539742354,,,,,,
daily_curve,4.0,55.0,15,0.5,0.4,156,1.982570742139035,0.38614940233344053,,,,,,
daily_curve,4.0,55.0,15,0.5,0.4,157,2.004648507387053,0.3886855394896024,,,,,,
daily_curve,4.0,55.0,15,0.5,0.4,158,2.026302166354244,0.39110625399896637,,,,,,
daily_curve,4.0,55.0,15,0.5,0.4,159,2.0475127465506824,0.39341108993394136,,,,,,
daily_curve,4.0,55.0,15,0.5,0.4,160,2.068261515401175,0.3955995614096468,,,,,,
daily_curve,4.0,55.0,15,0.5,0.4,161,2.0885300076499034,0.3976711457125799,,,,,,
daily_curve,4.0,55.0,15,0.5,0.4,162,2.1083000526033193,0.39962527642465207,,,,,,
daily_curve,4.0,55.0,15,0.5,0.4,163,2.1275538011553765,0.4014613365115465,,,,,,
daily_curve,4.0,55.0,15,0.5,0.4,164,2.1462737525391087,0.4031786513432384,,,,,,
daily_curve,4.0,55.0,15,0.5,0.4,165,2.1644427807486784,0.40477648161342217,,,,,,
daily_curve,4.0,55.0,15,0.5,0.4,166,2.182044160576258,0.406254016123479,,,,,,
daily_curve,4.0,55.0,15,0.5,0.4,167,2.199061593208504,0.40761036439552045,,,,,,
daily_curve,4.0,55.0,15,0.5,0.4,168,2.215479231327926,0.4088445490779691,,,,,,
daily_curve,4.0,55.0,15,0.5,0.4,169,2.2312817036651613,0.409955498106095,,,,,,
daily_curve,4.0,55.0,15,0.5,0.4,170,2.2464541389489954,0.4109420365789671,,,,,,
daily_curve,4.0,55.0,15,0.5,0.4,171,2.2609821892019704,0.4118028783134311,,,,,,
daily_curve,4.0,55.0,15,0.5,0.4,172,2.2748520523305626,0.41253661703505384,,,,,,
daily_curve,4.0,55.0,15,0.5,0.4,173,2.2880504939601884,0.4131417171655557,,,,,,
daily_curve,4.0,55.0,15,0.5,0.4,174,2.3005648684667204,0.41361650416618023,,,,,,
daily_curve,4.0,55.0,15,0.5,0.4,175,2.3123831391577627,0.4139591543968556,,,,,,
daily_curve,4.0,55.0,15,0.5,0.4,176,2.3234938975586172,0.41416768445202756,,,,,,
daily_curve,4.0,55.0,15,0.5,0.4,177,2.3338863817596995,0.41423993993590136,,,,,,
daily_curve,4.0,55.0,15,0.5,0.4,178,2.343550493784123,0.41417358364273915,,,,,,
daily_curve,4.0,55.0,15,0.5,0.4,179,2.3524768159362126,0.4139660831121339,,,,,,
daily_curve,4.0,55.0,15,0.5,0.4,180,2.3606566260939066,0.41361469753516944,,,,,,
daily_curve,4.0,55.0,15,0.5,0.4,181,2.3680819119102985,0.4131164639955348,,,,,,
daily_curve,4.0,55.0,15,0.5,0.4,182,2.3747453838919403,0.4124681830405117,,,,,,
daily_curve,4.0,55.0,15,0.5,0.4,183,2.380640487324035,0.4116664035909601,,,,,,
daily_curve,4.0,55.0,15,0.5,0.4,184,2.3857614130152074,0.4107074072177671,,,,,,
daily_curve,4.0,55.0,15,0.5,0.4,185,2.3901031068371963,0.40958719183562586,,,,,,
daily_curve,4.0,55.0,15,0.5,0.4,186,2.393661278037539,0.4083014548945977,,,,,,
daily_curve,4.0,55.0,15,0.5,0.4,187,2.396432406306115,0.406845576187005,,,,,,
daily_curve,4.0,55.0,15,0.5,0.4,188,2.3984137475792444,0.4052146004333199,,,,,,
daily_curve,4.0,55.0,15,0.5,0.4,189,2.3996033385679634,0.40340321986770533,,,,,,
daily_curve,4.0,55.0,15,0.5,0.4,190,2.4,0.4014057571137466,,,,,,
daily_curve,4.0,55.0,15,0.5,0.4,191,2.3996033385679634,0.39921614872609823,,,,,,
daily_curve,4.0,55.0,15,0.5,0.4,192,2.3984137475792444,0.396827929876868,,,,,,
daily_curve,4.0,55.0,15,0.5,0.4,193,2.396432406306115,0.3942342207895193,,,,,,
daily_curve,4.0,55.0,15,0.5,0.4,194,2.393661278037539,0.3914277156710013,,,,,,
daily_curve,4.0,55.0,15,0.5,0.4,195,2.3901031068371963,0.3884006750679646,,,,,,
daily_curve,4.0,55.0,15,0.5,0.4,196,2.3857614130152074,0.3851449227785092,,,,,,
daily_curve,4.0,55.0,15,0.5,0.4,197,2.380640487324035,0.3816518486898173,,,,,,
daily_curve,4.0,55.0,15,0.5,0.4,198,2.3747453838919403,0.37791241918650254,,,,,,
daily_curve,4.0,55.0,15,0.5,0.4,199,2.3680819119102985,0.3739171970856078,,,,,,
daily_curve,4.0,55.0,15,0.5,0.4,200,2.3606566260939066,0.3696563734010254,,,,,,
daily_curve,4.0,55.0,15,0.5,0.4,201,2.3524768159362126,0.3651198136189592,,,,,,
daily_curve,4.0,55.0,15,0.5,0.4,202,2.343550493784123,0.3602971215690036,,,,,,
daily_curve,4.0,55.0,15,0.5,0.4,203,2.3338863817596995,0.3551777243888662,,,,,,
daily_curve,4.0,55.0,15,0.5,0.4,204,2.3234938975586172,0.3497509824834115,,,,,,
daily_curve,4.0,55.0,15,0.5,0.4,205,2.3123831391577627,0.34400632873934756,,,,,,
daily_curve,4.0,55.0,15,0.5,0.4,206,2.3005648684667204,0.3379334415318048,,,,,,
daily_curve,4.0,55.0,15,0.5,0.4,207,2.2880504939601884,0.33152245618959486,,,,,,
daily_curve,4.0,55.0,15,0.5,0.4,208,2.2748520523305626,0.3247642194960497,,,,,,
daily_curve,4.0,55.0,15,0.5,0.4,209,2.2609821892019704,0.317650591397305,,,,,,
daily_curve,4.0,55.0,15,0.5,0.4,210,2.2464541389489954,0.3101747972564325,,,,,,
daily_curve,4.0,55.0,15,0.5,0.4,211,2.2312817036651613,0.302331832601229,,,,,,
daily_curve,4.0,55.0,15,0.5,0.4,212,2.215479231327926,0.2941189202287109,,,,,,
daily_curve,4.0,55.0,15,0.5,0.4,213,2.199061593208504,0.28553601661831385,,,,,,
daily_curve,4.0,55.0,15,0.5,0.4,214,2.182044160576258,0.2765863607617395,,,,,,
daily_curve,4.0,55.0,15,0.5,0.4,215,2.1644427807486784,0.26727705368835764,,,,,,
daily_curve,4.0,55.0,15,0.5,0.4,216,2.1462737525391087,0.25761965119194286,,,,,,
daily_curve,4.0,55.0,15,0.5,0.4,217,2.1275538011553765,0.24763074572600585,,,,,,
daily_curve,4.0,55.0,15,0.5,0.4,218,2.1083000526033193,0.23733250649437565,,,,,,
daily_curve,4.0,55.0,15,0.5,0.4,219,2.0885300076499034,0.22675314000843372,,,,,,
daily_curve,4.0,55.0,15,0.5,0.4,220,2.068261515401175,0.21592722764242156,,,,,,
daily_curve,4.0,55.0,15,0.5,0.4,221,2.0475127465506824,0.2048958930461412,,,,,,
daily_curve,4.0,55.0,15,0.5,0.4,222,2.026302166354244,0.19370675186877573,,,,,,
daily_curve,4.0,55.0,15,0.5,0.4,223,2.004648507387053,0.1824136003062078,,,,,,
daily_curve,4.0,55.0,15,0.5,0.4,224,1.982570742139035,0.17107580848492654,,,,,,
daily_curve,4.0,55.0,15,0.5,0.4,225,1.9600880555042015,0.15975740012393336,,,,,,
daily_curve,4.0,55.0,15,0.5,0.4,226,1.9372198172193713,0.14852582098535605,,,,,,
daily_curve,4.0,55.0,15,0.5,0.4,227,1.9139855543071806,0.13745042405888508,,,,,,
daily_curve,4.0,55.0,15,0.5,0.4,228,1.8904049235776466,0.12660072689123414,,,,,,
daily_curve,4.0,55.0,15,0.5,0.4,229,1.8664976842418157,0.11604452273329635,,,,,,
daily_curve,4.0,55.0,15,0.5,0.4,230,1.8422836706901249,0.10584594850748452,,,,,,
daily_curve,4.0,55.0,15,0.5,0.4,231,1.8177827654870808,0.09606362541052793,,,,,,
daily_curve,4.0,55.0,15,0.5,0.4,232,1.793014872632739,0.08674898955476662,,,,,,
daily_curve,4.0,55.0,15,0.5,0.4,233,1.7679998911401846,0.07794491924222369,,,,,,
daily_curve,4.0,55.0,15,0.5,0.4,234,1.742757688976858,0.06968474301618088,,,,,,
daily_curve,4.0,55.0,15,0.5,0.4,235,1.7173080774160823,0.06199168121121312,,,,,,
daily_curve,4.0,55.0,15,0.5,0.4,236,1.69167078584357,0.054878737450861026,,,,,,
daily_curve,4.0,55.0,15,0.5,0.4,237,1.6658654370620107,0.048349020222955064,,,,,,
daily_curve,4.0,55.0,15,0.5,0.4,238,1.6399115231350725,0.04239644285573896,,,,,,
daily_curve,4.0,55.0,15,0.5,0.4,239,1.6138283818103045,0.037006726431618175,,,,,,
daily_curve,4.0,55.0,15,0.5,0.4,240,1.587635173558499,0.03215861635245554,,,,,,
daily_curve,4.0,55.0,15,0.5,0.4,241,1.5613508592650847,0.027825219659378786,,,,,,
daily_curve,4.0,55.0,15,0.5,0.4,242,1.5349941786070564,0.023975375593824122,,,,,,
daily_curve,4.0,55.0,15,0.5,0.4,243,1.5085836291468464,0.020574984052460166,,,,,,
daily_curve,4.0,55.0,15,0.5,0.4,244,1.4821374461723753,0.01758823288643596,,,,,,
daily_curve,4.0,55.0,15,0.5,0.4,245,1.4556735833103203,0.014978682843911906,,,,,,
daily_curve,4.0,55.0,15,0.5,0.4,246,1.429209693937412,0.012710186206305818,,,,,,
daily_curve,4.0,55.0,15,0.5,0.4,247,1.4027631134123004,0.010747630299475897,,,,,,
daily_curve,4.0,55.0,15,0.5,0.4,248,1.3763508421482624,0.009057509204055125,,,,,,
daily_curve,4.0,55.0,15,0.5,0.4,249,1.34998952954471,0.007608335853042103,,,,,,
daily_curve,4.0,55.0,15,0.5,0.4,250,1.3236954587931946,0.00637091243226906,,,,,,
daily_curve,4.0,55.0,15,0.5,0.4,251,1.2974845325712656,0.005318480009978588,,,,,,
daily_curve,4.0,55.0,15,0.5,0.4,252,1.2713722596352932,0.004426769170360556,,,,,,
daily_curve,4.0,55.0,15,0.5,0.4,253,1.245373742321052,0.0036739726938359585,,,,,,
daily_curve,4.0,55.0,15,0.5,0.4,254,1.2195036649586526,0.0030406595491470068,,,,,,
daily_curve,4.0,55.0,15,0.5,0.4,255,1.193776283206141,0.0025096470878919197,,,,,,
daily_curve,4.0,55.0,15,0.5,0.4,256,1.168205414303932,0.002065845709493197,,,,,,
daily_curve,4.0,55.0,15,0.5,0.4,257,1.1428044282500578,0.001696087644163069,,,,,,
daily_curve,4.0,55.0,15,0.5,0.4,258,1.1175862398941354,0.0013889490482613676,,,,,,
daily_curve,4.0,55.0,15,0.5,0.4,259,1.0925633019458714,0.0011345724166050841,,,,,,
daily_curve,4.0,55.0,15,0.5,0.4,260,1.0677475988919436,0.00092449443412157,,,,,,
daily_curve,4.0,55.0,15,0.5,0.4,261,1.0431506418131373,0.0007514828227890291,,,,,,
daily_curve,4.0,55.0,15,0.5,0.4,262,1.0187834640917521,0.0006093844735951537,,,,,,
daily_curve,4.0,55.0,15,0.5,0.4,263,0.994656617997465,0.0004929861581032258,,,,,,
daily_curve,4.0,55.0,15,0.5,0.4,264,0.9707801721381191,0.0003978883545188161,,,,,,
daily_curve,4.0,55.0,15,0.5,0.4,265,0.947163709760225,0.00032039216162838,,,,,,
daily_curve,4.0,55.0,15,0.5,0.4,266,0.9238163278823861,0.00025739887487441493,,,,,,
daily_curve,4.0,55.0,15,0.5,0.4,267,0.9007466372433589,0.0002063215296204124,,,,,,
daily_curve,4.0,55.0,15,0.5,0.4,268,0.8779627630450274,0.00016500754897486036,,,,,,
daily_curve,4.0,55.0,15,0.5,0.4,269,0.8554723464692551,0.00013167154329163377,,,,,,
daily_curve,4.0,55.0,15,0.5,0.4,270,0.8332825469463113,0.00010483727578880497,,,,,,
daily_curve,4.0,55.0,15,0.5,0.4,271,0.8114000451514374,8.328781752509062e-05,,,,,,
daily_curve,4.0,55.0,15,0.5,0.4,272,0.7898310467050228,6.602295251145751e-05,,,,,,
daily_curve,4.0,55.0,15,0.5,0.4,273,0.7685812865509171,5.2222950079894304e-05,,,,,,
daily_curve,4.0,55.0,15,0.5,0.4,274,0.747656033986493,4.121788923472369e-05,,,,,,
daily_curve,4.0,55.0,15,0.5,0.4,275,0.7270600983173098,3.246179291938045e-05,,,,,,
daily_curve,4.0,55.0,15,0.5,0.4,276,0.7067978351085028,2.5510904825165603e-05,,,,,,
daily_curve,4.0,55.0,15,0.5,0.4,277,0.6868731530044428,2.0005514670740077e-05,,,,,,
daily_curve,4.0,55.0,15,0.5,0.4,278,0.6672895210876658,1.5654807790199676e-05,,,,,,
daily_curve,4.0,55.0,15,0.5,0.4,279,0.6480499767476718,1.222428017710886e-05,,,,,,
daily_curve,4.0,55.0,15,0.5,0.4,280,0.6291571340298313,9.525320099790235e-06,,,,,,
daily_curve,4.0,55.0,15,0.5,0.4,281,0.6106131924344036,7.4066117353721594e-06,,,,,,
daily_curve,4.0,55.0,15,0.5,0.4,282,0.5924199461354914,5.747064926731049e-06,,,,,,
daily_curve,4.0,55.0,15,0.5,0.4,283,0.5745787935896858,4.4500183132845095e-06,,,,,,
daily_curve,4.0,55.0,15,0.5,0.4,284,0.5570907475041437,3.4385010269089022e-06,,,,,,
daily_curve,4.0,55.0,15,0.5,0.4,285,0.5399564451339228,2.6513712402254086e-06,,,,,,
daily_curve,4.0,55.0,15,0.5,0.4,286,0.5231761588785546,2.040178545215099e-06,,,,,,
daily_curve,4.0,55.0,15,0.5,0.4,287,0.5067498071480537,1.5666218339260851e-06,,,,,,
daily_curve,4.0,55.0,15,0.5,0.4,288,0.4906769654688748,1.2004955076694301e-06,,,,,,
daily_curve,4.0,55.0,15,0.5,0.4,289,0.47495687780067514,9.180348506943048e-07,,,,,,
daily_curve,4.0,55.0,15,0.5,0.4,290,0.4595884680351914,7.005866636822233e-07,,,,,,
daily_curve,4.0,55.0,15,0.5,0.4,291,0.4445703516490079,5.335441296550059e-07,,,,,,
daily_curve,4.0,55.0,15,0.5,0.4,292,0.42990084748256585,4.054956860288783e-07,,,,,,
daily_curve,4.0,55.0,15,0.5,0.4,293,0.415577989618343,3.075467157609424e-07,,,,,,
daily_curve,4.0,55.0,15,0.5,0.4,294,0.40159953933180986,2.3278038807639234e-07,,,,,,
daily_curve,4.0,55.0,15,0.5,0.4,295,0.3879629970894477,1.7583022271505655e-07,,,,,,
daily_curve,4.0,55.0,15,0.5,0.4,296,0.37466561456888103,1.325420999620519e-07,,,,,,
daily_curve,4.0,55.0,15,0.5,0.4,297,0.3617044066769399,9.970768322098422e-08,,,,,,
daily_curve,4.0,55.0,15,0.5,0.4,298,0.3490761635423099,7.94391554759244e-08,,,,,,
daily_curve,4.0,55.0,15,0.5,0.4,299,0.33677746246026447,6.703066857127737e-08,,,,,,
daily_curve,4.0,55.0,15,0.5,0.4,300,0.3248046797678705,5.64455167051392e-08,,,,,,
daily_curve,4.0,55.0,15,0.5,0.4,301,0.3131540026289582,4.743526471617798e-08,,,,,,
daily_curve,4.0,55.0,15,0.5,0.4,302,0.30182144070908495,3.978214069277897e-08,,,,,,
daily_curve,4.0,55.0,15,0.5,0.4,303,0.2908028377216632,3.329575370969451e-08,,,,,,
daily_curve,4.0,55.0,15,0.5,0.4,304,0.28009388282740116,2.781008634489268e-08,,,,,,
daily_curve,4.0,55.0,15,0.5,0.4,305,0.2696901218701616,2.318074987517349e-08,,,,,,
daily_curve,4.0,55.0,15,0.5,0.4,306,0.2595869684333513,1.9282490271166353e-08,,,,,,
daily_curve,4.0,55.0,15,0.5,0.4,307,0.24977971470192753,1.600693055880953e-08,,,,,,
daily_curve,4.0,55.0,15,0.5,0.4,308,0.24026354211610726,1.3260535780545979e-08,,,,,,
daily_curve,4.0,55.0,15,0.5,0.4,309,0.23103353180385452,1.0962785013113319e-08,,,,,,
daily_curve,4.0,55.0,15,0.5,0.4,310,0.22208467478021288,9.044535009827825e-09,,,,,,
daily_curve,4.0,55.0,15,0.5,0.4,311,0.2134118819025271,7.4465617005969875e-09,,,,,,
daily_curve,4.0,55.0,15,0.5,0.4,312,0.20500999357157423,6.118263673471347e-09,,,,,,
daily_curve,4.0,55.0,15,0.5,0.4,313,0.19687378916958226,5.328368302137676e-09,,,,,,
daily_curve,4.0,55.0,15,0.5,0.4,314,0.18899799622706728,4.918708218504264e-09,,,,,,
daily_curve,4.0,55.0,15,0.5,0.4,315,0.18137729931134586,4.531107711258642e-09,,,,,,
daily_curve,4.0,55.0,15,0.5,0.4,316,0.17400634863049597,4.165360167895926e-09,,,,,,
daily_curve,4.0,55.0,15,0.5,0.4,317,0.16687976834743,3.821148064631075e-09,,,,,,
daily_curve,4.0,55.0,15,0.5,0.4,318,0.15999216459961954,3.4980542906737355e-09,,,,,,
daily_curve,4.0,55.0,15,0.5,0.4,319,0.15333813322085327,3.1955735835254018e-09,,,,,,
daily_curve,4.0,55.0,15,0.5,0.4,320,0.14691226716223574,2.9131231871204477e-09,,,,,,
daily_curve,4.0,55.0,15,0.5,0.4,321,0.14070916361043145,2.6500542871232824e-09,,,,,,
daily_curve,4.0,55.0,15,0.5,0.4,322,0.13472343080192092,2.4056622249801762e-09,,,,,,
daily_curve,4.0,55.0,15,0.5,0.4,323,0.1289496945327857,2.1791973781049023e-09,,,,,,
daily_curve,4.0,55.0,15,0.5,0.4,324,0.12338260436423824,1.9698742637075384e-09,,,,,,
daily_curve,4.0,55.0,15,0.5,0.4,325,0.11801683952480033,1.7768814197793859e-09,,,,,,
daily_curve,4.0,55.0,15,0.5,0.4,326,0.11284711451067501,1.5993897317656547e-09,,,,,,
daily_curve,4.0,55.0,15,0.5,0.4,327,0.10786818438648056,1.4365608702604504e-09,,,,,,
daily_curve,4.0,55.0,15,0.5,0.4,328,0.10307484978909241,1.367622459724771e-09,,,,,,
daily_curve,4.0,55.0,15,0.5,0.4,329,0.09846196163789608,1.3799985598694775e-09,,,,,,
daily_curve,4.0,55.0,15,0.5,0.4,330,0.09402442555526826,1.3894988493134974e-09,,,,,,
daily_curve,4.0,55.0,15,0.5,0.4,331,0.08975720600159427,1.3960552713854213e-09,,,,,,
daily_curve,4.0,55.0,15,0.5,0.4,332,0.08565533012957985,1.3996183101383508e-09,,,,,,
daily_curve,4.0,55.0,15,0.5,0.4,333,0.08171389136303839,1.4001576564837137e-09,,,,,,
daily_curve,4.0,55.0,15,0.5,0.4,334,0.07792805270572108,1.3976620971689613e-09,,,,,,
daily_curve,4.0,55.0,15,0.5,0.4,335,0.07429304978611698,1.392140402955988e-09,,,,,,
daily_curve,4.0,55.0,15,0.5,0.4,336,0.07080419364447224,1.383620662487317e-09,,,,,,
daily_curve,4.0,55.0,15,0.5,0.4,337,0.06745687326857319,1.3721506153530072e-09,,,,,,
daily_curve,4.0,55.0,15,0.5,0.4,338,0.06424655788510006,1.3577970969791409e-09,,,,,,
daily_curve,4.0,55.0,15,0.5,0.4,339,0.061168799013593365,1.3406450394271019e-09,,,,,,
daily_curve,4.0,55.0,15,0.5,0.4,340,0.05821923229027747,1.3207971383266681e-09,,,,,,
daily_curve,4.0,55.0,15,0.5,0.4,341,0.05539357906916324,1.2983724095860794e-09,,,,,,
daily_curve,4.0,55.0,15,0.5,0.4,342,0.05268764780799965,1.2735054122359202e-09,,,,,,
daily_curve,4.0,55.0,15,0.5,0.4,343,0.05009733524676522,1.3238516949343193e-09,,,,,,
daily_curve,4.0,55.0,15,0.5,0.4,344,0.04761862738648871,1.4585197494199065e-09,,,,,,
daily_curve,4.0,55.0,15,0.5,0.4,345,0.04524760027625676,1.603304378150483e-09,,,,,,
daily_curve,4.0,55.0,15,0.5,0.4,346,0.04298042061631653,1.7585218836657646e-09,,,,,,
daily_curve,4.0,55.0,15,0.5,0.4,347,0.040813346185204116,1.924443271406062e-09,,,,,,
daily_curve,4.0,55.0,15,0.5,0.4,348,0.03874272609883479,2.1012871442849246e-09,,,,,,
daily_curve,4.0,55.0,15,0.5,0.4,349,0.03676500090947192,2.2892121531725707e-09,,,,,,
daily_curve,4.0,55.0,15,0.5,0.4,350,0.03487670255245599,2.4883095584016246e-09,,,,,,
daily_curve,4.0,55.0,15,0.5,0.4,351,0.03307445414851846,2.698596346384363e-09,,,,,,
daily_curve,4.0,55.0,15,0.5,0.4,352,0.031354969669433685,2.920007569073846e-09,,,,,,
daily_curve,4.0,55.0,15,0.5,0.4,353,0.02971505347467266,3.152389904670372e-09,,,,,,
daily_curve,4.0,55.0,15,0.5,0.4,354,0.028151599726617994,3.3954954403725424e-09,,,,,,
daily_curve,4.0,55.0,15,0.5,0.4,355,0.026661591691781533,3.648976454329045e-09,,,,,,
daily_curve,4.0,55.0,15,0.5,0.4,356,0.025242100935335354,3.91237986452353e-09,,,,,,
daily_curve,4.0,55.0,15,0.5,0.4,357,0.023890286416122623,4.185143898105537e-09,,,,,,
daily_curve,4.0,55.0,15,0.5,0.4,358,0.022603393489161783,4.7443619033415985e-09,,,,,,
daily_curve,4.0,55.0,15,0.5,0.4,359,0.02137875282249291,5.6995508312951415e-09,,,,,,
daily_curve,4.0,55.0,15,0.5,0.4,360,0.020213779235042226,6.8311687417832445e-09,,,,,,
daily_curve,4.0,55.0,15,0.5,0.4,361,0.01910597046200074,8.168425269516888e-09,,,,,,
daily_curve,4.0,55.0,15,0.5,0.4,362,0.018052905854024057,9.744689166701903e-09,,,,,,
daily_curve,4.0,55.0,15,0.5,0.4,363,0.017052245016367873,1.1597953264441685e-08,,,,,,
daily_curve,4.0,55.0,15,0.5,0.4,364,0.01610172639387335,1.3771327966871638e-08,,,,,,
daily_curve,4.0,55.0,15,0.5,0.4,365,0.01519916580751481,1.631356161269082e-08,,,,,,
daily_curve,4.0,55.0,15,0.5,0.5,1,0.011952045790011875,6.863675072743547e-09,,,,,,
daily_curve,4.0,55.0,15,0.5,0.5,2,0.011274633193182016,8.110071170186473e-09,,,,,,
daily_curve,4.0,55.0,15,0.5,0.5,3,0.010632099353768696,9.560685687581838e-09,,,,,,
daily_curve,4.0,55.0,15,0.5,0.5,4,0.010022869197176563,1.1244696618284422e-08,,,,,,
daily_curve,4.0,55.0,15,0.5,0.5,5,0.009445425580151396,1.3194674686189956e-08,,,,,,
daily_curve,4.0,55.0,15,0.5,0.5,6,0.008898307919231255,1.5446845580413537e-08,,,,,,
daily_curve,4.0,55.0,15,0.5,0.5,7,0.008380110807243853,1.8041350413611212e-08,,,,,,
daily_curve,4.0,55.0,15,0.5,0.5,8,0.008380110807243853,2.232983886685247e-08,,,,,,
daily_curve,4.0,55.0,15,0.5,0.5,9,0.008898307919231255,2.9287845815240132e-08,,,,,,
daily_curve,4.0,55.0,15,0.5,0.5,10,0.009445425580151396,3.832404260606381e-08,,,,,,
daily_curve,4.0,55.0,15,0.5,0.5,11,0.010022869197176563,5.003054781571592e-08,,,,,,
daily_curve,4.0,55.0,15,0.5,0.5,12,0.010632099353768696,6.515943185014805e-08,,,,,,
daily_curve,4.0,55.0,15,0.5,0.5,13,0.011274633193182016,8.46633517737061e-08,,,,,,
daily_curve,4.0,55.0,15,0.5,0.5,14,0.011952045790011875,1.0974578101841104e-07,,,,,,
daily_curve,4.0,55.0,15,0.5,0.5,15,0.012665971506262343,1.4192291020176384e-07,,,,,,
daily_curve,4.0,55.0,15,0.5,0.5,16,0.013418105328227792,1.8309968385921138e-07,,,,,,
daily_curve,4.0,55.0,15,0.5,0.5,17,0.01421020418030656,2.3566290729970518e-07,,,,,,
daily_curve,4.0,55.0,15,0.5,0.5,18,0.015044088211686716,3.0259488370543153e-07,,,,,,
daily_curve,4.0,55.0,15,0.5,0.5,19,0.015921642051667285,3.876116591028378e-07,,,,,,
daily_curve,4.0,55.0,15,0.5,0.5,20,0.016844816029201855,4.953306496080501e-07,,,,,,
daily_curve,4.0,55.0,15,0.5,0.5,21,0.017815627352077427,6.314732181600391e-07,,,,,,
daily_curve,4.0,55.0,15,0.5,0.5,22,0.018836161240968152,8.031086660142961e-07,,,,,,
daily_curve,4.0,55.0,15,0.5,0.5,23,0.01990857201343552,1.018947104469703e-06,,,,,,
daily_curve,4.0,55.0,15,0.5,0.5,24,0.021035084112779462,1.2896897905179117e-06,,,,,,
daily_curve,4.0,55.0,15,0.5,0.5,25,0.022217993076484612,1.62844674123086e-06,,,,,,
daily_curve,4.0,55.0,15,0.5,0.5,26,0.02345966643884833,2.0512327909560923e-06,,,,,,
daily_curve,4.0,55.0,15,0.5,0.5,27,0.024762544562227217,2.577554718885544e-06,,,,,,
daily_curve,4.0,55.0,15,0.5,0.5,28,0.02612914139119474,3.231103650302991e-06,,,,,,
daily_curve,4.0,55.0,15,0.5,0.5,29,0.02756204512376538,4.040568603369543e-06,,,,,,
daily_curve,4.0,55.0,15,0.5,0.5,30,0.02906391879371333,5.040588812788016e-06,,,,,,
daily_curve,4.0,55.0,15,0.5,0.5,31,0.030637500757893267,6.2728642754583674e-06,,,,,,
daily_curve,4.0,55.0,15,0.5,0.5,32,0.03228560508236233,7.787445817752925e-06,,,,,,
daily_curve,4.0,55.0,15,0.5,0.5,33,0.03401112182100343,9.644227824123774e-06,,,,,,
daily_curve,4.0,55.0,15,0.5,0.5,34,0.035817017180263776,1.1914668568646647e-05,,,,,,
daily_curve,4.0,55.0,15,0.5,0.5,35,0.0377063335635473,1.468376477642419e-05,,,,,,
daily_curve,4.0,55.0,15,0.5,0.5,36,0.039682189488740596,1.805230856744e-05,,,,,,
daily_curve,4.0,55.0,15,0.5,0.5,37,0.04174777937230435,2.2139456205994e-05,,,,,,
daily_curve,4.0,55.0,15,0.5,0.5,38,0.04390637317333304,2.7085639021540153e-05,,,,,,
daily_curve,4.0,55.0,15,0.5,0.5,39,0.04616131589096937,3.3055847382224e-05,,,,,,
daily_curve,4.0,55.0,15,0.5,0.5,40,0.04851602690856456,4.0243318576660414e-05,,,,,,
daily_curve,4.0,55.0,15,0.5,0.5,41,0.05097399917799447,4.887365879002736e-05,,,,,,
daily_curve,4.0,55.0,15,0.5,0.5,42,0.05353879823758339,5.920942791803885e-05,,,,,,
daily_curve,4.0,55.0,15,0.5,0.5,43,0.05621406105714433,7.155521361967843e-05,,,,,,
daily_curve,4.0,55.0,15,0.5,0.5,44,0.059003494703726865,8.626321765059508e-05,,,,,,
daily_curve,4.0,55.0,15,0.5,0.5,45,0.06191087482176415,0.00010373937299890112,,,,,,
daily_curve,4.0,55.0,15,0.5,0.5,46,0.06494004392143424,0.00012445000457061983,,,,,,
daily_curve,4.0,55.0,15,0.5,0.5,47,0.06809490946919866,0.00014892903900887156,,,,,,
daily_curve,4.0,55.0,15,0.5,0.5,48,0.07137944177464987,0.00017778576061200368,,,,,,
daily_curve,4.0,55.0,15,0.5,0.5,49,0.07479767166799522,0.00021171310015899447,,,,,,
daily_curve,4.0,55.0,15,0.5,0.5,50,0.07835368796272354,0.0002514964317279489,,,,,,
daily_curve,4.0,55.0,15,0.5,0.5,51,0.08205163469824674,0.0002980228393001383,,,,,,
daily_curve,4.0,55.0,15,0.5,0.5,52,0.08589570815757701,0.00035229080012610936,,,,,,
daily_curve,4.0,55.0,15,0.5,0.5,53,0.08989015365540047,0.00041542021558538256,,,,,,
daily_curve,4.0,55.0,15,0.5,0.5,54,0.09403926209222918,0.0004886627027484991,,,,,,
daily_curve,4.0,55.0,15,0.5,0.5,55,0.09834736627066694,0.0005734120412693722,,,,,,
daily_curve,4.0,55.0,15,0.5,0.5,56,0.10281883697019854,0.000671214650872054,,,,,,
daily_curve,4.0,55.0,15,0.5,0.5,57,0.10745807877732143,0.0007837799549126334,,,,,,
daily_curve,4.0,55.0,15,0.5,0.5,58,0.11226952566826745,0.0009129904657042553,,,,,,
daily_curve,4.0,55.0,15,0.5,0.5,59,0.11725763634202621,0.001060911407998577,,,,,,
daily_curve,4.0,55.0,15,0.5,0.5,60,0.12242688930186313,0.001229799678764354,,,,,,
daily_curve,4.0,55.0,15,0.5,0.5,61,0.1277817776840444,0.0014221119248227776,,,,,,
daily_curve,4.0,55.0,15,0.5,0.5,62,0.1333268038330163,0.0016405115056407071,,,,,,
daily_curve,4.0,55.0,15,0.5,0.5,63,0.13906647362285834,0.001887874097352138,,,,,,
daily_curve,4.0,55.0,15,0.5,0.5,64,0.1450052905254133,0.0021672916865790315,,,,,,
daily_curve,4.0,55.0,15,0.5,0.5,65,0.15114774942612155,0.0024820746995672938,,,,,,
daily_curve,4.0,55.0,15,0.5,0.5,66,0.15749833018922274,0.0028357520142043846,,,,,,
daily_curve,4.0,55.0,15,0.5,0.5,67,0.1640614909746519,0.0032320686102704776,,,,,,
daily_curve,4.0,55.0,15,0.5,0.5,68,0.1708416613096452,0.0036749806273131957,,,,,,
daily_curve,4.0,55.0,15,0.5,0.5,69,0.1778432349187726,0.004168647620236721,,,,,,
daily_curve,4.0,55.0,15,0.5,0.5,70,0.18507056231684407,0.004717421830331636,,,,,,
daily_curve,4.0,55.0,15,0.5,0.5,71,0.19252794316987878,0.005325834324109269,,,,,,
daily_curve,4.0,55.0,15,0.5,0.5,72,0.2002196184300894,0.00599857789383651,,,,,,
daily_curve,4.0,55.0,15,0.5,0.5,73,0.20814976225160628,0.006740486661748424,,,,,,
daily_curve,4.0,55.0,15,0.5,0.5,74,0.21632247369445942,0.007556512383946834,,,,,,
daily_curve,4.0,55.0,15,0.5,0.5,75,0.22474176822513467,0.008451697509160305,,,,,,
daily_curve,4.0,55.0,15,0.5,0.5,76,0.23341156902283433,0.009431145110740169,,,,,,
daily_curve,4.0,55.0,15,0.5,0.5,77,0.24233569810138603,0.010499985876202822,,,,,,
daily_curve,4.0,55.0,15,0.5,0.5,78,0.2515178672575708,0.011663342405751065,,,,,,
daily_curve,4.0,55.0,15,0.5,0.5,79,0.2609616688574652,0.012926291137831392,,,,,,
daily_curve,4.0,55.0,15,0.5,0.5,80,0.2706705664732254,0.014293822284055513,,,,,,
daily_curve,4.0,55.0,15,0.5,0.5,81,0.28064788538355373,0.01577079821583638,,,,,,
daily_curve,4.0,55.0,15,0.5,0.5,82,0.29089680295192494,0.017361910798931568,,,,,,
daily_curve,4.0,55.0,15,0.5,0.5,83,0.30142033889744996,0.019071638217900033,,,,,,
daily_curve,4.0,55.0,15,0.5,0.5,84,0.31222134547406755,0.020904201868535588,,,,,,
daily_curve,4.0,55.0,15,0.5,0.5,85,0.32330249757453977,0.02286352392114399,,,,,,
daily_curve,4.0,55.0,15,0.5,0.5,86,0.33466628277650823,0.024953186169843766,,,,,,
daily_curve,4.0,55.0,15,0.5,0.5,87,0.3463149913486192,0.027176390782031823,,,,,,
daily_curve,4.0,55.0,15,0.5,0.5,88,0.35825070623547156,0.02953592354727308,,,,,,
daily_curve,4.0,55.0,15,0.5,0.5,89,0.3704752930408399,0.032034120196112514,,,,,,
daily_curve,4.0,55.0,15,0.5,0.5,90,0.38299039002932617,0.03467283631707552,,,,,,
daily_curve,4.0,55.0,15,0.5,0.5,91,0.3957973981672293,0.037453421345284066,,,,,,
daily_curve,4.0,55.0,15,0.5,0.5,92,0.40889747122406234,0.040376697029960384,,,,,,
daily_curve,4.0,55.0,15,0.5,0.5,93,0.4222915059567115,0.0434429407123077,,,,,,
daily_curve,4.0,55.0,15,0.5,0.5,94,0.4359801323987955,0.04665187366185619,,,,,,
daily_curve,4.0,55.0,15,0.5,0.5,95,0.44996370427826904,0.05000265463060849,,,,,,
daily_curve,4.0,55.0,15,0.5,0.5,96,0.46424228958678637,0.053493878692650654,,,,,,
daily_curve,4.0,55.0,15,0.5,0.5,97,0.47881566132473813,0.057123581344807106,,,,,,
daily_curve,4.0,55.0,15,0.5,0.5,98,0.4936832884462429,0.06088924775389826,,,,,,
daily_curve,4.0,55.0,15,0.5,0.5,99,0.5088443270286697,0.0647878269505523,,,,,,
daily_curve,4.0,55.0,15,0.5,0.5,100,0.5242976116915261,0.06881575069049739,,,,,,
daily_curve,4.0,55.0,15,0.5,0.5,101,0.5400416472897266,0.07296895663365155,,,,,,
daily_curve,4.0,55.0,15,0.5,0.5,102,0.5560746009063882,0.07724291543070361,,,,,,
daily_curve,4.0,55.0,15,0.5,0.5,103,0.572394294170369,0.08163266125733426,,,,,,
daily_curve,4.0,55.0,15,0.5,0.5,104,0.5889981959237524,0.08613282529853405,,,,,,
daily_curve,4.0,55.0,15,0.5,0.5,105,0.6058834152644248,0.09073767165993951,,,,,,
daily_curve,4.0,55.0,15,0.5,0.5,106,0.6230466949887442,0.09544113516965891,,,,,,
daily_curve,4.0,55.0,15,0.5,0.5,107,0.6404844054590976,0.10023686053227276,,,,,,
daily_curve,4.0,55.0,15,0.5,0.5,108,0.6581925389208524,0.10511824230579292,,,,,,
daily_curve,4.0,55.0,15,0.5,0.5,109,0.6761667042928645,0.1100784651913419,,,,,,
daily_curve,4.0,55.0,15,0.5,0.5,110,0.6944021224552595,0.11511054415291855,,,,,,
daily_curve,4.0,55.0,15,0.5,0.5,111,0.7128936220577126,0.12020736391948084,,,,,,
daily_curve,4.0,55.0,15,0.5,0.5,112,0.7316356358708562,0.12536171746223035,,,,,,
daily_curve,4.0,55.0,15,0.5,0.5,113,0.7506221977027991,0.13056634308494353,,,,,,
daily_curve,4.0,55.0,15,0.5,0.5,114,0.7698469399019885,0.13581395981299837,,,,,,
daily_curve,4.0,55.0,15,0.5,0.5,115,0.7893030914668542,0.14109730081601635,,,,,,
daily_curve,4.0,55.0,15,0.5,0.5,116,0.808983476781766,0.14640914464850252,,,,,,
daily_curve,4.0,55.0,15,0.5,0.5,117,0.8288805149978875,0.15174234414138899,,,,,,
daily_curve,4.0,55.0,15,0.5,0.5,118,0.8489862200764602,0.157089852824003,,,,,,
daily_curve,4.0,55.0,15,0.5,0.5,119,0.8692922015109479,0.16244474879988313,,,,,,
daily_curve,4.0,55.0,15,0.5,0.5,120,0.8897896657432863,0.16780025604042637,,,,,,
daily_curve,4.0,55.0,15,0.5,0.5,121,0.9104694182882261,0.17314976309710406,,,,,,
daily_curve,4.0,55.0,15,0.5,0.5,122,0.9313218665784462,0.1784868392656246,,,,,,
daily_curve,4.0,55.0,15,0.5,0.5,123,0.9523370235417148,0.1838052482637994,,,,,,
daily_curve,4.0,55.0,15,0.5,0.5,124,0.9735045119199434,0.18909895950892885,,,,,,
daily_curve,4.0,55.0,15,0.5,0.5,125,0.9948135693384509,0.19436215710037252,,,,,,
daily_curve,4.0,55.0,15,0.5,0.5,126,1.0162530541322106,0.19958924662874244,,,,,,
daily_curve,4.0,55.0,15,0.5,0.5,127,1.03781145193421,0.2047748599451139,,,,,,
daily_curve,4.0,55.0,15,0.5,0.5,128,1.059476883029411,0.20991385803207363,,,,,,
daily_curve,4.0,55.0,15,0.5,0.5,129,1.0812371104760548,0.2150013321236347,,,,,,
daily_curve,4.0,55.0,15,0.5,0.5,130,1.1030795489943288,0.22003260322341567,,,,,,
daily_curve,4.0,55.0,15,0.5,0.5,131,1.1249912746205917,0.22500322017033303,,,,,,
daily_curve,4.0,55.0,15,0.5,0.5,132,1.1469590351235521,0.2299089563987815,,,,,,
daily_curve,4.0,55.0,15,0.5,0.5,133,1.1689692611769171,0.23474580553618585,,,,,,
daily_curve,4.0,55.0,15,0.5,0.5,134,1.1910080782811767,0.23950997597526225,,,,,,
daily_curve,4.0,55.0,15,0.5,0.5,135,1.2130613194252668,0.24419788455160196,,,,,,
daily_curve,4.0,55.0,15,0.5,0.5,136,1.2351145384769795,0.24880614944957802,,,,,,
daily_curve,4.0,55.0,15,0.5,0.5,137,1.2571530242890387,0.2533315824513278,,,,,,
daily_curve,4.0,55.0,15,0.5,0.5,138,1.2791618155058804,0.25777118063489224,,,,,,
daily_curve,4.0,55.0,15,0.5,0.5,139,1.3011257160542373,0.26212211761869464,,,,,,
daily_curve,4.0,55.0,15,0.5,0.5,140,1.3230293112987492,0.2663817344405819,,,,,,
daily_curve,4.0,55.0,15,0.5,0.5,141,1.3448569848419205,0.2705475301507573,,,,,,
daily_curve,4.0,55.0,15,0.5,0.5,142,1.3665929359458937,0.27461715218923555,,,,,,
daily_curve,4.0,55.0,15,0.5,0.5,143,1.3882211975516756,0.2785883866100153,,,,,,
daily_curve,4.0,55.0,15,0.5,0.5,144,1.4097256548696417,0.28245914820608,,,,,,
daily_curve,4.0,55.0,15,0.5,0.5,145,1.431090064513402,0.28622747058164744,,,,,,
daily_curve,4.0,55.0,15,0.5,0.5,146,1.4522980741473817,0.28989149621082233,,,,,,
daily_curve,4.0,55.0,15,0.5,0.5,147,1.4733332426168206,0.2934494665150017,,,,,,
daily_curve,4.0,55.0,15,0.5,0.5,148,1.4941790605272827,0.2968997119850375,,,,,,
daily_curve,4.0,55.0,15,0.5,0.5,149,1.5148189712392341,0.30024064236827863,,,,,,
daily_curve,4.0,55.0,15,0.5,0.5,150,1.5352363922417709,0.30347073693520366,,,,,,
daily_curve,4.0,55.0,15,0.5,0.5,151,1.5554147368681799,0.30658853483538395,,,,,,
daily_curve,4.0,55.0,15,0.5,0.5,152,1.5753374363147055,0.30959262554799405,,,,,,
daily_curve,4.0,55.0,15,0.5,0.5,153,1.5949879619226506,0.3124816394279707,,,,,,
daily_curve,4.0,55.0,15,0.5,0.5,154,1.6143498476828095,0.31525423834522626,,,,,,
daily_curve,4.0,55.0,15,0.5,0.5,155,1.633406712920168,0.317909106410996,,,,,,
daily_curve,4.0,55.0,15,0.5,0.5,156,1.6521422851158627,0.3204449407824542,,,,,,
daily_curve,4.0,55.0,15,0.5,0.5,157,1.670540422822544,0.32286044253414414,,,,,,
daily_curve,4.0,55.0,15,0.5,0.5,158,1.6885851386285369,0.3251543075825185,,,,,,
daily_curve,4.0,55.0,15,0.5,0.5,159,1.7062606221255687,0.3273252176479935,,,,,,
daily_curve,4.0,55.0,15,0.5,0.5,160,1.7235512628343128,0.32937183123735614,,,,,,
daily_curve,4.0,55.0,15,0.5,0.5,161,1.7404416730415861,0.331292774628163,,,,,,
daily_curve,4.0,55.0,15,0.5,0.5,162,1.756916710502766,0.33308663283593143,,,,,,
daily_curve,4.0,55.0,15,0.5,0.5,163,1.7729615009628137,0.3347519405444839,,,,,,
daily_curve,4.0,55.0,15,0.5,0.5,164,1.7885614604492572,0.33628717297979493,,,,,,
daily_curve,4.0,55.0,15,0.5,0.5,165,1.8037023172905653,0.3376907367081746,,,,,,
daily_curve,4.0,55.0,15,0.5,0.5,166,1.8183701338135485,0.3389609603406458,,,,,,
daily_curve,4.0,55.0,15,0.5,0.5,167,1.8325513276737533,0.3400960851270519,,,,,,
daily_curve,4.0,55.0,15,0.5,0.5,168,1.8462326927732715,0.3410942554258457,,,,,,
daily_curve,4.0,55.0,15,0.5,0.5,169,1.8594014197209678,0.34195350903881383,,,,,,
daily_curve,4.0,55.0,15,0.5,0.5,170,1.8720451157908296,0.34267176740433647,,,,,,
daily_curve,4.0,55.0,15,0.5,0.5,171,1.8841518243349753,0.34324682564836395,,,,,,
daily_curve,4.0,55.0,15,0.5,0.5,172,1.8957100436088021,0.3436763424993523,,,,,,
daily_curve,4.0,55.0,15,0.5,0.5,173,1.9067087449668236,0.3439578300822065,,,,,,
daily_curve,4.0,55.0,15,0.5,0.5,174,1.9171373903889337,0.3440886436171734,,,,,,
daily_curve,4.0,55.0,15,0.5,0.5,175,1.9269859492981358,0.34406597106298153,,,,,,
daily_curve,4.0,55.0,15,0.5,0.5,176,1.936244914632181,0.34388682275979765,,,,,,
daily_curve,4.0,55.0,15,0.5,0.5,177,1.9449053181330829,0.3435480211472792,,,,,,
daily_curve,4.0,55.0,15,0.5,0.5,178,1.9529587448201027,0.34304619065674113,,,,,,
daily_curve,4.0,55.0,15,0.5,0.5,179,1.9603973466135105,0.3423777479049098,,,,,,
daily_curve,4.0,55.0,15,0.5,0.5,180,1.9672138550782556,0.3415388923506677,,,,,,
daily_curve,4.0,55.0,15,0.5,0.5,181,1.9734015932585822,0.3405255976164502,,,,,,
daily_curve,4.0,55.0,15,0.5,0.5,182,1.9789544865766169,0.3393336037234812,,,,,,
daily_curve,4.0,55.0,15,0.5,0.5,183,1.9838670727700292,0.337958410545828,,,,,,
daily_curve,4.0,55.0,15,0.5,0.5,184,1.9881345108460062,0.3363952728533679,,,,,,
daily_curve,4.0,55.0,15,0.5,0.5,185,1.9917525890309968,0.33463919738927717,,,,,,
daily_curve,4.0,55.0,15,0.5,0.5,186,1.9947177316979494,0.3326849425145839,,,,,,
daily_curve,4.0,55.0,15,0.5,0.5,187,1.9970270052550958,0.33052702105161724,,,,,,
daily_curve,4.0,55.0,15,0.5,0.5,188,1.9986781229827038,0.32815970707049924,,,,,,
daily_curve,4.0,55.0,15,0.5,0.5,189,1.9996694488066362,0.32557704748850536,,,,,,
daily_curve,4.0,55.0,15,0.5,0.5,190,2.0,0.3227728794908924,,,,,,
daily_curve,4.0,55.0,15,0.5,0.5,191,1.9996694488066362,0.3197408549325713,,,,,,
daily_curve,4.0,55.0,15,0.5,0.5,192,1.9986781229827038,0.31647447304053367,,,,,,
daily_curve,4.0,55.0,15,0.5,0.5,193,1.9970270052550958,0.3129671229033576,,,,,,
daily_curve,4.0,55.0,15,0.5,0.5,194,1.9947177316979494,0.3092121374005089,,,,,,
daily_curve,4.0,55.0,15,0.5,0.5,195,1.9917525890309968,0.30520286038187305,,,,,,
daily_curve,4.0,55.0,15,0.5,0.5,196,1.9881345108460062,0.30093272904502644,,,,,,
daily_curve,4.0,55.0,15,0.5,0.5,197,1.9838670727700292,0.2963953735581195,,,,,,
daily_curve,4.0,55.0,15,0.5,0.5,198,1.9789544865766169,0.2915847360189894,,,,,,
daily_curve,4.0,55.0,15,0.5,0.5,199,1.9734015932585822,0.28649521079994433,,,,,,
daily_curve,4.0,55.0,15,0.5,0.5,200,1.9672138550782556,0.2811218081703364,,,,,,
daily_curve,4.0,55.0,15,0.5,0.5,201,1.9603973466135105,0.2754603427775141,,,,,,
daily_curve,4.0,55.0,15,0.5,0.5,202,1.9529587448201027,0.2695076480577975,,,,,,
daily_curve,4.0,55.0,15,0.5,0.5,203,1.9449053181330829,0.2632618168959745,,,,,,
daily_curve,4.0,55.0,15,0.5,0.5,204,1.936244914632181,0.2567224678073641,,,,,,
daily_curve,4.0,55.0,15,0.5,0.5,205,1.9269859492981358,0.24989103453800365,,,,,,
daily_curve,4.0,55.0,15,0.5,0.5,206,1.9171373903889337,0.2427710752347607,,,,,,
daily_curve,4.0,55.0,15,0.5,0.5,207,1.9067087449668236,0.23536859521783327,,,,,,
daily_curve,4.0,55.0,15,0.5,0.5,208,1.8957100436088021,0.227692374915358,,,,,,
daily_curve,4.0,55.0,15,0.5,0.5,209,1.8841518243349753,0.21975429176183092,,,,,,
daily_curve,4.0,55.0,15,0.5,0.5,210,1.8720451157908296,0.21156962194640005,,,,,,
daily_curve,4.0,55.0,15,0.5,0.5,211,1.8594014197209678,0.20315730502275553,,,,,,
daily_curve,4.0,55.0,15,0.5,0.5,212,1.8462326927732715,0.19454015183598894,,,,,,
daily_curve,4.0,55.0,15,0.5,0.5,213,1.8325513276737533,0.18574497433487636,,,,,,
daily_curve,4.0,55.0,15,0.5,0.5,214,1.8183701338135485,0.17680261502991812,,,,,,
daily_curve,4.0,55.0,15,0.5,0.5,215,1.8037023172905653,0.16774785456052044,,,,,,
daily_curve,4.0,55.0,15,0.5,0.5,216,1.7885614604492572,0.15861917844966444,,,,,,
daily_curve,4.0,55.0,15,0.5,0.5,217,1.7729615009628137,0.14945838894753039,,,,,,
daily_curve,4.0,55.0,15,0.5,0.5,218,1.756916710502766,0.14031005500501592,,,,,,
daily_curve,4.0,55.0,15,0.5,0.5,219,1.7404416730415861,0.1312208027128836,,,,,,
daily_curve,4.0,55.0,15,0.5,0.5,220,1.7235512628343128,0.12223845950254864,,,,,,
daily_curve,4.0,55.0,15,0.5,0.5,221,1.7062606221255687,0.11341107719466914,,,,,,
daily_curve,4.0,55.0,15,0.5,0.5,222,1.6885851386285369,0.10478587046491783,,,,,,
daily_curve,4.0,55.0,15,0.5,0.5,223,1.670540422822544,0.0964081171494533,,,,,,
daily_curve,4.0,55.0,15,0.5,0.5,224,1.6521422851158627,0.0883200737051314,,,,,,
daily_curve,4.0,55.0,15,0.5,0.5,225,1.633406712920168,0.0805599619509475,,,,,,
daily_curve,4.0,55.0,15,0.5,0.5,226,1.6143498476828095,0.07316108125200482,,,,,,
daily_curve,4.0,55.0,15,0.5,0.5,227,1.5949879619226506,0.06615109345729853,,,,,,
daily_curve,4.0,55.0,15,0.5,0.5,228,1.5753374363147055,0.059551516713939434,,,,,,
daily_curve,4.0,55.0,15,0.5,0.5,229,1.5554147368681799,0.05337744989999882,,,,,,
daily_curve,4.0,55.0,15,0.5,0.5,230,1.5352363922417709,0.047637533424253586,,,,,,
daily_curve,4.0,55.0,15,0.5,0.5,231,1.5148189712392341,0.04233413629183658,,,,,,
daily_curve,4.0,55.0,15,0.5,0.5,232,1.4941790605272827,0.037463745288830785,,,,,,
daily_curve,4.0,55.0,15,0.5,0.5,233,1.4733332426168206,0.03301752120891188,,,,,,
daily_curve,4.0,55.0,15,0.5,0.5,234,1.4522980741473817,0.028981980032664945,,,,,,
daily_curve,4.0,55.0,15,0.5,0.5,235,1.431090064513402,0.025339754106562307,,,,,,
daily_curve,4.0,55.0,15,0.5,0.5,236,1.4097256548696417,0.022070389360890785,,,,,,
daily_curve,4.0,55.0,15,0.5,0.5,237,1.3882211975516756,0.0191511387617167,,,,,,
daily_curve,4.0,55.0,15,0.5,0.5,238,1.3665929359458937,0.016557718585662795,,,,,,
daily_curve,4.0,55.0,15,0.5,0.5,239,1.3448569848419205,0.014265001747570394,,,,,,
daily_curve,4.0,55.0,15,0.5,0.5,240,1.3230293112987492,0.012247630385989527,,,,,,
daily_curve,4.0,55.0,15,0.5,0.5,241,1.3011257160542373,0.010480537477385088,,,,,,
daily_curve,4.0,55.0,15,0.5,0.5,242,1.2791618155058804,0.008939373882504653,,,,,,
daily_curve,4.0,55.0,15,0.5,0.5,243,1.2571530242890387,0.007600842624598481,,,,,,
daily_curve,4.0,55.0,15,0.5,0.5,244,1.2351145384769795,0.006442946250932335,,,,,,
daily_curve,4.0,55.0,15,0.5,0.5,245,1.2130613194252668,0.00544515587874983,,,,,,
daily_curve,4.0,55.0,15,0.5,0.5,246,1.1910080782811767,0.0045885121187930755,,,,,,
daily_curve,4.0,55.0,15,0.5,0.5,247,1.1689692611769171,0.0038556687039836834,,,,,,
daily_curve,4.0,55.0,15,0.5,0.5,248,1.1469590351235521,0.0032308895473631694,,,,,,
daily_curve,4.0,55.0,15,0.5,0.5,249,1.1249912746205917,0.002700009323579722,,,,,,
daily_curve,4.0,55.0,15,0.5,0.5,250,1.1030795489943288,0.0022503666994184712,,,,,,
daily_curve,4.0,55.0,15,0.5,0.5,251,1.0812371104760548,0.001870718185486675,,,,,,
daily_curve,4.0,55.0,15,0.5,0.5,252,1.059476883029411,0.001551139362700793,,,,,,
daily_curve,4.0,55.0,15,0.5,0.5,253,1.03781145193421,0.0012829190401367763,,,,,,
daily_curve,4.0,55.0,15,0.5,0.5,254,1.0162530541322106,0.0010584507829917156,,,,,,
daily_curve,4.0,55.0,15,0.5,0.5,255,0.9948135693384509,0.0008711252454347562,,,,,,
daily_curve,4.0,55.0,15,0.5,0.5,256,0.9735045119199434,0.0007152258697642466,,,,,,
daily_curve,4.0,55.0,15,0.5,0.5,257,0.9523370235417148,0.0005858297743056573,,,,,,
daily_curve,4.0,55.0,15,0.5,0.5,258,0.9313218665784462,0.0004787150429322873,,,,,,
daily_curve,4.0,55.0,15,0.5,0.5,259,0.9104694182882261,0.0003902751385441716,,,,,,
daily_curve,4.0,55.0,15,0.5,0.5,260,0.8897896657432863,0.0003174407779380495,,,,,,
daily_curve,4.0,55.0,15,0.5,0.5,261,0.8692922015109479,0.0002576093117581113,,,,,,
daily_curve,4.0,55.0,15,0.5,0.5,262,0.8489862200764602,0.00020858143624291614,,,,,,
daily_curve,4.0,55.0,15,0.5,0.5,263,0.8288805149978875,0.00016850490974862353,,,,,,
daily_curve,4.0,55.0,15,0.5,0.5,264,0.808983476781766,0.0001358248443289467,,,,,,
daily_curve,4.0,55.0,15,0.5,0.5,265,0.7893030914668542,0.00010924008028212473,,,,,,
daily_curve,4.0,55.0,15,0.5,0.5,266,0.7698469399019885,8.766512039404262e-05,,,,,,
daily_curve,4.0,55.0,15,0.5,0.5,267,0.7506221977027991,7.019709294853183e-05,,,,,,
daily_curve,4.0,55.0,15,0.5,0.5,268,0.7316356358708562,5.608722213867878e-05,,,,,,
daily_curve,4.0,55.0,15,0.5,0.5,269,0.7128936220577126,4.471630622404632e-05,,,,,,
daily_curve,4.0,55.0,15,0.5,0.5,270,0.6944021224552595,3.5573733578320166e-05,,,,,,
daily_curve,4.0,55.0,15,0.5,0.5,271,0.6761667042928645,2.8239601521873325e-05,,,,,,
daily_curve,4.0,55.0,15,0.5,0.5,272,0.6581925389208524,2.236954011547443e-05,,,,,,
daily_curve,4.0,55.0,15,0.5,0.5,273,0.6404844054590976,1.7681881100628516e-05,,,,,,
daily_curve,4.0,55.0,15,0.5,0.5,274,0.6230466949887442,1.3946849596657707e-05,,,,,,
daily_curve,4.0,55.0,15,0.5,0.5,275,0.6058834152644248,1.0977492078234619e-05,,,,,,
daily_curve,4.0,55.0,15,0.5,0.5,276,0.5889981959237524,8.622087957488311e-06,,,,,,
daily_curve,4.0,55.0,15,0.5,0.5,277,0.572394294170369,6.757823387881778e-06,,,,,,
daily_curve,4.0,55.0,15,0.5,0.5,278,0.5560746009063882,5.285534525723001e-06,,,,,,
daily_curve,4.0,55.0,15,0.5,0.5,279,0.5400416472897266,4.1253533406004905e-06,,,,,,
daily_curve,4.0,55.0,15,0.5,0.5,280,0.5242976116915261,3.2131122248424404e-06,,,,,,
daily_curve,4.0,55.0,15,0.5,0.5,281,0.5088443270286697,2.4973842099873522e-06,,,,,,
daily_curve,4.0,55.0,15,0.5,0.5,282,0.4936832884462429,1.937053701106528e-06,,,,,,
daily_curve,4.0,55.0,15,0.5,0.5,283,0.47881566132473813,1.4993284946918095e-06,,,,,,
daily_curve,4.0,55.0,15,0.5,0.5,284,0.46424228958678637,1.1581176148078853e-06,,,,,,
daily_curve,4.0,55.0,15,0.5,0.5,285,0.44996370427826904,8.927114182322171e-07,,,,,,
daily_curve,4.0,55.0,15,0.5,0.5,286,0.4359801323987955,6.867106570052073e-07,,,,,,
daily_curve,4.0,55.0,15,0.5,0.5,287,0.4222915059567115,5.271599444744979e-07,,,,,,
daily_curve,4.0,55.0,15,0.5,0.5,288,0.40889747122406234,4.0384852928454507e-07,,,,,,
daily_curve,4.0,55.0,15,0.5,0.5,289,0.3957973981672293,3.087475980434462e-07,,,,,,
daily_curve,4.0,55.0,15,0.5,0.5,290,0.38299039002932617,2.3555865991120584e-07,,,,,,
daily_curve,4.0,55.0,15,0.5,0.5,291,0.3704752930408399,1.7935204310592923e-07,,,,,,
daily_curve,4.0,55.0,15,0.5,0.5,292,0.35825070623547156,1.3627828088225158e-07,,,,,,
daily_curve,4.0,55.0,15,0.5,0.5,293,0.3463149913486192,1.0333828948105861e-07,,,,,,
daily_curve,4.0,55.0,15,0.5,0.5,294,0.33466628277650823,7.820083292031654e-08,,,,,,
daily_curve,4.0,55.0,15,0.5,0.5,295,0.32330249757453977,5.905791455873555e-08,,,,,,
daily_curve,4.0,55.0,15,0.5,0.5,296,0.31222134547406755,4.451050628073716e-08,,,,,,
daily_curve,4.0,55.0,15,0.5,0.5,297,0.30142033889744996,3.347847665757797e-08,,,,,,
daily_curve,4.0,55.0,15,0.5,0.5,298,0.29089680295192494,2.6672807296179712e-08,,,,,,
daily_curve,4.0,55.0,15,0.5,0.5,299,0.28064788538355373,2.250986164131774e-08,,,,,,
daily_curve,4.0,55.0,15,0.5,0.5,300,0.2706705664732254,1.895821155617483e-08,,,,,,
daily_curve,4.0,55.0,15,0.5,0.5,301,0.2609616688574652,1.5934612407342286e-08,,,,,,
daily_curve,4.0,55.0,15,0.5,0.5,302,0.2515178672575708,1.3366089568478401e-08,,,,,,
daily_curve,4.0,55.0,15,0.5,0.5,303,0.24233569810138603,1.1188839632580994e-08,,,,,,
daily_curve,4.0,55.0,15,0.5,0.5,304,0.23341156902283433,9.347223439704067e-09,,,,,,
daily_curve,4.0,55.0,15,0.5,0.5,305,0.22474176822513467,7.792846701271117e-09,,,,,,
daily_curve,4.0,55.0,15,0.5,0.5,306,0.21632247369445942,6.483724890316012e-09,,,,,,
daily_curve,4.0,55.0,15,0.5,0.5,307,0.20814976225160628,5.3835277347147326e-09,,,,,,
daily_curve,4.0,55.0,15,0.5,0.5,308,0.2002196184300894,4.460896985136742e-09,,,,,,
daily_curve,4.0,55.0,15,0.5,0.5,309,0.19252794316987878,3.6888350152253224e-09,,,,,,
daily_curve,4.0,55.0,15,0.5,0.5,310,0.18507056231684407,3.044156371423412e-09,,,,,,
daily_curve,4.0,55.0,15,0.5,0.5,311,0.1778432349187726,2.5069994968873743e-09,,,,,,
daily_curve,4.0,55.0,15,0.5,0.5,312,0.1708416613096452,2.060392301217462e-09,,,,,,
daily_curve,4.0,55.0,15,0.5,0.5,313,0.1640614909746519,1.7949309816245318e-09,,,,,,
daily_curve,4.0,55.0,15,0.5,0.5,314,0.15749833018922274,1.6574691619197779e-09,,,,,,
daily_curve,4.0,55.0,15,0.5,0.5,315,0.15114774942612155,1.5273776687863005e-09,,,,,,
daily_curve,4.0,55.0,15,0.5,0.5,316,0.1450052905254133,1.4045888896419e-09,,,,,,
daily_curve,4.0,55.0,15,0.5,0.5,317,0.13906647362285834,1.2889985745445642e-09,,,,,,
daily_curve,4.0,55.0,15,0.5,0.5,318,0.1333268038330163,1.180468944816937e-09,,,,,,
daily_curve,4.0,55.0,15,0.5,0.5,319,0.1277817776840444,1.0788326898492073e-09,,,,,,
daily_curve,4.0,55.0,15,0.5,0.5,320,0.12242688930186313,9.83896519812788e-10,,,,,,
daily_curve,4.0,55.0,15,0.5,0.5,321,0.11725763634202621,8.954451624632043e-10,,,,,,
daily_curve,4.0,55.0,15,0.5,0.5,322,0.11226952566826745,8.132445827868651e-10,,,,,,
daily_curve,4.0,55.0,15,0.5,0.5,323,0.10745807877732143,7.370454246924396e-10,,,,,,
daily_curve,4.0,55.0,15,0.5,0.5,324,0.10281883697019854,6.665866747468385e-10,,,,,,
daily_curve,4.0,55.0,15,0.5,0.5,325,0.09834736627066694,6.01598104665868e-10,,,,,,
daily_curve,4.0,55.0,15,0.5,0.5,326,0.09403926209222918,5.418038240279088e-10,,,,,,
daily_curve,4.0,55.0,15,0.5,0.5,327,0.08989015365540047,4.869245007199652e-10,,,,,,
daily_curve,4.0,55.0,15,0.5,0.5,328,0.08589570815757701,4.638358586106506e-10,,,,,,
daily_curve,4.0,55.0,15,0.5,0.5,329,0.08205163469824674,4.683258225668396e-10,,,,,,
daily_curve,4.0,55.0,15,0.5,0.5,330,0.07835368796272354,4.71856664852055e-10,,,,,,
daily_curve,4.0,55.0,15,0.5,0.5,331,0.07479767166799522,4.744041826043599e-10,,,,,,
daily_curve,4.0,55.0,15,0.5,0.5,332,0.07137944177464987,4.759499461215455e-10,,,,,,
daily_curve,4.0,55.0,15,0.5,0.5,333,0.06809490946919866,4.764818539726434e-10,,,,,,
daily_curve,4.0,55.0,15,0.5,0.5,334,0.06494004392143424,4.759943550425305e-10,,,,,,
daily_curve,4.0,55.0,15,0.5,0.5,335,0.06191087482176415,4.74488448531929e-10,,,,,,
daily_curve,4.0,55.0,15,0.5,0.5,336,0.059003494703726865,4.719714619128013e-10,,,,,,
daily_curve,4.0,55.0,15,0.5,0.5,337,0.05621406105714433,4.684572729729553e-10,,,,,,
daily_curve,4.0,55.0,15,0.5,0.5,338,0.05353879823758339,4.6396630981604403e-10,,,,,,
daily_curve,4.0,55.0,15,0.5,0.5,339,0.05097399917799447,4.5852477370544875e-10,,,,,,
daily_curve,4.0,55.0,15,0.5,0.5,340,0.04851602690856456,4.52164972131186e-10,,,,,,
daily_curve,4.0,55.0,15,0.5,0.5,341,0.04616131589096937,4.4492498574300043e-10,,,,,,
daily_curve,4.0,55.0,15,0.5,0.5,342,0.04390637317333304,4.368478911942475e-10,,,,,,
daily_curve,4.0,55.0,15,0.5,0.5,343,0.04174777937230435,4.5459658259972e-10,,,,,,
daily_curve,4.0,55.0,15,0.5,0.5,344,0.039682189488740596,5.013863768610349e-10,,,,,,
daily_curve,4.0,55.0,15,0.5,0.5,345,0.0377063335635473,5.517798440379806e-10,,,,,,
daily_curve,4.0,55.0,15,0.5,0.5,346,0.035817017180263776,6.059039936445743e-10,,,,,,
daily_curve,4.0,55.0,15,0.5,0.5,347,0.03401112182100343,6.638719574070251e-10,,,,,,
daily_curve,4.0,55.0,15,0.5,0.5,348,0.03228560508236233,7.257802137061731e-10,,,,,,
daily_curve,4.0,55.0,15,0.5,0.5,349,0.030637500757893267,7.917061450868346e-10,,,,,,
daily_curve,4.0,55.0,15,0.5,0.5,350,0.02906391879371333,8.617052627002408e-10,,,,,,
daily_curve,4.0,55.0,15,0.5,0.5,351,0.02756204512376538,9.358086527910814e-10,,,,,,
daily_curve,4.0,55.0,15,0.5,0.5,352,0.02612914139119474,1.0140205342068498e-09,,,,,,
daily_curve,4.0,55.0,15,0.5,0.5,353,0.024762544562227217,1.0963155938625846e-09,,,,,,
daily_curve,4.0,55.0,15,0.5,0.5,354,0.02345966643884833,1.18263676629482e-09,,,,,,
daily_curve,4.0,55.0,15,0.5,0.5,355,0.022217993076484612,1.272892791170932e-09,,,,,,
daily_curve,4.0,55.0,15,0.5,0.5,356,0.021035084112779462,1.3669566589769033e-09,,,,,,
daily_curve,4.0,55.0,15,0.5,0.5,357,0.01990857201343552,1.464663723638182e-09,,,,,,
daily_curve,4.0,55.0,15,0.5,0.5,358,0.018836161240968152,1.6631842569836408e-09,,,,,,
daily_curve,4.0,55.0,15,0.5,0.5,359,0.017815627352077427,2.001519838756849e-09,,,,,,
daily_curve,4.0,55.0,15,0.5,0.5,360,0.016844816029201855,2.4032175138799516e-09,,,,,,
daily_curve,4.0,55.0,15,0.5,0.5,361,0.015921642051667285,2.8789737260837e-09,,,,,,
daily_curve,4.0,55.0,15,0.5,0.5,362,0.015044088211686716,3.4410548854779677e-09,,,,,,
daily_curve,4.0,55.0,15,0.5,0.5,363,0.01421020418030656,4.10348266477456e-09,,,,,,
daily_curve,4.0,55.0,15,0.5,0.5,364,0.013418105328227792,4.8822335063647415e-09,,,,,,
daily_curve,4.0,55.0,15,0.5,0.5,365,0.012665971506262343,5.79545178513996e-09,,,,,,
theta_scan,1.5,55.0,15,0.5,0.0,,1.5,0.22450718676904358,108.0,216.0,109.0,123.0,207.0,85.0
theta_scan,1.5,55.0,15,0.5,0.01,,1.4849999999999999,0.2203217967571771,109.0,215.0,107.0,123.0,206.0,84.0
theta_scan,1.5,55.0,15,0.5,0.02,,1.47,0.21611759494032368,109.0,215.0,107.0,124.0,205.0,82.0
theta_scan,1.5,55.0,15,0.5,0.03,,1.455,0.2118915124338645,110.0,214.0,105.0,125.0,205.0,81.0
theta_scan,1.5,55.0,15,0.5,0.04,,1.44,0.20763344712217902,110.0,214.0,105.0,125.0,204.0,80.0
theta_scan,1.5,55.0,15,0.5,0.05,,1.4249999999999998,0.20334453616629977,111.0,213.0,103.0,126.0,203.0,78.0
theta_scan,1.5,55.0,15,0.5,0.06,,1.41,0.19902604000156876,112.0,213.0,102.0,127.0,202.0,76.0
theta_scan,1.5,55.0,15,0.5,0.07,,1.395,0.19467934883476334,112.0,212.0,101.0,128.0,202.0,75.0
theta_scan,1.5,55.0,15,0.5,0.08,,1.3800000000000001,0.1903244575029962,113.0,212.0,100.0,128.0,201.0,74.0
theta_scan,1.5,55.0,15,0.5,0.09,,1.365,0.18595297377656306,113.0,211.0,99.0,129.0,200.0,72.0
theta_scan,1.5,55.0,15,0.5,0.1,,1.35,0.181558185005937,114.0,210.0,97.0,130.0,199.0,70.0
theta_scan,1.5,55.0,15,0.5,0.11,,1.335,0.17714200856526663,115.0,210.0,96.0,131.0,198.0,68.0
theta_scan,1.5,55.0,15,0.5,0.12,,1.32,0.17270651973655682,115.0,209.0,95.0,132.0,197.0,66.0
theta_scan,1.5,55.0,15,0.5,0.13,,1.305,0.1682558530935634,116.0,208.0,93.0,133.0,196.0,64.0
theta_scan,1.5,55.0,15,0.5,0.14,,1.29,0.16381538552129216,116.0,208.0,93.0,134.0,196.0,63.0
theta_scan,1.5,55.0,15,0.5,0.15,,1.275,0.1593625122914839,117.0,207.0,91.0,135.0,194.0,60.0
theta_scan,1.5,55.0,15,0.5,0.16,,1.26,0.1548999249764016,118.0,206.0,89.0,136.0,193.0,58.0
theta_scan,1.5,55.0,15,0.5,0.17,,1.2449999999999999,0.15043049337085745,119.0,205.0,87.0,137.0,192.0,56.0
theta_scan,1.5,55.0,15,0.5,0.18,,1.23,0.14595726822703903,119.0,205.0,87.0,138.0,191.0,54.0
theta_scan,1.5,55.0,15,0.5,0.19,,1.215,0.14150119871635458,120.0,204.0,85.0,139.0,190.0,52.0
theta_scan,1.5,55.0,15,0.5,0.2,,1.2000000000000002,0.13705579431795922,121.0,203.0,83.0,141.0,189.0,49.0
theta_scan,1.5,55.0,15,0.5,0.21,,1.185,0.13261621874703022,122.0,202.0,81.0,142.0,187.0,46.0
theta_scan,1.5,55.0,15,0.5,0.22,,1.17,0.1281861768350938,123.0,201.0,79.0,144.0,186.0,43.0
theta_scan,1.5,55.0,15,0.5,0.23,,1.155,0.12376955017816393,124.0,200.0,77.0,145.0,184.0,40.0
theta_scan,1.5,55.0,15,0.5,0.24,,1.1400000000000001,0.11938196753407626,124.0,200.0,77.0,147.0,182.0,36.0
theta_scan,1.5,55.0,15,0.5,0.25,,1.125,0.11502839533227538,125.0,199.0,75.0,149.0,180.0,32.0
theta_scan,1.5,55.0,15,0.5,0.26,,1.1099999999999999,0.11070000519182077,126.0,198.0,73.0,151.0,178.0,28.0
theta_scan,1.5,55.0,15,0.5,0.27,,1.095,0.10640124646424287,127.0,197.0,71.0,154.0,175.0,22.0
theta_scan,1.5,55.0,15,0.5,0.28,,1.08,0.10213670519299978,129.0,195.0,67.0,159.0,170.0,12.0
theta_scan,1.5,55.0,15,0.5,0.29,,1.065,0.09791999559679121,130.0,194.0,65.0,-1.0,-1.0,0.0
theta_scan,1.5,55.0,15,0.5,0.3,,1.0499999999999998,0.09375964299085626,131.0,193.0,63.0,-1.0,-1.0,0.0
theta_scan,1.5,55.0,15,0.5,0.31,,1.035,0.08964681031767263,132.0,192.0,61.0,-1.0,-1.0,0.0
theta_scan,1.5,55.0,15,0.5,0.32,,1.02,0.08558640429683517,133.0,190.0,58.0,-1.0,-1.0,0.0
theta_scan,1.5,55.0,15,0.5,0.33,,1.005,0.08158338066728121,135.0,189.0,55.0,-1.0,-1.0,0.0
theta_scan,1.5,55.0,15,0.5,0.34,,0.9899999999999999,0.07765088787279495,136.0,187.0,52.0,-1.0,-1.0,0.0
theta_scan,1.5,55.0,15,0.5,0.35000000000000003,,0.9749999999999999,0.0737960346655141,138.0,186.0,49.0,-1.0,-1.0,0.0
theta_scan,1.5,55.0,15,0.5,0.36,,0.96,0.07001215587417442,140.0,184.0,45.0,-1.0,-1.0,0.0
theta_scan,1.5,55.0,15,0.5,0.37,,0.9450000000000001,0.06630409453491981,142.0,182.0,41.0,-1.0,-1.0,0.0
theta_scan,1.5,55.0,15,0.5,0.38,,0.9299999999999999,0.06267660711951839,144.0,180.0,37.0,-1.0,-1.0,0.0
theta_scan,1.5,55.0,15,0.5,0.39,,0.915,0.05914224272862756,147.0,177.0,31.0,-1.0,-1.0,0.0
theta_scan,1.5,55.0,15,0.5,0.4,,0.8999999999999999,0.05570460763730267,150.0,174.0,25.0,-1.0,-1.0,0.0
theta_scan,1.5,55.0,15,0.5,0.41000000000000003,,0.885,0.052359558478518364,154.0,170.0,17.0,-1.0,-1.0,0.0
theta_scan,1.5,55.0,15,0.5,0.42,,0.8700000000000001,0.04911115720095627,-1.0,-1.0,0.0,-1.0,-1.0,0.0
theta_scan,1.5,55.0,15,0.5,0.43,,0.8550000000000001,0.04596321649999924,-1.0,-1.0,0.0,-1.0,-1.0,0.0
theta_scan,1.5,55.0,15,0.5,0.44,,0.8400000000000001,0.04292638322338105,-1.0,-1.0,0.0,-1.0,-1.0,0.0
theta_scan,1.5,55.0,15,0.5,0.45,,0.8250000000000001,0.04000092958932033,-1.0,-1.0,0.0,-1.0,-1.0,0.0
theta_scan,1.5,55.0,15,0.5,0.46,,0.81,0.037184177112901784,-1.0,-1.0,0.0,-1.0,-1.0,0.0
theta_scan,1.5,55.0,15,0.5,0.47000000000000003,,0.795,0.03447864201062756,-1.0,-1.0,0.0,-1.0,-1.0,0.0
theta_scan,1.5,55.0,15,0.5,0.48,,0.78,0.03188644602654067,-1.0,-1.0,0.0,-1.0,-1.0,0.0
theta_scan,1.5,55.0,15,0.5,0.49,,0.765,0.02941473323746069,-1.0,-1.0,0.0,-1.0,-1.0,0.0
theta_scan,1.5,55.0,15,0.5,0.5,,0.75,0.027061780253515133,-1.0,-1.0,0.0,-1.0,-1.0,0.0
theta_scan,1.5,55.0,15,0.5,0.51,,0.735,0.024824738290537218,-1.0,-1.0,0.0,-1.0,-1.0,0.0
theta_scan,1.5,55.0,15,0.5,0.52,,0.72,0.02270401112490128,-1.0,-1.0,0.0,-1.0,-1.0,0.0
theta_scan,1.5,55.0,15,0.5,0.53,,0.705,0.020699535649831513,-1.0,-1.0,0.0,-1.0,-1.0,0.0
theta_scan,1.5,55.0,15,0.5,0.54,,0.69,0.018813982144917807,-1.0,-1.0,0.0,-1.0,-1.0,0.0
theta_scan,1.5,55.0,15,0.5,0.55,,0.6749999999999999,0.01704501227245947,-1.0,-1.0,0.0,-1.0,-1.0,0.0
theta_scan,1.5,55.0,15,0.5,0.56,,0.6599999999999999,0.015388340406375933,-1.0,-1.0,0.0,-1.0,-1.0,0.0
theta_scan,1.5,55.0,15,0.5,0.5700000000000001,,0.6449999999999999,0.01384213499857756,-1.0,-1.0,0.0,-1.0,-1.0,0.0
theta_scan,1.5,55.0,15,0.5,0.58,,0.6300000000000001,0.012404136309650982,-1.0,-1.0,0.0,-1.0,-1.0,0.0
theta_scan,1.5,55.0,15,0.5,0.59,,0.615,0.011072762982056839,-1.0,-1.0,0.0,-1.0,-1.0,0.0
theta_scan,1.5,55.0,15,0.5,0.6,,0.6000000000000001,0.009845784395708379,-1.0,-1.0,0.0,-1.0,-1.0,0.0
theta_scan,1.5,55.0,15,0.5,0.61,,0.585,0.008717216544237072,-1.0,-1.0,0.0,-1.0,-1.0,0.0
theta_scan,1.5,55.0,15,0.5,0.62,,0.5700000000000001,0.007683419956295734,-1.0,-1.0,0.0,-1.0,-1.0,0.0
theta_scan,1.5,55.0,15,0.5,0.63,,0.5549999999999999,0.0067404720560058085,-1.0,-1.0,0.0,-1.0,-1.0,0.0
theta_scan,1.5,55.0,15,0.5,0.64,,0.54,0.00588420553215574,-1.0,-1.0,0.0,-1.0,-1.0,0.0
theta_scan,1.5,55.0,15,0.5,0.65,,0.5249999999999999,0.005111551435344364,-1.0,-1.0,0.0,-1.0,-1.0,0.0
theta_scan,1.5,55.0,15,0.5,0.66,,0.51,0.004416565381565873,-1.0,-1.0,0.0,-1.0,-1.0,0.0
theta_scan,1.5,55.0,15,0.5,0.67,,0.49499999999999994,0.003794333889553858,-1.0,-1.0,0.0,-1.0,-1.0,0.0
theta_scan,1.5,55.0,15,0.5,0.68,,0.4799999999999999,0.003240185875334922,-1.0,-1.0,0.0,-1.0,-1.0,0.0
theta_scan,1.5,55.0,15,0.5,0.6900000000000001,,0.4649999999999999,0.0027494100965866908,-1.0,-1.0,0.0,-1.0,-1.0,0.0
theta_scan,1.5,55.0,15,0.5,0.7000000000000001,,0.4499999999999999,0.0023172957724528764,-1.0,-1.0,0.0,-1.0,-1.0,0.0
theta_scan,1.5,55.0,15,0.5,0.71,,0.43500000000000005,0.0019397300214116786,-1.0,-1.0,0.0,-1.0,-1.0,0.0
theta_scan,1.5,55.0,15,0.5,0.72,,0.42000000000000004,0.0016113852131524053,-1.0,-1.0,0.0,-1.0,-1.0,0.0
theta_scan,1.5,55.0,15,0.5,0.73,,0.405,0.0013277938219795615,-1.0,-1.0,0.0,-1.0,-1.0,0.0
theta_scan,1.5,55.0,15,0.5,0.74,,0.39,0.001084648814451472,-1.0,-1.0,0.0,-1.0,-1.0,0.0
theta_scan,1.5,55.0,15,0.5,0.75,,0.375,0.0008778081169845686,-1.0,-1.0,0.0,-1.0,-1.0,0.0
theta_scan,1.5,55.0,15,0.5,0.76,,0.36,0.000703319236709854,-1.0,-1.0,0.0,-1.0,-1.0,0.0
theta_scan,1.5,55.0,15,0.5,0.77,,0.345,0.0005575343110445496,-1.0,-1.0,0.0,-1.0,-1.0,0.0
theta_scan,1.5,55.0,15,0.5,0.78,,0.32999999999999996,0.00043685192501030645,-1.0,-1.0,0.0,-1.0,-1.0,0.0
theta_scan,1.5,55.0,15,0.5,0.79,,0.31499999999999995,0.0003379395470702873,-1.0,-1.0,0.0,-1.0,-1.0,0.0
theta_scan,1.5,55.0,15,0.5,0.8,,0.29999999999999993,0.0002577897864043388,-1.0,-1.0,0.0,-1.0,-1.0,0.0
theta_scan,1.5,55.0,15,0.5,0.81,,0.2849999999999999,0.0001936480756450365,-1.0,-1.0,0.0,-1.0,-1.0,0.0
theta_scan,1.5,55.0,15,0.5,0.8200000000000001,,0.2699999999999999,0.00014301507270175762,-1.0,-1.0,0.0,-1.0,-1.0,0.0
theta_scan,1.5,55.0,15,0.5,0.8300000000000001,,0.2549999999999999,0.00010364559774755921,-1.0,-1.0,0.0,-1.0,-1.0,0.0
theta_scan,1.5,55.0,15,0.5,0.84,,0.24000000000000005,7.355498295358309e-05,-1.0,-1.0,0.0,-1.0,-1.0,0.0
theta_scan,1.5,55.0,15,0.5,0.85,,0.22500000000000003,5.097881240390123e-05,-1.0,-1.0,0.0,-1.0,-1.0,0.0
theta_scan,1.5,55.0,15,0.5,0.86,,0.21000000000000002,3.439002361960153e-05,-1.0,-1.0,0.0,-1.0,-1.0,0.0
theta_scan,1.5,55.0,15,0.5,0.87,,0.195,2.2491813773894975e-05,-1.0,-1.0,0.0,-1.0,-1.0,0.0
theta_scan,1.5,55.0,15,0.5,0.88,,0.18,1.4191743702762771e-05,-1.0,-1.0,0.0,-1.0,-1.0,0.0
theta_scan,1.5,55.0,15,0.5,0.89,,0.16499999999999998,8.585742783839834e-06,-1.0,-1.0,0.0,-1.0,-1.0,0.0
theta_scan,1.5,55.0,15,0.5,0.9,,0.14999999999999997,4.940722810986564e-06,-1.0,-1.0,0.0,-1.0,-1.0,0.0
theta_scan,1.5,55.0,15,0.5,0.91,,0.13499999999999995,2.676178897376147e-06,-1.0,-1.0,0.0,-1.0,-1.0,0.0
theta_scan,1.5,55.0,15,0.5,0.92,,0.11999999999999994,1.3453838821897435e-06,-1.0,-1.0,0.0,-1.0,-1.0,0.0
theta_scan,1.5,55.0,15,0.5,0.93,,0.10499999999999993,6.152951613769275e-07,-1.0,-1.0,0.0,-1.0,-1.0,0.0
theta_scan,1.5,55.0,15,0.5,0.9400000000000001,,0.08999999999999991,2.486041359439639e-07,-1.0,-1.0,0.0,-1.0,-1.0,0.0
theta_scan,1.5,55.0,15,0.5,0.95,,0.07500000000000007,8.481029223350589e-08,-1.0,-1.0,0.0,-1.0,-1.0,0.0
theta_scan,2.5,55.0,15,0.5,0.0,,2.5,0.42897544204568283,87.0,238.0,152.0,98.0,232.0,135.0
theta_scan,2.5,55.0,15,0.5,0.01,,2.475,0.42537769832095196,87.0,237.0,151.0,98.0,231.0,134.0
theta_scan,2.5,55.0,15,0.5,0.02,,2.45,0.42172880854770844,88.0,237.0,150.0,99.0,231.0,133.0
theta_scan,2.5,55.0,15,0.5,0.03,,2.425,0.4180167557930229,88.0,237.0,150.0,99.0,231.0,133.0
theta_scan,2.5,55.0,15,0.5,0.04,,2.4,0.41423993993590136,89.0,236.0,148.0,100.0,230.0,131.0
theta_scan,2.5,55.0,15,0.5,0.05,,2.375,0.41039671977881764,89.0,236.0,148.0,100.0,230.0,131.0
theta_scan,2.5,55.0,15,0.5,0.06,,2.3499999999999996,0.4064854131748631,89.0,235.0,147.0,100.0,229.0,130.0
theta_scan,2.5,55.0,15,0.5,0.07,,2.3249999999999997,0.40250429737834736,90.0,235.0,146.0,101.0,229.0,129.0
theta_scan,2.5,55.0,15,0.5,0.08,,2.3000000000000003,0.39846197308488174,90.0,235.0,146.0,101.0,228.0,128.0
theta_scan,2.5,55.0,15,0.5,0.09,,2.275,0.39435846210450876,90.0,234.0,145.0,102.0,228.0,127.0
theta_scan,2.5,55.0,15,0.5,0.1,,2.25,0.3901805424609388,91.0,234.0,144.0,102.0,227.0,126.0
theta_scan,2.5,55.0,15,0.5,0.11,,2.225,0.3859263614119064,91.0,233.0,143.0,103.0,227.0,125.0
theta_scan,2.5,55.0,15,0.5,0.12,,2.2,0.38159403186036156,92.0,233.0,142.0,103.0,226.0,124.0
theta_scan,2.5,55.0,15,0.5,0.13,,2.175,0.37718163482749123,92.0,232.0,141.0,104.0,226.0,123.0
theta_scan,2.5,55.0,15,0.5,0.14,,2.15,0.3726950453516389,93.0,232.0,140.0,104.0,225.0,122.0
theta_scan,2.5,55.0,15,0.5,0.15,,2.125,0.36814283990902275,93.0,232.0,140.0,105.0,225.0,121.0
theta_scan,2.5,55.0,15,0.5,0.16,,2.1,0.3635055716311829,94.0,231.0,138.0,105.0,224.0,120.0
theta_scan,2.5,55.0,15,0.5,0.17,,2.0749999999999997,0.3587812513945975,94.0,231.0,138.0,106.0,224.0,119.0
theta_scan,2.5,55.0,15,0.5,0.18,,2.0500000000000003,0.35396787942197416,95.0,230.0,136.0,106.0,223.0,118.0
theta_scan,2.5,55.0,15,0.5,0.19,,2.0250000000000004,0.34906345228059865,95.0,230.0,136.0,107.0,223.0,117.0
theta_scan,2.5,55.0,15,0.5,0.2,,2.0,0.3440886436171734,95.0,229.0,135.0,107.0,222.0,116.0
theta_scan,2.5,55.0,15,0.5,0.21,,1.975,0.33902658687508114,96.0,229.0,134.0,108.0,221.0,114.0
theta_scan,2.5,55.0,15,0.5,0.22,,1.9500000000000002,0.3338685399778256,97.0,228.0,132.0,109.0,221.0,113.0
theta_scan,2.5,55.0,15,0.5,0.23,,1.925,0.3286125890433642,97.0,227.0,131.0,109.0,220.0,112.0
theta_scan,2.5,55.0,15,0.5,0.24,,1.9,0.3232568683990278,98.0,227.0,130.0,110.0,220.0,111.0
theta_scan,2.5,55.0,15,0.5,0.25,,1.875,0.31782407002959157,98.0,226.0,129.0,111.0,219.0,109.0
theta_scan,2.5,55.0,15,0.5,0.26,,1.85,0.31229764320308995,99.0,226.0,128.0,111.0,218.0,108.0
theta_scan,2.5,55.0,15,0.5,0.27,,1.825,0.3066673398671057,99.0,225.0,127.0,112.0,218.0,107.0
theta_scan,2.5,55.0,15,0.5,0.28,,1.7999999999999998,0.30093165795804877,100.0,225.0,126.0,113.0,217.0,105.0
theta_scan,2.5,55.0,15,0.5,0.29,,1.775,0.2950937836001396,101.0,224.0,124.0,113.0,216.0,104.0
theta_scan,2.5,55.0,15,0.5,0.3,,1.75,0.28918042862450033,101.0,223.0,123.0,114.0,215.0,102.0
theta_scan,2.5,55.0,15,0.5,0.31,,1.7249999999999999,0.2831591685189351,102.0,223.0,122.0,115.0,215.0,101.0
theta_scan,2.5,55.0,15,0.5,0.32,,1.6999999999999997,0.27702922990461043,102.0,222.0,121.0,116.0,214.0,99.0
theta_scan,2.5,55.0,15,0.5,0.33,,1.6749999999999998,0.27079010985975727,103.0,221.0,119.0,116.0,213.0,98.0
theta_scan,2.5,55.0,15,0.5,0.34,,1.65,0.26447586992369065,104.0,221.0,118.0,117.0,212.0,96.0
theta_scan,2.5,55.0,15,0.5,0.35000000000000003,,1.6249999999999998,0.2580588328577479,104.0,220.0,117.0,118.0,211.0,94.0
theta_scan,2.5,55.0,15,0.5,0.36,,1.6,0.25153396552074425,105.0,219.0,115.0,119.0,210.0,92.0
theta_scan,2.5,55.0,15,0.5,0.37,,1.575,0.2449022276608137,106.0,218.0,113.0,120.0,210.0,91.0
theta_scan,2.5,55.0,15,0.5,0.38,,1.55,0.2382024741927542,107.0,218.0,112.0,121.0,209.0,89.0
theta_scan,2.5,55.0,15,0.5,0.39,,1.525,0.2314049156379141,108.0,217.0,110.0,122.0,208.0,87.0
theta_scan,2.5,55.0,15,0.5,0.4,,1.5,0.22450718676904358,108.0,216.0,109.0,123.0,207.0,85.0
theta_scan,2.5,55.0,15,0.5,0.41000000000000003,,1.4749999999999999,0.21751900222202925,109.0,215.0,107.0,124.0,205.0,82.0
theta_scan,2.5,55.0,15,0.5,0.42,,1.4500000000000002,0.21047565728432316,110.0,214.0,105.0,125.0,204.0,80.0
theta_scan,2.5,55.0,15,0.5,0.43,,1.4250000000000003,0.20334453616629988,111.0,213.0,103.0,126.0,203.0,78.0
theta_scan,2.5,55.0,15,0.5,0.44,,1.4000000000000001,0.19613128731643326,112.0,212.0,101.0,127.0,202.0,76.0
theta_scan,2.5,55.0,15,0.5,0.45,,1.375,0.18886999774550317,113.0,211.0,99.0,129.0,201.0,73.0
theta_scan,2.5,55.0,15,0.5,0.46,,1.35,0.181558185005937,114.0,210.0,97.0,130.0,199.0,70.0
theta_scan,2.5,55.0,15,0.5,0.47000000000000003,,1.3250000000000002,0.1741870270596929,115.0,209.0,95.0,131.0,198.0,68.0
theta_scan,2.5,55.0,15,0.5,0.48,,1.3,0.1667772345568601,116.0,208.0,93.0,133.0,196.0,64.0
theta_scan,2.5,55.0,15,0.5,0.49,,1.275,0.1593625122914839,117.0,207.0,91.0,135.0,194.0,60.0
theta_scan,2.5,55.0,15,0.5,0.5,,1.25,0.15192087981211366,118.0,206.0,89.0,136.0,193.0,58.0
theta_scan,2.5,55.0,15,0.5,0.51,,1.225,0.1444662916328584,120.0,204.0,85.0,138.0,191.0,54.0
theta_scan,2.5,55.0,15,0.5,0.52,,1.2,0.13705579431795922,121.0,203.0,83.0,141.0,189.0,49.0
theta_scan,2.5,55.0,15,0.5,0.53,,1.1749999999999998,0.12966156216669633,122.0,202.0,81.0,143.0,186.0,44.0
theta_scan,2.5,55.0,15,0.5,0.54,,1.15,0.12230101826963613,124.0,200.0,77.0,146.0,183.0,38.0
theta_scan,2.5,55.0,15,0.5,0.55,,1.125,0.11502839533227527,125.0,199.0,75.0,149.0,180.0,32.0
theta_scan,2.5,55.0,15,0.5,0.56,,1.0999999999999999,0.10783059324197719,127.0,197.0,71.0,153.0,176.0,24.0
theta_scan,2.5,55.0,15,0.5,0.5700000000000001,,1.0749999999999997,0.1007236059556158,129.0,195.0,67.0,161.0,168.0,8.0
theta_scan,2.5,55.0,15,0.5,0.58,,1.05,0.09375964299085626,131.0,193.0,63.0,-1.0,-1.0,0.0
theta_scan,2.5,55.0,15,0.5,0.59,,1.0250000000000001,0.08693374262550391,133.0,191.0,59.0,-1.0,-1.0,0.0
theta_scan,2.5,55.0,15,0.5,0.6,,1.0,0.08026265167019886,135.0,189.0,55.0,-1.0,-1.0,0.0
theta_scan,2.5,55.0,15,0.5,0.61,,0.9750000000000001,0.0737960346655141,138.0,186.0,49.0,-1.0,-1.0,0.0
theta_scan,2.5,55.0,15,0.5,0.62,,0.95,0.06753139507198225,141.0,183.0,43.0,-1.0,-1.0,0.0
theta_scan,2.5,55.0,15,0.5,0.63,,0.925,0.06148615549075109,145.0,179.0,35.0,-1.0,-1.0,0.0
theta_scan,2.5,55.0,15,0.5,0.64,,0.8999999999999999,0.05570460763730267,150.0,174.0,25.0,-1.0,-1.0,0.0
theta_scan,2.5,55.0,15,0.5,0.65,,0.875,0.050182978115027255,160.0,164.0,5.0,-1.0,-1.0,0.0
theta_scan,2.5,55.0,15,0.5,0.66,,0.8499999999999999,0.044936846314797,-1.0,-1.0,0.0,-1.0,-1.0,0.0
theta_scan,2.5,55.0,15,0.5,0.67,,0.825,0.04000092958932022,-1.0,-1.0,0.0,-1.0,-1.0,0.0
theta_scan,2.5,55.0,15,0.5,0.68,,0.7999999999999998,0.03536799019454384,-1.0,-1.0,0.0,-1.0,-1.0,0.0
theta_scan,2.5,55.0,15,0.5,0.6900000000000001,,0.7749999999999999,0.031047874052571034,-1.0,-1.0,0.0,-1.0,-1.0,0.0
theta_scan,2.5,55.0,15,0.5,0.7000000000000001,,0.7499999999999998,0.027061780253515133,-1.0,-1.0,0.0,-1.0,-1.0,0.0
theta_scan,2.5,55.0,15,0.5,0.71,,0.7250000000000001,0.023397990548490122,-1.0,-1.0,0.0,-1.0,-1.0,0.0
theta_scan,2.5,55.0,15,0.5,0.72,,0.7000000000000001,0.020057132271362077,-1.0,-1.0,0.0,-1.0,-1.0,0.0
theta_scan,2.5,55.0,15,0.5,0.73,,0.675,0.01704501227245947,-1.0,-1.0,0.0,-1.0,-1.0,0.0
theta_scan,2.5,55.0,15,0.5,0.74,,0.65,0.014345393642069548,-1.0,-1.0,0.0,-1.0,-1.0,0.0
theta_scan,2.5,55.0,15,0.5,0.75,,0.625,0.011948399682724986,-1.0,-1.0,0.0,-1.0,-1.0,0.0
theta_scan,2.5,55.0,15,0.5,0.76,,0.6,0.009845784395708379,-1.0,-1.0,0.0,-1.0,-1.0,0.0
theta_scan,2.5,55.0,15,0.5,0.77,,0.575,0.00801772539873924,-1.0,-1.0,0.0,-1.0,-1.0,0.0
theta_scan,2.5,55.0,15,0.5,0.78,,0.5499999999999999,0.006445630693214577,-1.0,-1.0,0.0,-1.0,-1.0,0.0
theta_scan,2.5,55.0,15,0.5,0.79,,0.5249999999999999,0.005111551435344364,-1.0,-1.0,0.0,-1.0,-1.0,0.0
theta_scan,2.5,55.0,15,0.5,0.8,,0.4999999999999999,0.003993947662084052,-1.0,-1.0,0.0,-1.0,-1.0,0.0
theta_scan,2.5,55.0,15,0.5,0.81,,0.47499999999999987,0.0030697856127658296,-1.0,-1.0,0.0,-1.0,-1.0,0.0
theta_scan,2.5,55.0,15,0.5,0.8200000000000001,,0.44999999999999984,0.0023172957724528764,-1.0,-1.0,0.0,-1.0,-1.0,0.0
theta_scan,2.5,55.0,15,0.5,0.8300000000000001,,0.4249999999999998,0.0017156439577822313,-1.0,-1.0,0.0,-1.0,-1.0,0.0
theta_scan,2.5,55.0,15,0.5,0.84,,0.4000000000000001,0.0012424596363612705,-1.0,-1.0,0.0,-1.0,-1.0,0.0
theta_scan,2.5,55.0,15,0.5,0.85,,0.37500000000000006,0.0008778081169845686,-1.0,-1.0,0.0,-1.0,-1.0,0.0
theta_scan,2.5,55.0,15,0.5,0.86,,0.35000000000000003,0.0006031550620355652,-1.0,-1.0,0.0,-1.0,-1.0,0.0
theta_scan,2.5,55.0,15,0.5,0.87,,0.325,0.00040161590742826547,-1.0,-1.0,0.0,-1.0,-1.0,0.0
theta_scan,2.5,55.0,15,0.5,0.88,,0.3,0.0002577897864043388,-1.0,-1.0,0.0,-1.0,-1.0,0.0
theta_scan,2.5,55.0,15,0.5,0.89,,0.27499999999999997,0.00015853555982792145,-1.0,-1.0,0.0,-1.0,-1.0,0.0
theta_scan,2.5,55.0,15,0.5,0.9,,0.24999999999999994,9.267350134167796e-05,-1.0,-1.0,0.0,-1.0,-1.0,0.0
theta_scan,2.5,55.0,15,0.5,0.91,,0.22499999999999992,5.097881240390123e-05,-1.0,-1.0,0.0,-1.0,-1.0,0.0
theta_scan,2.5,55.0,15,0.5,0.92,,0.1999999999999999,2.6008178976355545e-05,-1.0,-1.0,0.0,-1.0,-1.0,0.0
theta_scan,2.5,55.0,15,0.5,0.93,,0.17499999999999988,1.2063282626262328e-05,-1.0,-1.0,0.0,-1.0,-1.0,0.0
theta_scan,2.5,55.0,15,0.5,0.9400000000000001,,0.14999999999999986,4.940722810986564e-06,-1.0,-1.0,0.0,-1.0,-1.0,0.0
theta_scan,2.5,55.0,15,0.5,0.95,,0.1250000000000001,1.7079285199450567e-06,-1.0,-1.0,0.0,-1.0,-1.0,0.0
theta_scan,4.0,55.0,15,0.5,0.0,,4.0,0.5726001124507125,72.0,253.0,182.0,81.0,249.0,169.0
theta_scan,4.0,55.0,15,0.5,0.01,,3.96,0.569993739761868,72.0,253.0,182.0,82.0,248.0,167.0
theta_scan,4.0,55.0,15,0.5,0.02,,3.92,0.5673464846906416,72.0,253.0,182.0,82.0,248.0,167.0
theta_scan,4.0,55.0,15,0.5,0.03,,3.88,0.5646549860548238,73.0,253.0,181.0,82.0,248.0,167.0
theta_scan,4.0,55.0,15,0.5,0.04,,3.84,0.561915110159769,73.0,252.0,180.0,83.0,247.0,165.0
theta_scan,4.0,55.0,15,0.5,0.05,,3.8,0.5591254211224501,73.0,252.0,180.0,83.0,247.0,165.0
theta_scan,4.0,55.0,15,0.5,0.06,,3.76,0.556284424211656,74.0,252.0,179.0,83.0,247.0,165.0
theta_scan,4.0,55.0,15,0.5,0.07,,3.7199999999999998,0.5533905628435744,74.0,251.0,178.0,84.0,246.0,163.0
theta_scan,4.0,55.0,15,0.5,0.08,,3.68,0.5504422154016757,74.0,251.0,178.0,84.0,246.0,163.0
theta_scan,4.0,55.0,15,0.5,0.09,,3.64,0.5474376918703041,75.0,251.0,177.0,84.0,246.0,163.0
theta_scan,4.0,55.0,15,0.5,0.1,,3.6,0.5443752302708684,75.0,250.0,176.0,85.0,245.0,161.0
theta_scan,4.0,55.0,15,0.5,0.11,,3.56,0.5412529928890433,75.0,250.0,176.0,85.0,245.0,161.0
theta_scan,4.0,55.0,15,0.5,0.12,,3.52,0.53807028085604,76.0,249.0,174.0,85.0,244.0,160.0
theta_scan,4.0,55.0,15,0.5,0.13,,3.48,0.5348339480605495,76.0,249.0,174.0,86.0,244.0,159.0
theta_scan,4.0,55.0,15,0.5,0.14,,3.44,0.5315323508027918,76.0,249.0,174.0,86.0,244.0,159.0
theta_scan,4.0,55.0,15,0.5,0.15,,3.4,0.5281633336515354,77.0,248.0,172.0,87.0,243.0,157.0
theta_scan,4.0,55.0,15,0.5,0.16,,3.36,0.5247246446430553,77.0,248.0,172.0,87.0,243.0,157.0
theta_scan,4.0,55.0,15,0.5,0.17,,3.32,0.521213930088625,77.0,248.0,172.0,87.0,242.0,156.0
theta_scan,4.0,55.0,15,0.5,0.18,,3.2800000000000002,0.5176287290879329,78.0,247.0,170.0,88.0,242.0,155.0
theta_scan,4.0,55.0,15,0.5,0.19,,3.24,0.5139664677358289,78.0,247.0,170.0,88.0,242.0,155.0
theta_scan,4.0,55.0,15,0.5,0.2,,3.2,0.5102244530105413,79.0,246.0,168.0,89.0,241.0,153.0
theta_scan,4.0,55.0,15,0.5,0.21,,3.16,0.5064110767193923,79.0,246.0,168.0,89.0,241.0,153.0
theta_scan,4.0,55.0,15,0.5,0.22,,3.12,0.5025166477800769,79.0,246.0,168.0,90.0,240.0,151.0
theta_scan,4.0,55.0,15,0.5,0.23,,3.08,0.4985343948477362,80.0,245.0,166.0,90.0,240.0,151.0
theta_scan,4.0,55.0,15,0.5,0.24,,3.04,0.4944611248746301,80.0,245.0,166.0,91.0,239.0,149.0
theta_scan,4.0,55.0,15,0.5,0.25,,3.0,0.49029349265771205,81.0,244.0,164.0,91.0,239.0,149.0
theta_scan,4.0,55.0,15,0.5,0.26,,2.96,0.4860279927991401,81.0,244.0,164.0,91.0,238.0,148.0
theta_scan,4.0,55.0,15,0.5,0.27,,2.92,0.4816609513336422,82.0,243.0,162.0,92.0,238.0,147.0
theta_scan,4.0,55.0,15,0.5,0.28,,2.88,0.477205762077508,82.0,243.0,162.0,92.0,237.0,146.0
theta_scan,4.0,55.0,15,0.5,0.29,,2.84,0.47264440436607125,83.0,242.0,160.0,93.0,237.0,145.0
theta_scan,4.0,55.0,15,0.5,0.3,,2.8,0.46797048353538007,83.0,242.0,160.0,94.0,236.0,143.0
theta_scan,4.0,55.0,15,0.5,0.31,,2.76,0.46317962466376106,84.0,241.0,158.0,94.0,236.0,143.0
theta_scan,4.0,55.0,15,0.5,0.32,,2.7199999999999998,0.4582672417862108,84.0,241.0,158.0,95.0,235.0,141.0
theta_scan,4.0,55.0,15,0.5,0.33,,2.6799999999999997,0.4532310540773623,85.0,240.0,156.0,95.0,235.0,141.0
theta_scan,4.0,55.0,15,0.5,0.34,,2.6399999999999997,0.44808570060237507,85.0,240.0,156.0,96.0,234.0,139.0
theta_scan,4.0,55.0,15,0.5,0.35000000000000003,,2.5999999999999996,0.44280508821478604,86.0,239.0,154.0,96.0,233.0,138.0
theta_scan,4.0,55.0,15,0.5,0.36,,2.56,0.4373837716608123,86.0,239.0,154.0,97.0,233.0,137.0
theta_scan,4.0,55.0,15,0.5,0.37,,2.52,0.4318160532643496,87.0,238.0,152.0,98.0,232.0,135.0
theta_scan,4.0,55.0,15,0.5,0.38,,2.48,0.4261000346391265,87.0,237.0,151.0,98.0,231.0,134.0
theta_scan,4.0,55.0,15,0.5,0.39,,2.44,0.4202516556901943,88.0,237.0,150.0,99.0,231.0,133.0
theta_scan,4.0,55.0,15,0.5,0.4,,2.4,0.41423993993590136,89.0,236.0,148.0,100.0,230.0,131.0
theta_scan,4.0,55.0,15,0.5,0.41000000000000003,,2.36,0.40805821554218935,89.0,236.0,148.0,100.0,229.0,130.0
theta_scan,4.0,55.0,15,0.5,0.42,,2.3200000000000003,0.40169954268999997,90.0,235.0,146.0,101.0,229.0,129.0
theta_scan,4.0,55.0,15,0.5,0.43,,2.2800000000000002,0.39518505833426965,90.0,234.0,145.0,102.0,228.0,127.0
theta_scan,4.0,55.0,15,0.5,0.44,,2.24,0.3884881263419506,91.0,234.0,144.0,102.0,227.0,126.0
theta_scan,4.0,55.0,15,0.5,0.45,,2.2,0.38159403186036167,92.0,233.0,142.0,103.0,226.0,124.0
theta_scan,4.0,55.0,15,0.5,0.46,,2.16,0.37449495502108043,92.0,232.0,141.0,104.0,226.0,123.0
theta_scan,4.0,55.0,15,0.5,0.47000000000000003,,2.12,0.36722225472792847,93.0,231.0,139.0,105.0,225.0,121.0
theta_scan,4.0,55.0,15,0.5,0.48,,2.08,0.3597331754876403,94.0,231.0,138.0,106.0,224.0,119.0
theta_scan,4.0,55.0,15,0.5,0.49,,2.04,0.35201714732157385,95.0,230.0,136.0,107.0,223.0,117.0
theta_scan,4.0,55.0,15,0.5,0.5,,2.0,0.3440886436171734,95.0,229.0,135.0,107.0,222.0,116.0
theta_scan,4.0,55.0,15,0.5,0.51,,1.96,0.33594340096498876,96.0,228.0,133.0,108.0,221.0,114.0
theta_scan,4.0,55.0,15,0.5,0.52,,1.92,0.3275494851719599,97.0,227.0,131.0,109.0,220.0,112.0
theta_scan,4.0,55.0,15,0.5,0.53,,1.88,0.31891703109585456,98.0,226.0,129.0,110.0,219.0,110.0
theta_scan,4.0,55.0,15,0.5,0.54,,1.8399999999999999,0.3100580741092509,99.0,226.0,128.0,111.0,218.0,108.0
theta_scan,4.0,55.0,15,0.5,0.55,,1.7999999999999998,0.30093165795804877,100.0,225.0,126.0,113.0,217.0,105.0
theta_scan,4.0,55.0,15,0.5,0.56,,1.7599999999999998,0.291558667740349,101.0,224.0,124.0,114.0,216.0,103.0
theta_scan,4.0,55.0,15,0.5,0.5700000000000001,,1.7199999999999998,0.2819418953233077,102.0,223.0,122.0,115.0,215.0,101.0
theta_scan,4.0,55.0,15,0.5,0.58,,1.6800000000000002,0.2720466823651365,103.0,221.0,119.0,116.0,213.0,98.0
theta_scan,4.0,55.0,15,0.5,0.59,,1.6400000000000001,0.2619220366244299,104.0,220.0,117.0,118.0,212.0,95.0
theta_scan,4.0,55.0,15,0.5,0.6,,1.6,0.25153396552074425,105.0,219.0,115.0,119.0,210.0,92.0
theta_scan,4.0,55.0,15,0.5,0.61,,1.56,0.24089285264553195,106.0,218.0,113.0,120.0,209.0,90.0
theta_scan,4.0,55.0,15,0.5,0.62,,1.52,0.23003328941460255,108.0,217.0,110.0,122.0,207.0,86.0
theta_scan,4.0,55.0,15,0.5,0.63,,1.48,0.21891905330511996,109.0,215.0,107.0,124.0,206.0,83.0
theta_scan,4.0,55.0,15,0.5,0.64,,1.44,0.20763344712217902,110.0,214.0,105.0,125.0,204.0,80.0
theta_scan,4.0,55.0,15,0.5,0.65,,1.4,0.19613128731643314,112.0,212.0,101.0,127.0,202.0,76.0
theta_scan,4.0,55.0,15,0.5,0.66,,1.3599999999999999,0.18449054213580496,113.0,211.0,99.0,129.0,200.0,72.0
theta_scan,4.0,55.0,15,0.5,0.67,,1.3199999999999998,0.1727065197365567,115.0,209.0,95.0,132.0,197.0,66.0
theta_scan,4.0,55.0,15,0.5,0.68,,1.2799999999999998,0.16084801926432446,117.0,207.0,91.0,134.0,195.0,62.0
theta_scan,4.0,55.0,15,0.5,0.6900000000000001,,1.2399999999999998,0.14893968392008727,119.0,205.0,87.0,137.0,192.0,56.0
theta_scan,4.0,55.0,15,0.5,0.7000000000000001,,1.1999999999999997,0.13705579431795922,121.0,203.0,83.0,141.0,189.0,49.0
theta_scan,4.0,55.0,15,0.5,0.71,,1.1600000000000001,0.1252400217267381,123.0,201.0,79.0,145.0,185.0,41.0
theta_scan,4.0,55.0,15,0.5,0.72,,1.12,0.1135825838405653,126.0,198.0,73.0,150.0,179.0,30.0
theta_scan,4.0,55.0,15,0.5,0.73,,1.08,0.10213670519299978,129.0,195.0,67.0,159.0,170.0,12.0
theta_scan,4.0,55.0,15,0.5,0.74,,1.04,0.09101217289823404,132.0,192.0,61.0,-1.0,-1.0,0.0
theta_scan,4.0,55.0,15,0.5,0.75,,1.0,0.08026265167019875,135.0,189.0,55.0,-1.0,-1.0,0.0
theta_scan,4.0,55.0,15,0.5,0.76,,0.96,0.07001215587417442,140.0,184.0,45.0,-1.0,-1.0,0.0
theta_scan,4.0,55.0,15,0.5,0.77,,0.9199999999999999,0.060307962104679924,146.0,178.0,33.0,-1.0,-1.0,0.0
theta_scan,4.0,55.0,15,0.5,0.78,,0.8799999999999999,0.051265825658131536,156.0,167.0,12.0,-1.0,-1.0,0.0
theta_scan,4.0,55.0,15,0.5,0.79,,0.8399999999999999,0.04292638322338105,-1.0,-1.0,0.0,-1.0,-1.0,0.0
theta_scan,4.0,55.0,15,0.5,0.8,,0.7999999999999998,0.03536799019454384,-1.0,-1.0,0.0,-1.0,-1.0,0.0
theta_scan,4.0,55.0,15,0.5,0.81,,0.7599999999999998,0.028617580505637008,-1.0,-1.0,0.0,-1.0,-1.0,0.0
theta_scan,4.0,55.0,15,0.5,0.8200000000000001,,0.7199999999999998,0.02270401112490117,-1.0,-1.0,0.0,-1.0,-1.0,0.0
theta_scan,4.0,55.0,15,0.5,0.8300000000000001,,0.6799999999999997,0.01762211356864707,-1.0,-1.0,0.0,-1.0,-1.0,0.0
theta_scan,4.0,55.0,15,0.5,0.84,,0.6400000000000001,0.01335090267872574,-1.0,-1.0,0.0,-1.0,-1.0,0.0
theta_scan,4.0,55.0,15,0.5,0.85,,0.6000000000000001,0.009845784395708379,-1.0,-1.0,0.0,-1.0,-1.0,0.0
theta_scan,4.0,55.0,15,0.5,0.86,,0.56,0.007044946366031257,-1.0,-1.0,0.0,-1.0,-1.0,0.0
theta_scan,4.0,55.0,15,0.5,0.87,,0.52,0.004871520144376751,-1.0,-1.0,0.0,-1.0,-1.0,0.0
theta_scan,4.0,55.0,15,0.5,0.88,,0.48,0.003240185875334922,-1.0,-1.0,0.0,-1.0,-1.0,0.0
theta_scan,4.0,55.0,15,0.5,0.89,,0.43999999999999995,0.0020598882163836985,-1.0,-1.0,0.0,-1.0,-1.0,0.0
theta_scan,4.0,55.0,15,0.5,0.9,,0.3999999999999999,0.0012424596363612705,-1.0,-1.0,0.0,-1.0,-1.0,0.0
theta_scan,4.0,55.0,15,0.5,0.91,,0.3599999999999999,0.000703319236709854,-1.0,-1.0,0.0,-1.0,-1.0,0.0
theta_scan,4.0,55.0,15,0.5,0.92,,0.31999999999999984,0.0003686822513159216,-1.0,-1.0,0.0,-1.0,-1.0,0.0
theta_scan,4.0,55.0,15,0.5,0.93,,0.2799999999999998,0.0001753855151783723,-1.0,-1.0,0.0,-1.0,-1.0,0.0
theta_scan,4.0,55.0,15,0.5,0.9400000000000001,,0.23999999999999977,7.355498295358309e-05,-1.0,-1.0,0.0,-1.0,-1.0,0.0
theta_scan,4.0,55.0,15,0.5,0.95,,0.20000000000000018,2.6008178976355545e-05,-1.0,-1.0,0.0,-1.0,-1.0,0.0
